clip_id,audio_path,class_id,class_label,fold,hierarchy
135776-2-0-49,/tmp\sound_datasets\urbansound8k\audio/fold1/135776-2-0-49.wav,2,children_playing,1,"[0, 0, 2]"
46654-6-0-0,/tmp\sound_datasets\urbansound8k\audio/fold1/46654-6-0-0.wav,6,gun_shot,1,"[2, 6, 6]"
57320-0-0-24,/tmp\sound_datasets\urbansound8k\audio/fold1/57320-0-0-24.wav,0,air_conditioner,1,"[2, 5, 0]"
134717-0-0-26,/tmp\sound_datasets\urbansound8k\audio/fold1/134717-0-0-26.wav,0,air_conditioner,1,"[2, 5, 0]"
174276-7-5-0,/tmp\sound_datasets\urbansound8k\audio/fold1/174276-7-5-0.wav,7,jackhammer,1,"[2, 4, 7]"
180937-7-2-6,/tmp\sound_datasets\urbansound8k\audio/fold1/180937-7-2-6.wav,7,jackhammer,1,"[2, 4, 7]"
17913-4-0-1,/tmp\sound_datasets\urbansound8k\audio/fold1/17913-4-0-1.wav,4,drilling,1,"[2, 4, 4]"
103074-7-4-6,/tmp\sound_datasets\urbansound8k\audio/fold1/103074-7-4-6.wav,7,jackhammer,1,"[2, 4, 7]"
176787-5-0-9,/tmp\sound_datasets\urbansound8k\audio/fold1/176787-5-0-9.wav,5,engine_idling,1,"[1, 2, 5]"
55020-4-0-11,/tmp\sound_datasets\urbansound8k\audio/fold1/55020-4-0-11.wav,4,drilling,1,"[2, 4, 4]"
138015-3-0-7,/tmp\sound_datasets\urbansound8k\audio/fold1/138015-3-0-7.wav,3,dog_bark,1,"[0, 1, 3]"
180937-7-0-4,/tmp\sound_datasets\urbansound8k\audio/fold1/180937-7-0-4.wav,7,jackhammer,1,"[2, 4, 7]"
180937-7-1-13,/tmp\sound_datasets\urbansound8k\audio/fold1/180937-7-1-13.wav,7,jackhammer,1,"[2, 4, 7]"
157867-8-0-10,/tmp\sound_datasets\urbansound8k\audio/fold1/157867-8-0-10.wav,8,siren,1,"[1, 3, 8]"
103074-7-2-0,/tmp\sound_datasets\urbansound8k\audio/fold1/103074-7-2-0.wav,7,jackhammer,1,"[2, 4, 7]"
113205-5-1-4,/tmp\sound_datasets\urbansound8k\audio/fold1/113205-5-1-4.wav,5,engine_idling,1,"[1, 2, 5]"
57584-4-0-8,/tmp\sound_datasets\urbansound8k\audio/fold1/57584-4-0-8.wav,4,drilling,1,"[2, 4, 4]"
118279-8-0-8,/tmp\sound_datasets\urbansound8k\audio/fold1/118279-8-0-8.wav,8,siren,1,"[1, 3, 8]"
137156-9-0-73,/tmp\sound_datasets\urbansound8k\audio/fold1/137156-9-0-73.wav,9,street_music,1,"[3, 7, 9]"
165645-4-1-0,/tmp\sound_datasets\urbansound8k\audio/fold1/165645-4-1-0.wav,4,drilling,1,"[2, 4, 4]"
182800-2-2-0,/tmp\sound_datasets\urbansound8k\audio/fold1/182800-2-2-0.wav,2,children_playing,1,"[0, 0, 2]"
103074-7-0-2,/tmp\sound_datasets\urbansound8k\audio/fold1/103074-7-0-2.wav,7,jackhammer,1,"[2, 4, 7]"
159738-8-0-1,/tmp\sound_datasets\urbansound8k\audio/fold1/159738-8-0-1.wav,8,siren,1,"[1, 3, 8]"
180937-7-4-0,/tmp\sound_datasets\urbansound8k\audio/fold1/180937-7-4-0.wav,7,jackhammer,1,"[2, 4, 7]"
164053-8-1-0,/tmp\sound_datasets\urbansound8k\audio/fold1/164053-8-1-0.wav,8,siren,1,"[1, 3, 8]"
159738-8-0-0,/tmp\sound_datasets\urbansound8k\audio/fold1/159738-8-0-0.wav,8,siren,1,"[1, 3, 8]"
132016-9-0-11,/tmp\sound_datasets\urbansound8k\audio/fold1/132016-9-0-11.wav,9,street_music,1,"[3, 7, 9]"
182800-2-2-1,/tmp\sound_datasets\urbansound8k\audio/fold1/182800-2-2-1.wav,2,children_playing,1,"[0, 0, 2]"
180937-7-3-17,/tmp\sound_datasets\urbansound8k\audio/fold1/180937-7-3-17.wav,7,jackhammer,1,"[2, 4, 7]"
125791-3-0-9,/tmp\sound_datasets\urbansound8k\audio/fold1/125791-3-0-9.wav,3,dog_bark,1,"[0, 1, 3]"
108041-9-0-9,/tmp\sound_datasets\urbansound8k\audio/fold1/108041-9-0-9.wav,9,street_music,1,"[3, 7, 9]"
197318-6-1-0,/tmp\sound_datasets\urbansound8k\audio/fold1/197318-6-1-0.wav,6,gun_shot,1,"[2, 6, 6]"
118279-8-0-9,/tmp\sound_datasets\urbansound8k\audio/fold1/118279-8-0-9.wav,8,siren,1,"[1, 3, 8]"
191431-9-0-8,/tmp\sound_datasets\urbansound8k\audio/fold1/191431-9-0-8.wav,9,street_music,1,"[3, 7, 9]"
139951-9-0-33,/tmp\sound_datasets\urbansound8k\audio/fold1/139951-9-0-33.wav,9,street_music,1,"[3, 7, 9]"
113205-5-1-5,/tmp\sound_datasets\urbansound8k\audio/fold1/113205-5-1-5.wav,5,engine_idling,1,"[1, 2, 5]"
180937-7-1-12,/tmp\sound_datasets\urbansound8k\audio/fold1/180937-7-1-12.wav,7,jackhammer,1,"[2, 4, 7]"
180937-7-0-5,/tmp\sound_datasets\urbansound8k\audio/fold1/180937-7-0-5.wav,7,jackhammer,1,"[2, 4, 7]"
157867-8-0-11,/tmp\sound_datasets\urbansound8k\audio/fold1/157867-8-0-11.wav,8,siren,1,"[1, 3, 8]"
99180-9-0-7,/tmp\sound_datasets\urbansound8k\audio/fold1/99180-9-0-7.wav,9,street_music,1,"[3, 7, 9]"
176787-5-0-8,/tmp\sound_datasets\urbansound8k\audio/fold1/176787-5-0-8.wav,5,engine_idling,1,"[1, 2, 5]"
55020-4-0-10,/tmp\sound_datasets\urbansound8k\audio/fold1/55020-4-0-10.wav,4,drilling,1,"[2, 4, 4]"
192124-2-0-0,/tmp\sound_datasets\urbansound8k\audio/fold1/192124-2-0-0.wav,2,children_playing,1,"[0, 0, 2]"
98223-7-1-0,/tmp\sound_datasets\urbansound8k\audio/fold1/98223-7-1-0.wav,7,jackhammer,1,"[2, 4, 7]"
17913-4-0-0,/tmp\sound_datasets\urbansound8k\audio/fold1/17913-4-0-0.wav,4,drilling,1,"[2, 4, 4]"
134717-0-0-27,/tmp\sound_datasets\urbansound8k\audio/fold1/134717-0-0-27.wav,0,air_conditioner,1,"[2, 5, 0]"
72261-3-0-23,/tmp\sound_datasets\urbansound8k\audio/fold1/72261-3-0-23.wav,3,dog_bark,1,"[0, 1, 3]"
180937-7-2-7,/tmp\sound_datasets\urbansound8k\audio/fold1/180937-7-2-7.wav,7,jackhammer,1,"[2, 4, 7]"
143651-2-0-0,/tmp\sound_datasets\urbansound8k\audio/fold1/143651-2-0-0.wav,2,children_playing,1,"[0, 0, 2]"
57320-0-0-31,/tmp\sound_datasets\urbansound8k\audio/fold1/57320-0-0-31.wav,0,air_conditioner,1,"[2, 5, 0]"
54858-3-1-2,/tmp\sound_datasets\urbansound8k\audio/fold1/54858-3-1-2.wav,3,dog_bark,1,"[0, 1, 3]"
98223-7-3-0,/tmp\sound_datasets\urbansound8k\audio/fold1/98223-7-3-0.wav,7,jackhammer,1,"[2, 4, 7]"
17913-4-2-0,/tmp\sound_datasets\urbansound8k\audio/fold1/17913-4-2-0.wav,4,drilling,1,"[2, 4, 4]"
97317-2-0-28,/tmp\sound_datasets\urbansound8k\audio/fold1/97317-2-0-28.wav,2,children_playing,1,"[0, 0, 2]"
134717-0-0-19,/tmp\sound_datasets\urbansound8k\audio/fold1/134717-0-0-19.wav,0,air_conditioner,1,"[2, 5, 0]"
197073-3-4-3,/tmp\sound_datasets\urbansound8k\audio/fold1/197073-3-4-3.wav,3,dog_bark,1,"[0, 1, 3]"
57320-0-0-33,/tmp\sound_datasets\urbansound8k\audio/fold1/57320-0-0-33.wav,0,air_conditioner,1,"[2, 5, 0]"
180937-7-2-5,/tmp\sound_datasets\urbansound8k\audio/fold1/180937-7-2-5.wav,7,jackhammer,1,"[2, 4, 7]"
134717-0-0-25,/tmp\sound_datasets\urbansound8k\audio/fold1/134717-0-0-25.wav,0,air_conditioner,1,"[2, 5, 0]"
57320-0-0-27,/tmp\sound_datasets\urbansound8k\audio/fold1/57320-0-0-27.wav,0,air_conditioner,1,"[2, 5, 0]"
103074-7-4-5,/tmp\sound_datasets\urbansound8k\audio/fold1/103074-7-4-5.wav,7,jackhammer,1,"[2, 4, 7]"
17913-4-0-2,/tmp\sound_datasets\urbansound8k\audio/fold1/17913-4-0-2.wav,4,drilling,1,"[2, 4, 4]"
51022-3-29-0,/tmp\sound_datasets\urbansound8k\audio/fold1/51022-3-29-0.wav,3,dog_bark,1,"[0, 1, 3]"
55020-4-0-9,/tmp\sound_datasets\urbansound8k\audio/fold1/55020-4-0-9.wav,4,drilling,1,"[2, 4, 4]"
157867-8-0-13,/tmp\sound_datasets\urbansound8k\audio/fold1/157867-8-0-13.wav,8,siren,1,"[1, 3, 8]"
180937-7-1-10,/tmp\sound_datasets\urbansound8k\audio/fold1/180937-7-1-10.wav,7,jackhammer,1,"[2, 4, 7]"
55020-4-0-12,/tmp\sound_datasets\urbansound8k\audio/fold1/55020-4-0-12.wav,4,drilling,1,"[2, 4, 4]"
113205-5-1-7,/tmp\sound_datasets\urbansound8k\audio/fold1/113205-5-1-7.wav,5,engine_idling,1,"[1, 2, 5]"
9031-3-4-0,/tmp\sound_datasets\urbansound8k\audio/fold1/9031-3-4-0.wav,3,dog_bark,1,"[0, 1, 3]"
143651-2-0-16,/tmp\sound_datasets\urbansound8k\audio/fold1/143651-2-0-16.wav,2,children_playing,1,"[0, 0, 2]"
180937-7-3-29,/tmp\sound_datasets\urbansound8k\audio/fold1/180937-7-3-29.wav,7,jackhammer,1,"[2, 4, 7]"
180937-7-3-15,/tmp\sound_datasets\urbansound8k\audio/fold1/180937-7-3-15.wav,7,jackhammer,1,"[2, 4, 7]"
182800-2-2-3,/tmp\sound_datasets\urbansound8k\audio/fold1/182800-2-2-3.wav,2,children_playing,1,"[0, 0, 2]"
103074-7-0-1,/tmp\sound_datasets\urbansound8k\audio/fold1/103074-7-0-1.wav,7,jackhammer,1,"[2, 4, 7]"
159738-8-0-2,/tmp\sound_datasets\urbansound8k\audio/fold1/159738-8-0-2.wav,8,siren,1,"[1, 3, 8]"
197318-6-3-0,/tmp\sound_datasets\urbansound8k\audio/fold1/197318-6-3-0.wav,6,gun_shot,1,"[2, 6, 6]"
194732-9-0-191,/tmp\sound_datasets\urbansound8k\audio/fold1/194732-9-0-191.wav,9,street_music,1,"[3, 7, 9]"
180937-7-4-3,/tmp\sound_datasets\urbansound8k\audio/fold1/180937-7-4-3.wav,7,jackhammer,1,"[2, 4, 7]"
105415-2-0-8,/tmp\sound_datasets\urbansound8k\audio/fold1/105415-2-0-8.wav,2,children_playing,1,"[0, 0, 2]"
180937-7-4-2,/tmp\sound_datasets\urbansound8k\audio/fold1/180937-7-4-2.wav,7,jackhammer,1,"[2, 4, 7]"
165645-4-3-0,/tmp\sound_datasets\urbansound8k\audio/fold1/165645-4-3-0.wav,4,drilling,1,"[2, 4, 4]"
159738-8-0-3,/tmp\sound_datasets\urbansound8k\audio/fold1/159738-8-0-3.wav,8,siren,1,"[1, 3, 8]"
155310-3-0-0,/tmp\sound_datasets\urbansound8k\audio/fold1/155310-3-0-0.wav,3,dog_bark,1,"[0, 1, 3]"
103074-7-0-0,/tmp\sound_datasets\urbansound8k\audio/fold1/103074-7-0-0.wav,7,jackhammer,1,"[2, 4, 7]"
182800-2-2-2,/tmp\sound_datasets\urbansound8k\audio/fold1/182800-2-2-2.wav,2,children_playing,1,"[0, 0, 2]"
147764-4-8-0,/tmp\sound_datasets\urbansound8k\audio/fold1/147764-4-8-0.wav,4,drilling,1,"[2, 4, 4]"
180937-7-3-14,/tmp\sound_datasets\urbansound8k\audio/fold1/180937-7-3-14.wav,7,jackhammer,1,"[2, 4, 7]"
164053-8-3-0,/tmp\sound_datasets\urbansound8k\audio/fold1/164053-8-3-0.wav,8,siren,1,"[1, 3, 8]"
180937-7-3-28,/tmp\sound_datasets\urbansound8k\audio/fold1/180937-7-3-28.wav,7,jackhammer,1,"[2, 4, 7]"
113205-5-1-6,/tmp\sound_datasets\urbansound8k\audio/fold1/113205-5-1-6.wav,5,engine_idling,1,"[1, 2, 5]"
182800-2-0-0,/tmp\sound_datasets\urbansound8k\audio/fold1/182800-2-0-0.wav,2,children_playing,1,"[0, 0, 2]"
26270-9-0-3,/tmp\sound_datasets\urbansound8k\audio/fold1/26270-9-0-3.wav,9,street_music,1,"[3, 7, 9]"
138015-3-0-5,/tmp\sound_datasets\urbansound8k\audio/fold1/138015-3-0-5.wav,3,dog_bark,1,"[0, 1, 3]"
55020-4-0-13,/tmp\sound_datasets\urbansound8k\audio/fold1/55020-4-0-13.wav,4,drilling,1,"[2, 4, 4]"
157867-8-0-12,/tmp\sound_datasets\urbansound8k\audio/fold1/157867-8-0-12.wav,8,siren,1,"[1, 3, 8]"
180937-7-0-6,/tmp\sound_datasets\urbansound8k\audio/fold1/180937-7-0-6.wav,7,jackhammer,1,"[2, 4, 7]"
180937-7-1-11,/tmp\sound_datasets\urbansound8k\audio/fold1/180937-7-1-11.wav,7,jackhammer,1,"[2, 4, 7]"
69304-9-0-12,/tmp\sound_datasets\urbansound8k\audio/fold1/69304-9-0-12.wav,9,street_music,1,"[3, 7, 9]"
55020-4-0-8,/tmp\sound_datasets\urbansound8k\audio/fold1/55020-4-0-8.wav,4,drilling,1,"[2, 4, 4]"
192124-2-0-3,/tmp\sound_datasets\urbansound8k\audio/fold1/192124-2-0-3.wav,2,children_playing,1,"[0, 0, 2]"
103074-7-4-4,/tmp\sound_datasets\urbansound8k\audio/fold1/103074-7-4-4.wav,7,jackhammer,1,"[2, 4, 7]"
180937-7-2-4,/tmp\sound_datasets\urbansound8k\audio/fold1/180937-7-2-4.wav,7,jackhammer,1,"[2, 4, 7]"
57320-0-0-32,/tmp\sound_datasets\urbansound8k\audio/fold1/57320-0-0-32.wav,0,air_conditioner,1,"[2, 5, 0]"
134717-0-0-24,/tmp\sound_datasets\urbansound8k\audio/fold1/134717-0-0-24.wav,0,air_conditioner,1,"[2, 5, 0]"
134717-0-0-18,/tmp\sound_datasets\urbansound8k\audio/fold1/134717-0-0-18.wav,0,air_conditioner,1,"[2, 5, 0]"
72579-3-0-4,/tmp\sound_datasets\urbansound8k\audio/fold1/72579-3-0-4.wav,3,dog_bark,1,"[0, 1, 3]"
130030-3-0-0,/tmp\sound_datasets\urbansound8k\audio/fold1/130030-3-0-0.wav,3,dog_bark,1,"[0, 1, 3]"
177621-0-0-147,/tmp\sound_datasets\urbansound8k\audio/fold1/177621-0-0-147.wav,0,air_conditioner,1,"[2, 5, 0]"
72579-3-0-0,/tmp\sound_datasets\urbansound8k\audio/fold1/72579-3-0-0.wav,3,dog_bark,1,"[0, 1, 3]"
134717-0-0-20,/tmp\sound_datasets\urbansound8k\audio/fold1/134717-0-0-20.wav,0,air_conditioner,1,"[2, 5, 0]"
180937-7-2-0,/tmp\sound_datasets\urbansound8k\audio/fold1/180937-7-2-0.wav,7,jackhammer,1,"[2, 4, 7]"
57320-0-0-36,/tmp\sound_datasets\urbansound8k\audio/fold1/57320-0-0-36.wav,0,air_conditioner,1,"[2, 5, 0]"
57320-0-0-22,/tmp\sound_datasets\urbansound8k\audio/fold1/57320-0-0-22.wav,0,air_conditioner,1,"[2, 5, 0]"
193394-3-0-4,/tmp\sound_datasets\urbansound8k\audio/fold1/193394-3-0-4.wav,3,dog_bark,1,"[0, 1, 3]"
203356-3-0-0,/tmp\sound_datasets\urbansound8k\audio/fold1/203356-3-0-0.wav,3,dog_bark,1,"[0, 1, 3]"
103074-7-4-0,/tmp\sound_datasets\urbansound8k\audio/fold1/103074-7-4-0.wav,7,jackhammer,1,"[2, 4, 7]"
192124-2-0-7,/tmp\sound_datasets\urbansound8k\audio/fold1/192124-2-0-7.wav,2,children_playing,1,"[0, 0, 2]"
180937-7-1-15,/tmp\sound_datasets\urbansound8k\audio/fold1/180937-7-1-15.wav,7,jackhammer,1,"[2, 4, 7]"
180937-7-0-2,/tmp\sound_datasets\urbansound8k\audio/fold1/180937-7-0-2.wav,7,jackhammer,1,"[2, 4, 7]"
99180-9-0-0,/tmp\sound_datasets\urbansound8k\audio/fold1/99180-9-0-0.wav,9,street_music,1,"[3, 7, 9]"
157867-8-0-16,/tmp\sound_datasets\urbansound8k\audio/fold1/157867-8-0-16.wav,8,siren,1,"[1, 3, 8]"
138015-3-0-1,/tmp\sound_datasets\urbansound8k\audio/fold1/138015-3-0-1.wav,3,dog_bark,1,"[0, 1, 3]"
113205-5-1-2,/tmp\sound_datasets\urbansound8k\audio/fold1/113205-5-1-2.wav,5,engine_idling,1,"[1, 2, 5]"
17592-5-1-1,/tmp\sound_datasets\urbansound8k\audio/fold1/17592-5-1-1.wav,5,engine_idling,1,"[1, 2, 5]"
180937-7-3-10,/tmp\sound_datasets\urbansound8k\audio/fold1/180937-7-3-10.wav,7,jackhammer,1,"[2, 4, 7]"
46669-4-0-10,/tmp\sound_datasets\urbansound8k\audio/fold1/46669-4-0-10.wav,4,drilling,1,"[2, 4, 4]"
137156-9-0-5,/tmp\sound_datasets\urbansound8k\audio/fold1/137156-9-0-5.wav,9,street_music,1,"[3, 7, 9]"
161702-9-0-6,/tmp\sound_datasets\urbansound8k\audio/fold1/161702-9-0-6.wav,9,street_music,1,"[3, 7, 9]"
31840-3-0-0,/tmp\sound_datasets\urbansound8k\audio/fold1/31840-3-0-0.wav,3,dog_bark,1,"[0, 1, 3]"
180937-7-4-6,/tmp\sound_datasets\urbansound8k\audio/fold1/180937-7-4-6.wav,7,jackhammer,1,"[2, 4, 7]"
174276-7-3-0,/tmp\sound_datasets\urbansound8k\audio/fold1/174276-7-3-0.wav,7,jackhammer,1,"[2, 4, 7]"
51022-3-30-4,/tmp\sound_datasets\urbansound8k\audio/fold1/51022-3-30-4.wav,3,dog_bark,1,"[0, 1, 3]"
159738-8-0-7,/tmp\sound_datasets\urbansound8k\audio/fold1/159738-8-0-7.wav,8,siren,1,"[1, 3, 8]"
132016-9-0-16,/tmp\sound_datasets\urbansound8k\audio/fold1/132016-9-0-16.wav,9,street_music,1,"[3, 7, 9]"
21684-9-0-50,/tmp\sound_datasets\urbansound8k\audio/fold1/21684-9-0-50.wav,9,street_music,1,"[3, 7, 9]"
159738-8-0-6,/tmp\sound_datasets\urbansound8k\audio/fold1/159738-8-0-6.wav,8,siren,1,"[1, 3, 8]"
180937-7-4-7,/tmp\sound_datasets\urbansound8k\audio/fold1/180937-7-4-7.wav,7,jackhammer,1,"[2, 4, 7]"
46669-4-0-39,/tmp\sound_datasets\urbansound8k\audio/fold1/46669-4-0-39.wav,4,drilling,1,"[2, 4, 4]"
17592-5-1-0,/tmp\sound_datasets\urbansound8k\audio/fold1/17592-5-1-0.wav,5,engine_idling,1,"[1, 2, 5]"
180937-7-3-11,/tmp\sound_datasets\urbansound8k\audio/fold1/180937-7-3-11.wav,7,jackhammer,1,"[2, 4, 7]"
113205-5-1-3,/tmp\sound_datasets\urbansound8k\audio/fold1/113205-5-1-3.wav,5,engine_idling,1,"[1, 2, 5]"
98223-7-7-0,/tmp\sound_datasets\urbansound8k\audio/fold1/98223-7-7-0.wav,7,jackhammer,1,"[2, 4, 7]"
197318-6-7-0,/tmp\sound_datasets\urbansound8k\audio/fold1/197318-6-7-0.wav,6,gun_shot,1,"[2, 6, 6]"
180937-7-1-14,/tmp\sound_datasets\urbansound8k\audio/fold1/180937-7-1-14.wav,7,jackhammer,1,"[2, 4, 7]"
157867-8-0-17,/tmp\sound_datasets\urbansound8k\audio/fold1/157867-8-0-17.wav,8,siren,1,"[1, 3, 8]"
103074-7-4-1,/tmp\sound_datasets\urbansound8k\audio/fold1/103074-7-4-1.wav,7,jackhammer,1,"[2, 4, 7]"
203356-3-0-1,/tmp\sound_datasets\urbansound8k\audio/fold1/203356-3-0-1.wav,3,dog_bark,1,"[0, 1, 3]"
174294-6-0-0,/tmp\sound_datasets\urbansound8k\audio/fold1/174294-6-0-0.wav,6,gun_shot,1,"[2, 6, 6]"
99180-9-0-36,/tmp\sound_datasets\urbansound8k\audio/fold1/99180-9-0-36.wav,9,street_music,1,"[3, 7, 9]"
134717-0-0-21,/tmp\sound_datasets\urbansound8k\audio/fold1/134717-0-0-21.wav,0,air_conditioner,1,"[2, 5, 0]"
57320-0-0-37,/tmp\sound_datasets\urbansound8k\audio/fold1/57320-0-0-37.wav,0,air_conditioner,1,"[2, 5, 0]"
180937-7-2-1,/tmp\sound_datasets\urbansound8k\audio/fold1/180937-7-2-1.wav,7,jackhammer,1,"[2, 4, 7]"
162540-1-2-0,/tmp\sound_datasets\urbansound8k\audio/fold1/162540-1-2-0.wav,1,car_horn,1,"[1, 2, 1]"
57553-3-0-0,/tmp\sound_datasets\urbansound8k\audio/fold1/57553-3-0-0.wav,3,dog_bark,1,"[0, 1, 3]"
138031-2-0-23,/tmp\sound_datasets\urbansound8k\audio/fold1/138031-2-0-23.wav,2,children_playing,1,"[0, 0, 2]"
174294-6-2-0,/tmp\sound_datasets\urbansound8k\audio/fold1/174294-6-2-0.wav,6,gun_shot,1,"[2, 6, 6]"
72579-3-0-3,/tmp\sound_datasets\urbansound8k\audio/fold1/72579-3-0-3.wav,3,dog_bark,1,"[0, 1, 3]"
57320-0-0-21,/tmp\sound_datasets\urbansound8k\audio/fold1/57320-0-0-21.wav,0,air_conditioner,1,"[2, 5, 0]"
180937-7-2-3,/tmp\sound_datasets\urbansound8k\audio/fold1/180937-7-2-3.wav,7,jackhammer,1,"[2, 4, 7]"
72261-3-0-27,/tmp\sound_datasets\urbansound8k\audio/fold1/72261-3-0-27.wav,3,dog_bark,1,"[0, 1, 3]"
134717-0-0-23,/tmp\sound_datasets\urbansound8k\audio/fold1/134717-0-0-23.wav,0,air_conditioner,1,"[2, 5, 0]"
197318-6-5-0,/tmp\sound_datasets\urbansound8k\audio/fold1/197318-6-5-0.wav,6,gun_shot,1,"[2, 6, 6]"
146186-5-0-8,/tmp\sound_datasets\urbansound8k\audio/fold1/146186-5-0-8.wav,5,engine_idling,1,"[1, 2, 5]"
162540-1-0-0,/tmp\sound_datasets\urbansound8k\audio/fold1/162540-1-0-0.wav,1,car_horn,1,"[1, 2, 1]"
160094-3-0-0,/tmp\sound_datasets\urbansound8k\audio/fold1/160094-3-0-0.wav,3,dog_bark,1,"[0, 1, 3]"
57553-3-2-0,/tmp\sound_datasets\urbansound8k\audio/fold1/57553-3-2-0.wav,3,dog_bark,1,"[0, 1, 3]"
193394-3-0-7,/tmp\sound_datasets\urbansound8k\audio/fold1/193394-3-0-7.wav,3,dog_bark,1,"[0, 1, 3]"
192124-2-0-4,/tmp\sound_datasets\urbansound8k\audio/fold1/192124-2-0-4.wav,2,children_playing,1,"[0, 0, 2]"
9031-3-2-0,/tmp\sound_datasets\urbansound8k\audio/fold1/9031-3-2-0.wav,3,dog_bark,1,"[0, 1, 3]"
203356-3-0-3,/tmp\sound_datasets\urbansound8k\audio/fold1/203356-3-0-3.wav,3,dog_bark,1,"[0, 1, 3]"
103074-7-4-3,/tmp\sound_datasets\urbansound8k\audio/fold1/103074-7-4-3.wav,7,jackhammer,1,"[2, 4, 7]"
55020-4-0-14,/tmp\sound_datasets\urbansound8k\audio/fold1/55020-4-0-14.wav,4,drilling,1,"[2, 4, 4]"
43806-8-0-0,/tmp\sound_datasets\urbansound8k\audio/fold1/43806-8-0-0.wav,8,siren,1,"[1, 3, 8]"
157867-8-0-15,/tmp\sound_datasets\urbansound8k\audio/fold1/157867-8-0-15.wav,8,siren,1,"[1, 3, 8]"
180937-7-0-1,/tmp\sound_datasets\urbansound8k\audio/fold1/180937-7-0-1.wav,7,jackhammer,1,"[2, 4, 7]"
69304-9-0-15,/tmp\sound_datasets\urbansound8k\audio/fold1/69304-9-0-15.wav,9,street_music,1,"[3, 7, 9]"
172314-9-0-22,/tmp\sound_datasets\urbansound8k\audio/fold1/172314-9-0-22.wav,9,street_music,1,"[3, 7, 9]"
101415-3-0-3,/tmp\sound_datasets\urbansound8k\audio/fold1/101415-3-0-3.wav,3,dog_bark,1,"[0, 1, 3]"
113205-5-1-1,/tmp\sound_datasets\urbansound8k\audio/fold1/113205-5-1-1.wav,5,engine_idling,1,"[1, 2, 5]"
180937-7-3-13,/tmp\sound_datasets\urbansound8k\audio/fold1/180937-7-3-13.wav,7,jackhammer,1,"[2, 4, 7]"
17592-5-1-2,/tmp\sound_datasets\urbansound8k\audio/fold1/17592-5-1-2.wav,5,engine_idling,1,"[1, 2, 5]"
179867-1-0-0,/tmp\sound_datasets\urbansound8k\audio/fold1/179867-1-0-0.wav,1,car_horn,1,"[1, 2, 1]"
94868-1-1-0,/tmp\sound_datasets\urbansound8k\audio/fold1/94868-1-1-0.wav,1,car_horn,1,"[1, 2, 1]"
98223-7-5-0,/tmp\sound_datasets\urbansound8k\audio/fold1/98223-7-5-0.wav,7,jackhammer,1,"[2, 4, 7]"
180937-7-4-5,/tmp\sound_datasets\urbansound8k\audio/fold1/180937-7-4-5.wav,7,jackhammer,1,"[2, 4, 7]"
159738-8-0-4,/tmp\sound_datasets\urbansound8k\audio/fold1/159738-8-0-4.wav,8,siren,1,"[1, 3, 8]"
159738-8-0-5,/tmp\sound_datasets\urbansound8k\audio/fold1/159738-8-0-5.wav,8,siren,1,"[1, 3, 8]"
43786-3-0-0,/tmp\sound_datasets\urbansound8k\audio/fold1/43786-3-0-0.wav,3,dog_bark,1,"[0, 1, 3]"
132016-9-0-14,/tmp\sound_datasets\urbansound8k\audio/fold1/132016-9-0-14.wav,9,street_music,1,"[3, 7, 9]"
180937-7-4-4,/tmp\sound_datasets\urbansound8k\audio/fold1/180937-7-4-4.wav,7,jackhammer,1,"[2, 4, 7]"
197073-3-0-0,/tmp\sound_datasets\urbansound8k\audio/fold1/197073-3-0-0.wav,3,dog_bark,1,"[0, 1, 3]"
180937-7-3-12,/tmp\sound_datasets\urbansound8k\audio/fold1/180937-7-3-12.wav,7,jackhammer,1,"[2, 4, 7]"
17592-5-1-3,/tmp\sound_datasets\urbansound8k\audio/fold1/17592-5-1-3.wav,5,engine_idling,1,"[1, 2, 5]"
174276-7-1-0,/tmp\sound_datasets\urbansound8k\audio/fold1/174276-7-1-0.wav,7,jackhammer,1,"[2, 4, 7]"
143651-2-0-39,/tmp\sound_datasets\urbansound8k\audio/fold1/143651-2-0-39.wav,2,children_playing,1,"[0, 0, 2]"
113205-5-1-0,/tmp\sound_datasets\urbansound8k\audio/fold1/113205-5-1-0.wav,5,engine_idling,1,"[1, 2, 5]"
101415-3-0-2,/tmp\sound_datasets\urbansound8k\audio/fold1/101415-3-0-2.wav,3,dog_bark,1,"[0, 1, 3]"
157867-8-0-28,/tmp\sound_datasets\urbansound8k\audio/fold1/157867-8-0-28.wav,8,siren,1,"[1, 3, 8]"
69304-9-0-14,/tmp\sound_datasets\urbansound8k\audio/fold1/69304-9-0-14.wav,9,street_music,1,"[3, 7, 9]"
157867-8-0-14,/tmp\sound_datasets\urbansound8k\audio/fold1/157867-8-0-14.wav,8,siren,1,"[1, 3, 8]"
99180-9-0-2,/tmp\sound_datasets\urbansound8k\audio/fold1/99180-9-0-2.wav,9,street_music,1,"[3, 7, 9]"
180937-7-0-0,/tmp\sound_datasets\urbansound8k\audio/fold1/180937-7-0-0.wav,7,jackhammer,1,"[2, 4, 7]"
86278-6-0-0,/tmp\sound_datasets\urbansound8k\audio/fold1/86278-6-0-0.wav,6,gun_shot,1,"[2, 6, 6]"
197318-6-11-0,/tmp\sound_datasets\urbansound8k\audio/fold1/197318-6-11-0.wav,6,gun_shot,1,"[2, 6, 6]"
192124-2-0-5,/tmp\sound_datasets\urbansound8k\audio/fold1/192124-2-0-5.wav,2,children_playing,1,"[0, 0, 2]"
103074-7-4-2,/tmp\sound_datasets\urbansound8k\audio/fold1/103074-7-4-2.wav,7,jackhammer,1,"[2, 4, 7]"
203356-3-0-2,/tmp\sound_datasets\urbansound8k\audio/fold1/203356-3-0-2.wav,3,dog_bark,1,"[0, 1, 3]"
165642-4-0-0,/tmp\sound_datasets\urbansound8k\audio/fold1/165642-4-0-0.wav,4,drilling,1,"[2, 4, 4]"
146186-5-0-9,/tmp\sound_datasets\urbansound8k\audio/fold1/146186-5-0-9.wav,5,engine_idling,1,"[1, 2, 5]"
57320-0-0-34,/tmp\sound_datasets\urbansound8k\audio/fold1/57320-0-0-34.wav,0,air_conditioner,1,"[2, 5, 0]"
180937-7-2-2,/tmp\sound_datasets\urbansound8k\audio/fold1/180937-7-2-2.wav,7,jackhammer,1,"[2, 4, 7]"
134717-0-0-22,/tmp\sound_datasets\urbansound8k\audio/fold1/134717-0-0-22.wav,0,air_conditioner,1,"[2, 5, 0]"
165645-4-5-0,/tmp\sound_datasets\urbansound8k\audio/fold1/165645-4-5-0.wav,4,drilling,1,"[2, 4, 4]"
135776-2-0-65,/tmp\sound_datasets\urbansound8k\audio/fold1/135776-2-0-65.wav,2,children_playing,1,"[0, 0, 2]"
72579-3-0-2,/tmp\sound_datasets\urbansound8k\audio/fold1/72579-3-0-2.wav,3,dog_bark,1,"[0, 1, 3]"
177621-0-0-145,/tmp\sound_datasets\urbansound8k\audio/fold1/177621-0-0-145.wav,0,air_conditioner,1,"[2, 5, 0]"
138031-2-0-22,/tmp\sound_datasets\urbansound8k\audio/fold1/138031-2-0-22.wav,2,children_playing,1,"[0, 0, 2]"
143604-5-0-0,/tmp\sound_datasets\urbansound8k\audio/fold1/143604-5-0-0.wav,5,engine_idling,1,"[1, 2, 5]"
103074-7-1-1,/tmp\sound_datasets\urbansound8k\audio/fold1/103074-7-1-1.wav,7,jackhammer,1,"[2, 4, 7]"
138031-2-0-45,/tmp\sound_datasets\urbansound8k\audio/fold1/138031-2-0-45.wav,2,children_playing,1,"[0, 0, 2]"
197318-6-2-0,/tmp\sound_datasets\urbansound8k\audio/fold1/197318-6-2-0.wav,6,gun_shot,1,"[2, 6, 6]"
103258-5-0-10,/tmp\sound_datasets\urbansound8k\audio/fold1/103258-5-0-10.wav,5,engine_idling,1,"[1, 2, 5]"
179858-1-0-0,/tmp\sound_datasets\urbansound8k\audio/fold1/179858-1-0-0.wav,1,car_horn,1,"[1, 2, 1]"
103074-7-3-3,/tmp\sound_datasets\urbansound8k\audio/fold1/103074-7-3-3.wav,7,jackhammer,1,"[2, 4, 7]"
57320-0-0-9,/tmp\sound_datasets\urbansound8k\audio/fold1/57320-0-0-9.wav,0,air_conditioner,1,"[2, 5, 0]"
194732-9-0-95,/tmp\sound_datasets\urbansound8k\audio/fold1/194732-9-0-95.wav,9,street_music,1,"[3, 7, 9]"
40722-8-0-1,/tmp\sound_datasets\urbansound8k\audio/fold1/40722-8-0-1.wav,8,siren,1,"[1, 3, 8]"
146186-5-0-13,/tmp\sound_datasets\urbansound8k\audio/fold1/146186-5-0-13.wav,5,engine_idling,1,"[1, 2, 5]"
193698-2-0-42,/tmp\sound_datasets\urbansound8k\audio/fold1/193698-2-0-42.wav,2,children_playing,1,"[0, 0, 2]"
160009-2-0-11,/tmp\sound_datasets\urbansound8k\audio/fold1/160009-2-0-11.wav,2,children_playing,1,"[0, 0, 2]"
77766-9-0-4,/tmp\sound_datasets\urbansound8k\audio/fold1/77766-9-0-4.wav,9,street_music,1,"[3, 7, 9]"
176787-5-0-26,/tmp\sound_datasets\urbansound8k\audio/fold1/176787-5-0-26.wav,5,engine_idling,1,"[1, 2, 5]"
164053-8-2-1,/tmp\sound_datasets\urbansound8k\audio/fold1/164053-8-2-1.wav,8,siren,1,"[1, 3, 8]"
108362-2-0-30,/tmp\sound_datasets\urbansound8k\audio/fold1/108362-2-0-30.wav,2,children_playing,1,"[0, 0, 2]"
159738-8-0-19,/tmp\sound_datasets\urbansound8k\audio/fold1/159738-8-0-19.wav,8,siren,1,"[1, 3, 8]"
139951-9-0-45,/tmp\sound_datasets\urbansound8k\audio/fold1/139951-9-0-45.wav,9,street_music,1,"[3, 7, 9]"
102305-6-0-0,/tmp\sound_datasets\urbansound8k\audio/fold1/102305-6-0-0.wav,6,gun_shot,1,"[2, 6, 6]"
180937-7-1-7,/tmp\sound_datasets\urbansound8k\audio/fold1/180937-7-1-7.wav,7,jackhammer,1,"[2, 4, 7]"
192124-2-0-15,/tmp\sound_datasets\urbansound8k\audio/fold1/192124-2-0-15.wav,2,children_playing,1,"[0, 0, 2]"
98223-7-2-0,/tmp\sound_datasets\urbansound8k\audio/fold1/98223-7-2-0.wav,7,jackhammer,1,"[2, 4, 7]"
124489-9-0-17,/tmp\sound_datasets\urbansound8k\audio/fold1/124489-9-0-17.wav,9,street_music,1,"[3, 7, 9]"
46669-4-0-49,/tmp\sound_datasets\urbansound8k\audio/fold1/46669-4-0-49.wav,4,drilling,1,"[2, 4, 4]"
194732-9-0-126,/tmp\sound_datasets\urbansound8k\audio/fold1/194732-9-0-126.wav,9,street_music,1,"[3, 7, 9]"
46669-4-0-61,/tmp\sound_datasets\urbansound8k\audio/fold1/46669-4-0-61.wav,4,drilling,1,"[2, 4, 4]"
119455-5-0-7,/tmp\sound_datasets\urbansound8k\audio/fold1/119455-5-0-7.wav,5,engine_idling,1,"[1, 2, 5]"
151977-0-0-2,/tmp\sound_datasets\urbansound8k\audio/fold1/151977-0-0-2.wav,0,air_conditioner,1,"[2, 5, 0]"
157867-8-0-1,/tmp\sound_datasets\urbansound8k\audio/fold1/157867-8-0-1.wav,8,siren,1,"[1, 3, 8]"
26270-9-0-30,/tmp\sound_datasets\urbansound8k\audio/fold1/26270-9-0-30.wav,9,street_music,1,"[3, 7, 9]"
78360-4-0-14,/tmp\sound_datasets\urbansound8k\audio/fold1/78360-4-0-14.wav,4,drilling,1,"[2, 4, 4]"
180937-7-3-5,/tmp\sound_datasets\urbansound8k\audio/fold1/180937-7-3-5.wav,7,jackhammer,1,"[2, 4, 7]"
54858-3-0-0,/tmp\sound_datasets\urbansound8k\audio/fold1/54858-3-0-0.wav,3,dog_bark,1,"[0, 1, 3]"
180937-7-3-4,/tmp\sound_datasets\urbansound8k\audio/fold1/180937-7-3-4.wav,7,jackhammer,1,"[2, 4, 7]"
21684-9-0-5,/tmp\sound_datasets\urbansound8k\audio/fold1/21684-9-0-5.wav,9,street_music,1,"[3, 7, 9]"
78360-4-0-15,/tmp\sound_datasets\urbansound8k\audio/fold1/78360-4-0-15.wav,4,drilling,1,"[2, 4, 4]"
151977-0-0-3,/tmp\sound_datasets\urbansound8k\audio/fold1/151977-0-0-3.wav,0,air_conditioner,1,"[2, 5, 0]"
157867-8-0-0,/tmp\sound_datasets\urbansound8k\audio/fold1/157867-8-0-0.wav,8,siren,1,"[1, 3, 8]"
119455-5-0-6,/tmp\sound_datasets\urbansound8k\audio/fold1/119455-5-0-6.wav,5,engine_idling,1,"[1, 2, 5]"
46669-4-0-48,/tmp\sound_datasets\urbansound8k\audio/fold1/46669-4-0-48.wav,4,drilling,1,"[2, 4, 4]"
124489-9-0-16,/tmp\sound_datasets\urbansound8k\audio/fold1/124489-9-0-16.wav,9,street_music,1,"[3, 7, 9]"
26270-9-0-19,/tmp\sound_datasets\urbansound8k\audio/fold1/26270-9-0-19.wav,9,street_music,1,"[3, 7, 9]"
65749-3-1-14,/tmp\sound_datasets\urbansound8k\audio/fold1/65749-3-1-14.wav,3,dog_bark,1,"[0, 1, 3]"
73277-9-0-28,/tmp\sound_datasets\urbansound8k\audio/fold1/73277-9-0-28.wav,9,street_music,1,"[3, 7, 9]"
180937-7-1-6,/tmp\sound_datasets\urbansound8k\audio/fold1/180937-7-1-6.wav,7,jackhammer,1,"[2, 4, 7]"
174276-7-6-0,/tmp\sound_datasets\urbansound8k\audio/fold1/174276-7-6-0.wav,7,jackhammer,1,"[2, 4, 7]"
197073-3-7-0,/tmp\sound_datasets\urbansound8k\audio/fold1/197073-3-7-0.wav,3,dog_bark,1,"[0, 1, 3]"
143651-2-0-63,/tmp\sound_datasets\urbansound8k\audio/fold1/143651-2-0-63.wav,2,children_playing,1,"[0, 0, 2]"
159738-8-0-18,/tmp\sound_datasets\urbansound8k\audio/fold1/159738-8-0-18.wav,8,siren,1,"[1, 3, 8]"
176257-3-0-0,/tmp\sound_datasets\urbansound8k\audio/fold1/176257-3-0-0.wav,3,dog_bark,1,"[0, 1, 3]"
164053-8-2-0,/tmp\sound_datasets\urbansound8k\audio/fold1/164053-8-2-0.wav,8,siren,1,"[1, 3, 8]"
177621-0-0-88,/tmp\sound_datasets\urbansound8k\audio/fold1/177621-0-0-88.wav,0,air_conditioner,1,"[2, 5, 0]"
176787-5-0-27,/tmp\sound_datasets\urbansound8k\audio/fold1/176787-5-0-27.wav,5,engine_idling,1,"[1, 2, 5]"
172314-9-0-51,/tmp\sound_datasets\urbansound8k\audio/fold1/172314-9-0-51.wav,9,street_music,1,"[3, 7, 9]"
77766-9-0-5,/tmp\sound_datasets\urbansound8k\audio/fold1/77766-9-0-5.wav,9,street_music,1,"[3, 7, 9]"
146186-5-0-12,/tmp\sound_datasets\urbansound8k\audio/fold1/146186-5-0-12.wav,5,engine_idling,1,"[1, 2, 5]"
40722-8-0-0,/tmp\sound_datasets\urbansound8k\audio/fold1/40722-8-0-0.wav,8,siren,1,"[1, 3, 8]"
103074-7-3-2,/tmp\sound_datasets\urbansound8k\audio/fold1/103074-7-3-2.wav,7,jackhammer,1,"[2, 4, 7]"
182800-2-1-0,/tmp\sound_datasets\urbansound8k\audio/fold1/182800-2-1-0.wav,2,children_playing,1,"[0, 0, 2]"
118101-3-0-0,/tmp\sound_datasets\urbansound8k\audio/fold1/118101-3-0-0.wav,3,dog_bark,1,"[0, 1, 3]"
165645-4-2-0,/tmp\sound_datasets\urbansound8k\audio/fold1/165645-4-2-0.wav,4,drilling,1,"[2, 4, 4]"
103258-5-0-11,/tmp\sound_datasets\urbansound8k\audio/fold1/103258-5-0-11.wav,5,engine_idling,1,"[1, 2, 5]"
134717-0-0-2,/tmp\sound_datasets\urbansound8k\audio/fold1/134717-0-0-2.wav,0,air_conditioner,1,"[2, 5, 0]"
103074-7-1-0,/tmp\sound_datasets\urbansound8k\audio/fold1/103074-7-1-0.wav,7,jackhammer,1,"[2, 4, 7]"
103074-7-1-2,/tmp\sound_datasets\urbansound8k\audio/fold1/103074-7-1-2.wav,7,jackhammer,1,"[2, 4, 7]"
182800-2-3-0,/tmp\sound_datasets\urbansound8k\audio/fold1/182800-2-3-0.wav,2,children_playing,1,"[0, 0, 2]"
127873-0-0-0,/tmp\sound_datasets\urbansound8k\audio/fold1/127873-0-0-0.wav,0,air_conditioner,1,"[2, 5, 0]"
177621-0-0-109,/tmp\sound_datasets\urbansound8k\audio/fold1/177621-0-0-109.wav,0,air_conditioner,1,"[2, 5, 0]"
176258-3-1-12,/tmp\sound_datasets\urbansound8k\audio/fold1/176258-3-1-12.wav,3,dog_bark,1,"[0, 1, 3]"
103258-5-0-13,/tmp\sound_datasets\urbansound8k\audio/fold1/103258-5-0-13.wav,5,engine_idling,1,"[1, 2, 5]"
134717-0-0-0,/tmp\sound_datasets\urbansound8k\audio/fold1/134717-0-0-0.wav,0,air_conditioner,1,"[2, 5, 0]"
164053-8-0-0,/tmp\sound_datasets\urbansound8k\audio/fold1/164053-8-0-0.wav,8,siren,1,"[1, 3, 8]"
103074-7-3-0,/tmp\sound_datasets\urbansound8k\audio/fold1/103074-7-3-0.wav,7,jackhammer,1,"[2, 4, 7]"
146186-5-0-10,/tmp\sound_datasets\urbansound8k\audio/fold1/146186-5-0-10.wav,5,engine_idling,1,"[1, 2, 5]"
203440-3-0-1,/tmp\sound_datasets\urbansound8k\audio/fold1/203440-3-0-1.wav,3,dog_bark,1,"[0, 1, 3]"
40722-8-0-2,/tmp\sound_datasets\urbansound8k\audio/fold1/40722-8-0-2.wav,8,siren,1,"[1, 3, 8]"
176787-5-0-25,/tmp\sound_datasets\urbansound8k\audio/fold1/176787-5-0-25.wav,5,engine_idling,1,"[1, 2, 5]"
77766-9-0-7,/tmp\sound_datasets\urbansound8k\audio/fold1/77766-9-0-7.wav,9,street_music,1,"[3, 7, 9]"
194732-9-0-41,/tmp\sound_datasets\urbansound8k\audio/fold1/194732-9-0-41.wav,9,street_music,1,"[3, 7, 9]"
176787-5-0-19,/tmp\sound_datasets\urbansound8k\audio/fold1/176787-5-0-19.wav,5,engine_idling,1,"[1, 2, 5]"
165645-4-0-0,/tmp\sound_datasets\urbansound8k\audio/fold1/165645-4-0-0.wav,4,drilling,1,"[2, 4, 4]"
164053-8-2-2,/tmp\sound_datasets\urbansound8k\audio/fold1/164053-8-2-2.wav,8,siren,1,"[1, 3, 8]"
78360-4-0-8,/tmp\sound_datasets\urbansound8k\audio/fold1/78360-4-0-8.wav,4,drilling,1,"[2, 4, 4]"
44736-5-0-1,/tmp\sound_datasets\urbansound8k\audio/fold1/44736-5-0-1.wav,5,engine_idling,1,"[1, 2, 5]"
73277-9-0-16,/tmp\sound_datasets\urbansound8k\audio/fold1/73277-9-0-16.wav,9,street_music,1,"[3, 7, 9]"
193698-2-0-113,/tmp\sound_datasets\urbansound8k\audio/fold1/193698-2-0-113.wav,2,children_playing,1,"[0, 0, 2]"
180937-7-1-4,/tmp\sound_datasets\urbansound8k\audio/fold1/180937-7-1-4.wav,7,jackhammer,1,"[2, 4, 7]"
124489-9-0-14,/tmp\sound_datasets\urbansound8k\audio/fold1/124489-9-0-14.wav,9,street_music,1,"[3, 7, 9]"
165067-2-0-72,/tmp\sound_datasets\urbansound8k\audio/fold1/165067-2-0-72.wav,2,children_playing,1,"[0, 0, 2]"
7061-6-0-0,/tmp\sound_datasets\urbansound8k\audio/fold1/7061-6-0-0.wav,6,gun_shot,1,"[2, 6, 6]"
157867-8-0-2,/tmp\sound_datasets\urbansound8k\audio/fold1/157867-8-0-2.wav,8,siren,1,"[1, 3, 8]"
151977-0-0-1,/tmp\sound_datasets\urbansound8k\audio/fold1/151977-0-0-1.wav,0,air_conditioner,1,"[2, 5, 0]"
119455-5-0-4,/tmp\sound_datasets\urbansound8k\audio/fold1/119455-5-0-4.wav,5,engine_idling,1,"[1, 2, 5]"
78360-4-0-17,/tmp\sound_datasets\urbansound8k\audio/fold1/78360-4-0-17.wav,4,drilling,1,"[2, 4, 4]"
46669-4-0-8,/tmp\sound_datasets\urbansound8k\audio/fold1/46669-4-0-8.wav,4,drilling,1,"[2, 4, 4]"
21684-9-0-7,/tmp\sound_datasets\urbansound8k\audio/fold1/21684-9-0-7.wav,9,street_music,1,"[3, 7, 9]"
174276-7-4-0,/tmp\sound_datasets\urbansound8k\audio/fold1/174276-7-4-0.wav,7,jackhammer,1,"[2, 4, 7]"
180937-7-3-6,/tmp\sound_datasets\urbansound8k\audio/fold1/180937-7-3-6.wav,7,jackhammer,1,"[2, 4, 7]"
180937-7-3-7,/tmp\sound_datasets\urbansound8k\audio/fold1/180937-7-3-7.wav,7,jackhammer,1,"[2, 4, 7]"
46669-4-0-9,/tmp\sound_datasets\urbansound8k\audio/fold1/46669-4-0-9.wav,4,drilling,1,"[2, 4, 4]"
78360-4-0-16,/tmp\sound_datasets\urbansound8k\audio/fold1/78360-4-0-16.wav,4,drilling,1,"[2, 4, 4]"
119455-5-0-5,/tmp\sound_datasets\urbansound8k\audio/fold1/119455-5-0-5.wav,5,engine_idling,1,"[1, 2, 5]"
46669-4-0-63,/tmp\sound_datasets\urbansound8k\audio/fold1/46669-4-0-63.wav,4,drilling,1,"[2, 4, 4]"
19026-1-0-0,/tmp\sound_datasets\urbansound8k\audio/fold1/19026-1-0-0.wav,1,car_horn,1,"[1, 2, 1]"
157867-8-0-3,/tmp\sound_datasets\urbansound8k\audio/fold1/157867-8-0-3.wav,8,siren,1,"[1, 3, 8]"
26270-9-0-32,/tmp\sound_datasets\urbansound8k\audio/fold1/26270-9-0-32.wav,9,street_music,1,"[3, 7, 9]"
151977-0-0-0,/tmp\sound_datasets\urbansound8k\audio/fold1/151977-0-0-0.wav,0,air_conditioner,1,"[2, 5, 0]"
191431-9-0-61,/tmp\sound_datasets\urbansound8k\audio/fold1/191431-9-0-61.wav,9,street_music,1,"[3, 7, 9]"
180937-7-1-5,/tmp\sound_datasets\urbansound8k\audio/fold1/180937-7-1-5.wav,7,jackhammer,1,"[2, 4, 7]"
54858-3-2-0,/tmp\sound_datasets\urbansound8k\audio/fold1/54858-3-2-0.wav,3,dog_bark,1,"[0, 1, 3]"
193698-2-0-112,/tmp\sound_datasets\urbansound8k\audio/fold1/193698-2-0-112.wav,2,children_playing,1,"[0, 0, 2]"
73277-9-0-17,/tmp\sound_datasets\urbansound8k\audio/fold1/73277-9-0-17.wav,9,street_music,1,"[3, 7, 9]"
44736-5-0-0,/tmp\sound_datasets\urbansound8k\audio/fold1/44736-5-0-0.wav,5,engine_idling,1,"[1, 2, 5]"
98223-7-0-0,/tmp\sound_datasets\urbansound8k\audio/fold1/98223-7-0-0.wav,7,jackhammer,1,"[2, 4, 7]"
17913-4-1-0,/tmp\sound_datasets\urbansound8k\audio/fold1/17913-4-1-0.wav,4,drilling,1,"[2, 4, 4]"
78360-4-0-9,/tmp\sound_datasets\urbansound8k\audio/fold1/78360-4-0-9.wav,4,drilling,1,"[2, 4, 4]"
164053-8-2-3,/tmp\sound_datasets\urbansound8k\audio/fold1/164053-8-2-3.wav,8,siren,1,"[1, 3, 8]"
196079-2-0-0,/tmp\sound_datasets\urbansound8k\audio/fold1/196079-2-0-0.wav,2,children_playing,1,"[0, 0, 2]"
176787-5-0-18,/tmp\sound_datasets\urbansound8k\audio/fold1/176787-5-0-18.wav,5,engine_idling,1,"[1, 2, 5]"
197318-6-0-0,/tmp\sound_datasets\urbansound8k\audio/fold1/197318-6-0-0.wav,6,gun_shot,1,"[2, 6, 6]"
77766-9-0-6,/tmp\sound_datasets\urbansound8k\audio/fold1/77766-9-0-6.wav,9,street_music,1,"[3, 7, 9]"
176787-5-0-30,/tmp\sound_datasets\urbansound8k\audio/fold1/176787-5-0-30.wav,5,engine_idling,1,"[1, 2, 5]"
172314-9-0-52,/tmp\sound_datasets\urbansound8k\audio/fold1/172314-9-0-52.wav,9,street_music,1,"[3, 7, 9]"
176787-5-0-24,/tmp\sound_datasets\urbansound8k\audio/fold1/176787-5-0-24.wav,5,engine_idling,1,"[1, 2, 5]"
40722-8-0-3,/tmp\sound_datasets\urbansound8k\audio/fold1/40722-8-0-3.wav,8,siren,1,"[1, 3, 8]"
177621-0-0-48,/tmp\sound_datasets\urbansound8k\audio/fold1/177621-0-0-48.wav,0,air_conditioner,1,"[2, 5, 0]"
203440-3-0-0,/tmp\sound_datasets\urbansound8k\audio/fold1/203440-3-0-0.wav,3,dog_bark,1,"[0, 1, 3]"
146186-5-0-11,/tmp\sound_datasets\urbansound8k\audio/fold1/146186-5-0-11.wav,5,engine_idling,1,"[1, 2, 5]"
118101-3-0-3,/tmp\sound_datasets\urbansound8k\audio/fold1/118101-3-0-3.wav,3,dog_bark,1,"[0, 1, 3]"
103074-7-3-1,/tmp\sound_datasets\urbansound8k\audio/fold1/103074-7-3-1.wav,7,jackhammer,1,"[2, 4, 7]"
57320-0-0-45,/tmp\sound_datasets\urbansound8k\audio/fold1/57320-0-0-45.wav,0,air_conditioner,1,"[2, 5, 0]"
134717-0-0-1,/tmp\sound_datasets\urbansound8k\audio/fold1/134717-0-0-1.wav,0,air_conditioner,1,"[2, 5, 0]"
176258-3-1-13,/tmp\sound_datasets\urbansound8k\audio/fold1/176258-3-1-13.wav,3,dog_bark,1,"[0, 1, 3]"
103258-5-0-12,/tmp\sound_datasets\urbansound8k\audio/fold1/103258-5-0-12.wav,5,engine_idling,1,"[1, 2, 5]"
138031-2-0-47,/tmp\sound_datasets\urbansound8k\audio/fold1/138031-2-0-47.wav,2,children_playing,1,"[0, 0, 2]"
177621-0-0-120,/tmp\sound_datasets\urbansound8k\audio/fold1/177621-0-0-120.wav,0,air_conditioner,1,"[2, 5, 0]"
182800-2-3-1,/tmp\sound_datasets\urbansound8k\audio/fold1/182800-2-3-1.wav,2,children_playing,1,"[0, 0, 2]"
103074-7-1-3,/tmp\sound_datasets\urbansound8k\audio/fold1/103074-7-1-3.wav,7,jackhammer,1,"[2, 4, 7]"
24074-1-0-8,/tmp\sound_datasets\urbansound8k\audio/fold1/24074-1-0-8.wav,1,car_horn,1,"[1, 2, 1]"
98223-7-4-0,/tmp\sound_datasets\urbansound8k\audio/fold1/98223-7-4-0.wav,7,jackhammer,1,"[2, 4, 7]"
103258-5-0-16,/tmp\sound_datasets\urbansound8k\audio/fold1/103258-5-0-16.wav,5,engine_idling,1,"[1, 2, 5]"
134717-0-0-5,/tmp\sound_datasets\urbansound8k\audio/fold1/134717-0-0-5.wav,0,air_conditioner,1,"[2, 5, 0]"
40722-8-0-7,/tmp\sound_datasets\urbansound8k\audio/fold1/40722-8-0-7.wav,8,siren,1,"[1, 3, 8]"
184355-1-0-0,/tmp\sound_datasets\urbansound8k\audio/fold1/184355-1-0-0.wav,1,car_horn,1,"[1, 2, 1]"
106905-8-0-1,/tmp\sound_datasets\urbansound8k\audio/fold1/106905-8-0-1.wav,8,siren,1,"[1, 3, 8]"
176787-5-0-20,/tmp\sound_datasets\urbansound8k\audio/fold1/176787-5-0-20.wav,5,engine_idling,1,"[1, 2, 5]"
94868-1-0-0,/tmp\sound_datasets\urbansound8k\audio/fold1/94868-1-0-0.wav,1,car_horn,1,"[1, 2, 1]"
162540-1-1-0,/tmp\sound_datasets\urbansound8k\audio/fold1/162540-1-1-0.wav,1,car_horn,1,"[1, 2, 1]"
9031-3-3-0,/tmp\sound_datasets\urbansound8k\audio/fold1/9031-3-3-0.wav,3,dog_bark,1,"[0, 1, 3]"
180937-7-1-1,/tmp\sound_datasets\urbansound8k\audio/fold1/180937-7-1-1.wav,7,jackhammer,1,"[2, 4, 7]"
155202-9-0-42,/tmp\sound_datasets\urbansound8k\audio/fold1/155202-9-0-42.wav,9,street_music,1,"[3, 7, 9]"
51022-3-13-0,/tmp\sound_datasets\urbansound8k\audio/fold1/51022-3-13-0.wav,3,dog_bark,1,"[0, 1, 3]"
73277-9-0-0,/tmp\sound_datasets\urbansound8k\audio/fold1/73277-9-0-0.wav,9,street_music,1,"[3, 7, 9]"
151977-0-0-4,/tmp\sound_datasets\urbansound8k\audio/fold1/151977-0-0-4.wav,0,air_conditioner,1,"[2, 5, 0]"
157867-8-0-7,/tmp\sound_datasets\urbansound8k\audio/fold1/157867-8-0-7.wav,8,siren,1,"[1, 3, 8]"
14113-4-0-1,/tmp\sound_datasets\urbansound8k\audio/fold1/14113-4-0-1.wav,4,drilling,1,"[2, 4, 4]"
119455-5-0-1,/tmp\sound_datasets\urbansound8k\audio/fold1/119455-5-0-1.wav,5,engine_idling,1,"[1, 2, 5]"
103258-5-0-9,/tmp\sound_datasets\urbansound8k\audio/fold1/103258-5-0-9.wav,5,engine_idling,1,"[1, 2, 5]"
180937-7-3-3,/tmp\sound_datasets\urbansound8k\audio/fold1/180937-7-3-3.wav,7,jackhammer,1,"[2, 4, 7]"
197318-6-4-0,/tmp\sound_datasets\urbansound8k\audio/fold1/197318-6-4-0.wav,6,gun_shot,1,"[2, 6, 6]"
78360-4-0-12,/tmp\sound_datasets\urbansound8k\audio/fold1/78360-4-0-12.wav,4,drilling,1,"[2, 4, 4]"
103258-5-0-8,/tmp\sound_datasets\urbansound8k\audio/fold1/103258-5-0-8.wav,5,engine_idling,1,"[1, 2, 5]"
30823-8-0-0,/tmp\sound_datasets\urbansound8k\audio/fold1/30823-8-0-0.wav,8,siren,1,"[1, 3, 8]"
180937-7-3-2,/tmp\sound_datasets\urbansound8k\audio/fold1/180937-7-3-2.wav,7,jackhammer,1,"[2, 4, 7]"
165645-4-4-0,/tmp\sound_datasets\urbansound8k\audio/fold1/165645-4-4-0.wav,4,drilling,1,"[2, 4, 4]"
165067-2-0-111,/tmp\sound_datasets\urbansound8k\audio/fold1/165067-2-0-111.wav,2,children_playing,1,"[0, 0, 2]"
65749-3-1-12,/tmp\sound_datasets\urbansound8k\audio/fold1/65749-3-1-12.wav,3,dog_bark,1,"[0, 1, 3]"
192124-2-0-12,/tmp\sound_datasets\urbansound8k\audio/fold1/192124-2-0-12.wav,2,children_playing,1,"[0, 0, 2]"
26270-9-0-23,/tmp\sound_datasets\urbansound8k\audio/fold1/26270-9-0-23.wav,9,street_music,1,"[3, 7, 9]"
14113-4-0-0,/tmp\sound_datasets\urbansound8k\audio/fold1/14113-4-0-0.wav,4,drilling,1,"[2, 4, 4]"
119455-5-0-0,/tmp\sound_datasets\urbansound8k\audio/fold1/119455-5-0-0.wav,5,engine_idling,1,"[1, 2, 5]"
151977-0-0-5,/tmp\sound_datasets\urbansound8k\audio/fold1/151977-0-0-5.wav,0,air_conditioner,1,"[2, 5, 0]"
157867-8-0-6,/tmp\sound_datasets\urbansound8k\audio/fold1/157867-8-0-6.wav,8,siren,1,"[1, 3, 8]"
180937-7-1-0,/tmp\sound_datasets\urbansound8k\audio/fold1/180937-7-1-0.wav,7,jackhammer,1,"[2, 4, 7]"
143651-2-0-59,/tmp\sound_datasets\urbansound8k\audio/fold1/143651-2-0-59.wav,2,children_playing,1,"[0, 0, 2]"
108362-2-0-23,/tmp\sound_datasets\urbansound8k\audio/fold1/108362-2-0-23.wav,2,children_playing,1,"[0, 0, 2]"
197318-6-10-0,/tmp\sound_datasets\urbansound8k\audio/fold1/197318-6-10-0.wav,6,gun_shot,1,"[2, 6, 6]"
108362-2-0-7,/tmp\sound_datasets\urbansound8k\audio/fold1/108362-2-0-7.wav,2,children_playing,1,"[0, 0, 2]"
77766-9-0-3,/tmp\sound_datasets\urbansound8k\audio/fold1/77766-9-0-3.wav,9,street_music,1,"[3, 7, 9]"
176787-5-0-21,/tmp\sound_datasets\urbansound8k\audio/fold1/176787-5-0-21.wav,5,engine_idling,1,"[1, 2, 5]"
106905-8-0-0,/tmp\sound_datasets\urbansound8k\audio/fold1/106905-8-0-0.wav,8,siren,1,"[1, 3, 8]"
15564-2-0-2,/tmp\sound_datasets\urbansound8k\audio/fold1/15564-2-0-2.wav,2,children_playing,1,"[0, 0, 2]"
174276-7-0-0,/tmp\sound_datasets\urbansound8k\audio/fold1/174276-7-0-0.wav,7,jackhammer,1,"[2, 4, 7]"
172314-9-0-80,/tmp\sound_datasets\urbansound8k\audio/fold1/172314-9-0-80.wav,9,street_music,1,"[3, 7, 9]"
113205-5-0-0,/tmp\sound_datasets\urbansound8k\audio/fold1/113205-5-0-0.wav,5,engine_idling,1,"[1, 2, 5]"
118101-3-0-6,/tmp\sound_datasets\urbansound8k\audio/fold1/118101-3-0-6.wav,3,dog_bark,1,"[0, 1, 3]"
40722-8-0-6,/tmp\sound_datasets\urbansound8k\audio/fold1/40722-8-0-6.wav,8,siren,1,"[1, 3, 8]"
203440-3-0-5,/tmp\sound_datasets\urbansound8k\audio/fold1/203440-3-0-5.wav,3,dog_bark,1,"[0, 1, 3]"
134717-0-0-4,/tmp\sound_datasets\urbansound8k\audio/fold1/134717-0-0-4.wav,0,air_conditioner,1,"[2, 5, 0]"
43786-3-1-0,/tmp\sound_datasets\urbansound8k\audio/fold1/43786-3-1-0.wav,3,dog_bark,1,"[0, 1, 3]"
103258-5-0-17,/tmp\sound_datasets\urbansound8k\audio/fold1/103258-5-0-17.wav,5,engine_idling,1,"[1, 2, 5]"
24074-1-0-9,/tmp\sound_datasets\urbansound8k\audio/fold1/24074-1-0-9.wav,1,car_horn,1,"[1, 2, 1]"
103074-7-1-6,/tmp\sound_datasets\urbansound8k\audio/fold1/103074-7-1-6.wav,7,jackhammer,1,"[2, 4, 7]"
177621-0-0-127,/tmp\sound_datasets\urbansound8k\audio/fold1/177621-0-0-127.wav,0,air_conditioner,1,"[2, 5, 0]"
65749-3-1-9,/tmp\sound_datasets\urbansound8k\audio/fold1/65749-3-1-9.wav,3,dog_bark,1,"[0, 1, 3]"
103074-7-1-4,/tmp\sound_datasets\urbansound8k\audio/fold1/103074-7-1-4.wav,7,jackhammer,1,"[2, 4, 7]"
31840-3-1-0,/tmp\sound_datasets\urbansound8k\audio/fold1/31840-3-1-0.wav,3,dog_bark,1,"[0, 1, 3]"
57320-0-0-42,/tmp\sound_datasets\urbansound8k\audio/fold1/57320-0-0-42.wav,0,air_conditioner,1,"[2, 5, 0]"
174276-7-2-0,/tmp\sound_datasets\urbansound8k\audio/fold1/174276-7-2-0.wav,7,jackhammer,1,"[2, 4, 7]"
176714-2-0-77,/tmp\sound_datasets\urbansound8k\audio/fold1/176714-2-0-77.wav,2,children_playing,1,"[0, 0, 2]"
134717-0-0-6,/tmp\sound_datasets\urbansound8k\audio/fold1/134717-0-0-6.wav,0,air_conditioner,1,"[2, 5, 0]"
197073-3-3-0,/tmp\sound_datasets\urbansound8k\audio/fold1/197073-3-3-0.wav,3,dog_bark,1,"[0, 1, 3]"
103258-5-0-15,/tmp\sound_datasets\urbansound8k\audio/fold1/103258-5-0-15.wav,5,engine_idling,1,"[1, 2, 5]"
40722-8-0-4,/tmp\sound_datasets\urbansound8k\audio/fold1/40722-8-0-4.wav,8,siren,1,"[1, 3, 8]"
118101-3-0-4,/tmp\sound_datasets\urbansound8k\audio/fold1/118101-3-0-4.wav,3,dog_bark,1,"[0, 1, 3]"
15564-2-0-0,/tmp\sound_datasets\urbansound8k\audio/fold1/15564-2-0-0.wav,2,children_playing,1,"[0, 0, 2]"
106905-8-0-2,/tmp\sound_datasets\urbansound8k\audio/fold1/106905-8-0-2.wav,8,siren,1,"[1, 3, 8]"
176787-5-0-23,/tmp\sound_datasets\urbansound8k\audio/fold1/176787-5-0-23.wav,5,engine_idling,1,"[1, 2, 5]"
108362-2-0-21,/tmp\sound_datasets\urbansound8k\audio/fold1/108362-2-0-21.wav,2,children_playing,1,"[0, 0, 2]"
180937-7-1-2,/tmp\sound_datasets\urbansound8k\audio/fold1/180937-7-1-2.wav,7,jackhammer,1,"[2, 4, 7]"
108041-9-0-11,/tmp\sound_datasets\urbansound8k\audio/fold1/108041-9-0-11.wav,9,street_music,1,"[3, 7, 9]"
119455-5-0-2,/tmp\sound_datasets\urbansound8k\audio/fold1/119455-5-0-2.wav,5,engine_idling,1,"[1, 2, 5]"
157867-8-0-4,/tmp\sound_datasets\urbansound8k\audio/fold1/157867-8-0-4.wav,8,siren,1,"[1, 3, 8]"
26270-9-0-35,/tmp\sound_datasets\urbansound8k\audio/fold1/26270-9-0-35.wav,9,street_music,1,"[3, 7, 9]"
151977-0-0-7,/tmp\sound_datasets\urbansound8k\audio/fold1/151977-0-0-7.wav,0,air_conditioner,1,"[2, 5, 0]"
191431-9-0-66,/tmp\sound_datasets\urbansound8k\audio/fold1/191431-9-0-66.wav,9,street_music,1,"[3, 7, 9]"
197318-6-12-0,/tmp\sound_datasets\urbansound8k\audio/fold1/197318-6-12-0.wav,6,gun_shot,1,"[2, 6, 6]"
124489-9-0-12,/tmp\sound_datasets\urbansound8k\audio/fold1/124489-9-0-12.wav,9,street_music,1,"[3, 7, 9]"
105415-2-0-15,/tmp\sound_datasets\urbansound8k\audio/fold1/105415-2-0-15.wav,2,children_playing,1,"[0, 0, 2]"
180937-7-3-0,/tmp\sound_datasets\urbansound8k\audio/fold1/180937-7-3-0.wav,7,jackhammer,1,"[2, 4, 7]"
78360-4-0-11,/tmp\sound_datasets\urbansound8k\audio/fold1/78360-4-0-11.wav,4,drilling,1,"[2, 4, 4]"
21684-9-0-25,/tmp\sound_datasets\urbansound8k\audio/fold1/21684-9-0-25.wav,9,street_music,1,"[3, 7, 9]"
21684-9-0-30,/tmp\sound_datasets\urbansound8k\audio/fold1/21684-9-0-30.wav,9,street_music,1,"[3, 7, 9]"
165067-2-0-112,/tmp\sound_datasets\urbansound8k\audio/fold1/165067-2-0-112.wav,2,children_playing,1,"[0, 0, 2]"
180937-7-3-1,/tmp\sound_datasets\urbansound8k\audio/fold1/180937-7-3-1.wav,7,jackhammer,1,"[2, 4, 7]"
51022-3-7-0,/tmp\sound_datasets\urbansound8k\audio/fold1/51022-3-7-0.wav,3,dog_bark,1,"[0, 1, 3]"
191431-9-0-73,/tmp\sound_datasets\urbansound8k\audio/fold1/191431-9-0-73.wav,9,street_music,1,"[3, 7, 9]"
192124-2-0-11,/tmp\sound_datasets\urbansound8k\audio/fold1/192124-2-0-11.wav,2,children_playing,1,"[0, 0, 2]"
9031-3-1-0,/tmp\sound_datasets\urbansound8k\audio/fold1/9031-3-1-0.wav,3,dog_bark,1,"[0, 1, 3]"
157867-8-0-5,/tmp\sound_datasets\urbansound8k\audio/fold1/157867-8-0-5.wav,8,siren,1,"[1, 3, 8]"
151977-0-0-6,/tmp\sound_datasets\urbansound8k\audio/fold1/151977-0-0-6.wav,0,air_conditioner,1,"[2, 5, 0]"
57553-3-1-0,/tmp\sound_datasets\urbansound8k\audio/fold1/57553-3-1-0.wav,3,dog_bark,1,"[0, 1, 3]"
119455-5-0-3,/tmp\sound_datasets\urbansound8k\audio/fold1/119455-5-0-3.wav,5,engine_idling,1,"[1, 2, 5]"
197318-6-6-0,/tmp\sound_datasets\urbansound8k\audio/fold1/197318-6-6-0.wav,6,gun_shot,1,"[2, 6, 6]"
193698-2-0-114,/tmp\sound_datasets\urbansound8k\audio/fold1/193698-2-0-114.wav,2,children_playing,1,"[0, 0, 2]"
137156-9-0-28,/tmp\sound_datasets\urbansound8k\audio/fold1/137156-9-0-28.wav,9,street_music,1,"[3, 7, 9]"
180937-7-1-3,/tmp\sound_datasets\urbansound8k\audio/fold1/180937-7-1-3.wav,7,jackhammer,1,"[2, 4, 7]"
174294-6-1-0,/tmp\sound_datasets\urbansound8k\audio/fold1/174294-6-1-0.wav,6,gun_shot,1,"[2, 6, 6]"
172314-9-0-40,/tmp\sound_datasets\urbansound8k\audio/fold1/172314-9-0-40.wav,9,street_music,1,"[3, 7, 9]"
176787-5-0-22,/tmp\sound_datasets\urbansound8k\audio/fold1/176787-5-0-22.wav,5,engine_idling,1,"[1, 2, 5]"
77766-9-0-0,/tmp\sound_datasets\urbansound8k\audio/fold1/77766-9-0-0.wav,9,street_music,1,"[3, 7, 9]"
15564-2-0-1,/tmp\sound_datasets\urbansound8k\audio/fold1/15564-2-0-1.wav,2,children_playing,1,"[0, 0, 2]"
106905-8-0-3,/tmp\sound_datasets\urbansound8k\audio/fold1/106905-8-0-3.wav,8,siren,1,"[1, 3, 8]"
17592-5-0-0,/tmp\sound_datasets\urbansound8k\audio/fold1/17592-5-0-0.wav,5,engine_idling,1,"[1, 2, 5]"
98223-7-6-0,/tmp\sound_datasets\urbansound8k\audio/fold1/98223-7-6-0.wav,7,jackhammer,1,"[2, 4, 7]"
40722-8-0-5,/tmp\sound_datasets\urbansound8k\audio/fold1/40722-8-0-5.wav,8,siren,1,"[1, 3, 8]"
203440-3-0-6,/tmp\sound_datasets\urbansound8k\audio/fold1/203440-3-0-6.wav,3,dog_bark,1,"[0, 1, 3]"
103258-5-0-14,/tmp\sound_datasets\urbansound8k\audio/fold1/103258-5-0-14.wav,5,engine_idling,1,"[1, 2, 5]"
134717-0-0-7,/tmp\sound_datasets\urbansound8k\audio/fold1/134717-0-0-7.wav,0,air_conditioner,1,"[2, 5, 0]"
94868-1-2-0,/tmp\sound_datasets\urbansound8k\audio/fold1/94868-1-2-0.wav,1,car_horn,1,"[1, 2, 1]"
103074-7-1-5,/tmp\sound_datasets\urbansound8k\audio/fold1/103074-7-1-5.wav,7,jackhammer,1,"[2, 4, 7]"
177621-0-0-126,/tmp\sound_datasets\urbansound8k\audio/fold1/177621-0-0-126.wav,0,air_conditioner,1,"[2, 5, 0]"
135776-2-0-37,/tmp\sound_datasets\urbansound8k\audio/fold1/135776-2-0-37.wav,2,children_playing,1,"[0, 0, 2]"
177621-0-0-117,/tmp\sound_datasets\urbansound8k\audio/fold1/177621-0-0-117.wav,0,air_conditioner,1,"[2, 5, 0]"
24074-1-0-7,/tmp\sound_datasets\urbansound8k\audio/fold1/24074-1-0-7.wav,1,car_horn,1,"[1, 2, 1]"
166268-3-1-0,/tmp\sound_datasets\urbansound8k\audio/fold1/166268-3-1-0.wav,3,dog_bark,1,"[0, 1, 3]"
86279-3-0-0,/tmp\sound_datasets\urbansound8k\audio/fold1/86279-3-0-0.wav,3,dog_bark,1,"[0, 1, 3]"
176258-3-1-18,/tmp\sound_datasets\urbansound8k\audio/fold1/176258-3-1-18.wav,3,dog_bark,1,"[0, 1, 3]"
103258-5-0-19,/tmp\sound_datasets\urbansound8k\audio/fold1/103258-5-0-19.wav,5,engine_idling,1,"[1, 2, 5]"
31323-3-0-22,/tmp\sound_datasets\urbansound8k\audio/fold1/31323-3-0-22.wav,3,dog_bark,1,"[0, 1, 3]"
177621-0-0-57,/tmp\sound_datasets\urbansound8k\audio/fold1/177621-0-0-57.wav,0,air_conditioner,1,"[2, 5, 0]"
40722-8-0-8,/tmp\sound_datasets\urbansound8k\audio/fold1/40722-8-0-8.wav,8,siren,1,"[1, 3, 8]"
57320-0-0-0,/tmp\sound_datasets\urbansound8k\audio/fold1/57320-0-0-0.wav,0,air_conditioner,1,"[2, 5, 0]"
96158-4-0-0,/tmp\sound_datasets\urbansound8k\audio/fold1/96158-4-0-0.wav,4,drilling,1,"[2, 4, 4]"
160009-2-0-30,/tmp\sound_datasets\urbansound8k\audio/fold1/160009-2-0-30.wav,2,children_playing,1,"[0, 0, 2]"
176787-5-0-13,/tmp\sound_datasets\urbansound8k\audio/fold1/176787-5-0-13.wav,5,engine_idling,1,"[1, 2, 5]"
177621-0-0-80,/tmp\sound_datasets\urbansound8k\audio/fold1/177621-0-0-80.wav,0,air_conditioner,1,"[2, 5, 0]"
108362-2-0-9,/tmp\sound_datasets\urbansound8k\audio/fold1/108362-2-0-9.wav,2,children_playing,1,"[0, 0, 2]"
108362-2-0-11,/tmp\sound_datasets\urbansound8k\audio/fold1/108362-2-0-11.wav,2,children_playing,1,"[0, 0, 2]"
159738-8-0-10,/tmp\sound_datasets\urbansound8k\audio/fold1/159738-8-0-10.wav,8,siren,1,"[1, 3, 8]"
24074-1-0-10,/tmp\sound_datasets\urbansound8k\audio/fold1/24074-1-0-10.wav,1,car_horn,1,"[1, 2, 1]"
78360-4-0-2,/tmp\sound_datasets\urbansound8k\audio/fold1/78360-4-0-2.wav,4,drilling,1,"[2, 4, 4]"
114587-3-0-2,/tmp\sound_datasets\urbansound8k\audio/fold1/114587-3-0-2.wav,3,dog_bark,1,"[0, 1, 3]"
137156-9-0-31,/tmp\sound_datasets\urbansound8k\audio/fold1/137156-9-0-31.wav,9,street_music,1,"[3, 7, 9]"
157867-8-0-8,/tmp\sound_datasets\urbansound8k\audio/fold1/157867-8-0-8.wav,8,siren,1,"[1, 3, 8]"
105415-2-0-19,/tmp\sound_datasets\urbansound8k\audio/fold1/105415-2-0-19.wav,2,children_playing,1,"[0, 0, 2]"
46669-4-0-54,/tmp\sound_datasets\urbansound8k\audio/fold1/46669-4-0-54.wav,4,drilling,1,"[2, 4, 4]"
78360-4-0-21,/tmp\sound_datasets\urbansound8k\audio/fold1/78360-4-0-21.wav,4,drilling,1,"[2, 4, 4]"
87275-1-2-0,/tmp\sound_datasets\urbansound8k\audio/fold1/87275-1-2-0.wav,1,car_horn,1,"[1, 2, 1]"
103258-5-0-6,/tmp\sound_datasets\urbansound8k\audio/fold1/103258-5-0-6.wav,5,engine_idling,1,"[1, 2, 5]"
46669-4-0-2,/tmp\sound_datasets\urbansound8k\audio/fold1/46669-4-0-2.wav,4,drilling,1,"[2, 4, 4]"
46669-4-0-3,/tmp\sound_datasets\urbansound8k\audio/fold1/46669-4-0-3.wav,4,drilling,1,"[2, 4, 4]"
147764-4-1-0,/tmp\sound_datasets\urbansound8k\audio/fold1/147764-4-1-0.wav,4,drilling,1,"[2, 4, 4]"
164312-3-0-0,/tmp\sound_datasets\urbansound8k\audio/fold1/164312-3-0-0.wav,3,dog_bark,1,"[0, 1, 3]"
78360-4-0-20,/tmp\sound_datasets\urbansound8k\audio/fold1/78360-4-0-20.wav,4,drilling,1,"[2, 4, 4]"
103258-5-0-7,/tmp\sound_datasets\urbansound8k\audio/fold1/103258-5-0-7.wav,5,engine_idling,1,"[1, 2, 5]"
88466-7-0-0,/tmp\sound_datasets\urbansound8k\audio/fold1/88466-7-0-0.wav,7,jackhammer,1,"[2, 4, 7]"
157867-8-0-9,/tmp\sound_datasets\urbansound8k\audio/fold1/157867-8-0-9.wav,8,siren,1,"[1, 3, 8]"
46656-6-0-0,/tmp\sound_datasets\urbansound8k\audio/fold1/46656-6-0-0.wav,6,gun_shot,1,"[2, 6, 6]"
105415-2-0-24,/tmp\sound_datasets\urbansound8k\audio/fold1/105415-2-0-24.wav,2,children_playing,1,"[0, 0, 2]"
137156-9-0-30,/tmp\sound_datasets\urbansound8k\audio/fold1/137156-9-0-30.wav,9,street_music,1,"[3, 7, 9]"
24074-1-0-11,/tmp\sound_datasets\urbansound8k\audio/fold1/24074-1-0-11.wav,1,car_horn,1,"[1, 2, 1]"
159738-8-0-11,/tmp\sound_datasets\urbansound8k\audio/fold1/159738-8-0-11.wav,8,siren,1,"[1, 3, 8]"
78360-4-0-3,/tmp\sound_datasets\urbansound8k\audio/fold1/78360-4-0-3.wav,4,drilling,1,"[2, 4, 4]"
193698-2-0-89,/tmp\sound_datasets\urbansound8k\audio/fold1/193698-2-0-89.wav,2,children_playing,1,"[0, 0, 2]"
160009-2-0-31,/tmp\sound_datasets\urbansound8k\audio/fold1/160009-2-0-31.wav,2,children_playing,1,"[0, 0, 2]"
176787-5-0-12,/tmp\sound_datasets\urbansound8k\audio/fold1/176787-5-0-12.wav,5,engine_idling,1,"[1, 2, 5]"
150341-3-0-0,/tmp\sound_datasets\urbansound8k\audio/fold1/150341-3-0-0.wav,3,dog_bark,1,"[0, 1, 3]"
174290-6-0-0,/tmp\sound_datasets\urbansound8k\audio/fold1/174290-6-0-0.wav,6,gun_shot,1,"[2, 6, 6]"
103258-5-0-18,/tmp\sound_datasets\urbansound8k\audio/fold1/103258-5-0-18.wav,5,engine_idling,1,"[1, 2, 5]"
24074-1-0-6,/tmp\sound_datasets\urbansound8k\audio/fold1/24074-1-0-6.wav,1,car_horn,1,"[1, 2, 1]"
177621-0-0-128,/tmp\sound_datasets\urbansound8k\audio/fold1/177621-0-0-128.wav,0,air_conditioner,1,"[2, 5, 0]"
177621-0-0-100,/tmp\sound_datasets\urbansound8k\audio/fold1/177621-0-0-100.wav,0,air_conditioner,1,"[2, 5, 0]"
24074-1-0-4,/tmp\sound_datasets\urbansound8k\audio/fold1/24074-1-0-4.wav,1,car_horn,1,"[1, 2, 1]"
134717-0-0-9,/tmp\sound_datasets\urbansound8k\audio/fold1/134717-0-0-9.wav,0,air_conditioner,1,"[2, 5, 0]"
177621-0-0-54,/tmp\sound_datasets\urbansound8k\audio/fold1/177621-0-0-54.wav,0,air_conditioner,1,"[2, 5, 0]"
176787-5-0-10,/tmp\sound_datasets\urbansound8k\audio/fold1/176787-5-0-10.wav,5,engine_idling,1,"[1, 2, 5]"
172314-9-0-72,/tmp\sound_datasets\urbansound8k\audio/fold1/172314-9-0-72.wav,9,street_music,1,"[3, 7, 9]"
174290-6-2-0,/tmp\sound_datasets\urbansound8k\audio/fold1/174290-6-2-0.wav,6,gun_shot,1,"[2, 6, 6]"
71087-4-1-0,/tmp\sound_datasets\urbansound8k\audio/fold1/71087-4-1-0.wav,4,drilling,1,"[2, 4, 4]"
108362-2-0-12,/tmp\sound_datasets\urbansound8k\audio/fold1/108362-2-0-12.wav,2,children_playing,1,"[0, 0, 2]"
46656-6-2-0,/tmp\sound_datasets\urbansound8k\audio/fold1/46656-6-2-0.wav,6,gun_shot,1,"[2, 6, 6]"
78360-4-0-1,/tmp\sound_datasets\urbansound8k\audio/fold1/78360-4-0-1.wav,4,drilling,1,"[2, 4, 4]"
159738-8-0-13,/tmp\sound_datasets\urbansound8k\audio/fold1/159738-8-0-13.wav,8,siren,1,"[1, 3, 8]"
24074-1-0-13,/tmp\sound_datasets\urbansound8k\audio/fold1/24074-1-0-13.wav,1,car_horn,1,"[1, 2, 1]"
147764-4-3-0,/tmp\sound_datasets\urbansound8k\audio/fold1/147764-4-3-0.wav,4,drilling,1,"[2, 4, 4]"
151977-0-0-8,/tmp\sound_datasets\urbansound8k\audio/fold1/151977-0-0-8.wav,0,air_conditioner,1,"[2, 5, 0]"
103258-5-0-5,/tmp\sound_datasets\urbansound8k\audio/fold1/103258-5-0-5.wav,5,engine_idling,1,"[1, 2, 5]"
78360-4-0-22,/tmp\sound_datasets\urbansound8k\audio/fold1/78360-4-0-22.wav,4,drilling,1,"[2, 4, 4]"
46669-4-0-0,/tmp\sound_datasets\urbansound8k\audio/fold1/46669-4-0-0.wav,4,drilling,1,"[2, 4, 4]"
102842-3-0-1,/tmp\sound_datasets\urbansound8k\audio/fold1/102842-3-0-1.wav,3,dog_bark,1,"[0, 1, 3]"
161702-9-0-37,/tmp\sound_datasets\urbansound8k\audio/fold1/161702-9-0-37.wav,9,street_music,1,"[3, 7, 9]"
103258-5-0-4,/tmp\sound_datasets\urbansound8k\audio/fold1/103258-5-0-4.wav,5,engine_idling,1,"[1, 2, 5]"
165067-2-0-91,/tmp\sound_datasets\urbansound8k\audio/fold1/165067-2-0-91.wav,2,children_playing,1,"[0, 0, 2]"
78360-4-0-23,/tmp\sound_datasets\urbansound8k\audio/fold1/78360-4-0-23.wav,4,drilling,1,"[2, 4, 4]"
160009-2-0-1,/tmp\sound_datasets\urbansound8k\audio/fold1/160009-2-0-1.wav,2,children_playing,1,"[0, 0, 2]"
151977-0-0-9,/tmp\sound_datasets\urbansound8k\audio/fold1/151977-0-0-9.wav,0,air_conditioner,1,"[2, 5, 0]"
87275-1-0-0,/tmp\sound_datasets\urbansound8k\audio/fold1/87275-1-0-0.wav,1,car_horn,1,"[1, 2, 1]"
143651-2-0-55,/tmp\sound_datasets\urbansound8k\audio/fold1/143651-2-0-55.wav,2,children_playing,1,"[0, 0, 2]"
78360-4-0-0,/tmp\sound_datasets\urbansound8k\audio/fold1/78360-4-0-0.wav,4,drilling,1,"[2, 4, 4]"
24074-1-0-12,/tmp\sound_datasets\urbansound8k\audio/fold1/24074-1-0-12.wav,1,car_horn,1,"[1, 2, 1]"
159738-8-0-12,/tmp\sound_datasets\urbansound8k\audio/fold1/159738-8-0-12.wav,8,siren,1,"[1, 3, 8]"
197318-6-8-0,/tmp\sound_datasets\urbansound8k\audio/fold1/197318-6-8-0.wav,6,gun_shot,1,"[2, 6, 6]"
98223-7-8-0,/tmp\sound_datasets\urbansound8k\audio/fold1/98223-7-8-0.wav,7,jackhammer,1,"[2, 4, 7]"
176787-5-0-11,/tmp\sound_datasets\urbansound8k\audio/fold1/176787-5-0-11.wav,5,engine_idling,1,"[1, 2, 5]"
176258-3-1-2,/tmp\sound_datasets\urbansound8k\audio/fold1/176258-3-1-2.wav,3,dog_bark,1,"[0, 1, 3]"
31323-3-0-20,/tmp\sound_datasets\urbansound8k\audio/fold1/31323-3-0-20.wav,3,dog_bark,1,"[0, 1, 3]"
176714-2-0-51,/tmp\sound_datasets\urbansound8k\audio/fold1/176714-2-0-51.wav,2,children_playing,1,"[0, 0, 2]"
134717-0-0-8,/tmp\sound_datasets\urbansound8k\audio/fold1/134717-0-0-8.wav,0,air_conditioner,1,"[2, 5, 0]"
24074-1-0-5,/tmp\sound_datasets\urbansound8k\audio/fold1/24074-1-0-5.wav,1,car_horn,1,"[1, 2, 1]"
177621-0-0-105,/tmp\sound_datasets\urbansound8k\audio/fold1/177621-0-0-105.wav,0,air_conditioner,1,"[2, 5, 0]"
83199-9-0-0,/tmp\sound_datasets\urbansound8k\audio/fold1/83199-9-0-0.wav,9,street_music,1,"[3, 7, 9]"
24074-1-0-1,/tmp\sound_datasets\urbansound8k\audio/fold1/24074-1-0-1.wav,1,car_horn,1,"[1, 2, 1]"
180256-3-0-2,/tmp\sound_datasets\urbansound8k\audio/fold1/180256-3-0-2.wav,3,dog_bark,1,"[0, 1, 3]"
176714-2-0-55,/tmp\sound_datasets\urbansound8k\audio/fold1/176714-2-0-55.wav,2,children_playing,1,"[0, 0, 2]"
175851-1-0-0,/tmp\sound_datasets\urbansound8k\audio/fold1/175851-1-0-0.wav,1,car_horn,1,"[1, 2, 1]"
7383-3-0-0,/tmp\sound_datasets\urbansound8k\audio/fold1/7383-3-0-0.wav,3,dog_bark,1,"[0, 1, 3]"
87275-1-4-0,/tmp\sound_datasets\urbansound8k\audio/fold1/87275-1-4-0.wav,1,car_horn,1,"[1, 2, 1]"
99180-9-0-49,/tmp\sound_datasets\urbansound8k\audio/fold1/99180-9-0-49.wav,9,street_music,1,"[3, 7, 9]"
57320-0-0-6,/tmp\sound_datasets\urbansound8k\audio/fold1/57320-0-0-6.wav,0,air_conditioner,1,"[2, 5, 0]"
176787-5-0-29,/tmp\sound_datasets\urbansound8k\audio/fold1/176787-5-0-29.wav,5,engine_idling,1,"[1, 2, 5]"
160009-2-0-22,/tmp\sound_datasets\urbansound8k\audio/fold1/160009-2-0-22.wav,2,children_playing,1,"[0, 0, 2]"
176787-5-0-15,/tmp\sound_datasets\urbansound8k\audio/fold1/176787-5-0-15.wav,5,engine_idling,1,"[1, 2, 5]"
72261-3-0-6,/tmp\sound_datasets\urbansound8k\audio/fold1/72261-3-0-6.wav,3,dog_bark,1,"[0, 1, 3]"
159738-8-0-16,/tmp\sound_datasets\urbansound8k\audio/fold1/159738-8-0-16.wav,8,siren,1,"[1, 3, 8]"
78360-4-0-4,/tmp\sound_datasets\urbansound8k\audio/fold1/78360-4-0-4.wav,4,drilling,1,"[2, 4, 4]"
193394-3-0-11,/tmp\sound_datasets\urbansound8k\audio/fold1/193394-3-0-11.wav,3,dog_bark,1,"[0, 1, 3]"
114587-3-0-4,/tmp\sound_datasets\urbansound8k\audio/fold1/114587-3-0-4.wav,3,dog_bark,1,"[0, 1, 3]"
180937-7-1-8,/tmp\sound_datasets\urbansound8k\audio/fold1/180937-7-1-8.wav,7,jackhammer,1,"[2, 4, 7]"
76093-6-0-0,/tmp\sound_datasets\urbansound8k\audio/fold1/76093-6-0-0.wav,6,gun_shot,1,"[2, 6, 6]"
139951-9-0-9,/tmp\sound_datasets\urbansound8k\audio/fold1/139951-9-0-9.wav,9,street_music,1,"[3, 7, 9]"
160009-2-0-5,/tmp\sound_datasets\urbansound8k\audio/fold1/160009-2-0-5.wav,2,children_playing,1,"[0, 0, 2]"
124489-9-0-18,/tmp\sound_datasets\urbansound8k\audio/fold1/124489-9-0-18.wav,9,street_music,1,"[3, 7, 9]"
165067-2-0-56,/tmp\sound_datasets\urbansound8k\audio/fold1/165067-2-0-56.wav,2,children_playing,1,"[0, 0, 2]"
175845-1-0-0,/tmp\sound_datasets\urbansound8k\audio/fold1/175845-1-0-0.wav,1,car_horn,1,"[1, 2, 1]"
98223-7-10-0,/tmp\sound_datasets\urbansound8k\audio/fold1/98223-7-10-0.wav,7,jackhammer,1,"[2, 4, 7]"
46669-4-0-4,/tmp\sound_datasets\urbansound8k\audio/fold1/46669-4-0-4.wav,4,drilling,1,"[2, 4, 4]"
103258-5-0-0,/tmp\sound_datasets\urbansound8k\audio/fold1/103258-5-0-0.wav,5,engine_idling,1,"[1, 2, 5]"
161702-9-0-26,/tmp\sound_datasets\urbansound8k\audio/fold1/161702-9-0-26.wav,9,street_music,1,"[3, 7, 9]"
162703-1-0-0,/tmp\sound_datasets\urbansound8k\audio/fold1/162703-1-0-0.wav,1,car_horn,1,"[1, 2, 1]"
103258-5-0-1,/tmp\sound_datasets\urbansound8k\audio/fold1/103258-5-0-1.wav,5,engine_idling,1,"[1, 2, 5]"
21684-9-0-12,/tmp\sound_datasets\urbansound8k\audio/fold1/21684-9-0-12.wav,9,street_music,1,"[3, 7, 9]"
114587-3-0-5,/tmp\sound_datasets\urbansound8k\audio/fold1/114587-3-0-5.wav,3,dog_bark,1,"[0, 1, 3]"
180937-7-1-9,/tmp\sound_datasets\urbansound8k\audio/fold1/180937-7-1-9.wav,7,jackhammer,1,"[2, 4, 7]"
193394-3-0-10,/tmp\sound_datasets\urbansound8k\audio/fold1/193394-3-0-10.wav,3,dog_bark,1,"[0, 1, 3]"
159738-8-0-17,/tmp\sound_datasets\urbansound8k\audio/fold1/159738-8-0-17.wav,8,siren,1,"[1, 3, 8]"
78360-4-0-5,/tmp\sound_datasets\urbansound8k\audio/fold1/78360-4-0-5.wav,4,drilling,1,"[2, 4, 4]"
176787-5-0-14,/tmp\sound_datasets\urbansound8k\audio/fold1/176787-5-0-14.wav,5,engine_idling,1,"[1, 2, 5]"
177621-0-0-93,/tmp\sound_datasets\urbansound8k\audio/fold1/177621-0-0-93.wav,0,air_conditioner,1,"[2, 5, 0]"
176787-5-0-28,/tmp\sound_datasets\urbansound8k\audio/fold1/176787-5-0-28.wav,5,engine_idling,1,"[1, 2, 5]"
196065-2-0-0,/tmp\sound_datasets\urbansound8k\audio/fold1/196065-2-0-0.wav,2,children_playing,1,"[0, 0, 2]"
124489-9-0-6,/tmp\sound_datasets\urbansound8k\audio/fold1/124489-9-0-6.wav,9,street_music,1,"[3, 7, 9]"
193698-2-0-58,/tmp\sound_datasets\urbansound8k\audio/fold1/193698-2-0-58.wav,2,children_playing,1,"[0, 0, 2]"
57320-0-0-7,/tmp\sound_datasets\urbansound8k\audio/fold1/57320-0-0-7.wav,0,air_conditioner,1,"[2, 5, 0]"
193698-2-0-64,/tmp\sound_datasets\urbansound8k\audio/fold1/193698-2-0-64.wav,2,children_playing,1,"[0, 0, 2]"
99180-9-0-48,/tmp\sound_datasets\urbansound8k\audio/fold1/99180-9-0-48.wav,9,street_music,1,"[3, 7, 9]"
7383-3-0-1,/tmp\sound_datasets\urbansound8k\audio/fold1/7383-3-0-1.wav,3,dog_bark,1,"[0, 1, 3]"
176714-2-0-40,/tmp\sound_datasets\urbansound8k\audio/fold1/176714-2-0-40.wav,2,children_playing,1,"[0, 0, 2]"
147764-4-7-0,/tmp\sound_datasets\urbansound8k\audio/fold1/147764-4-7-0.wav,4,drilling,1,"[2, 4, 4]"
180256-3-0-3,/tmp\sound_datasets\urbansound8k\audio/fold1/180256-3-0-3.wav,3,dog_bark,1,"[0, 1, 3]"
24074-1-0-0,/tmp\sound_datasets\urbansound8k\audio/fold1/24074-1-0-0.wav,1,car_horn,1,"[1, 2, 1]"
177621-0-0-104,/tmp\sound_datasets\urbansound8k\audio/fold1/177621-0-0-104.wav,0,air_conditioner,1,"[2, 5, 0]"
24074-1-0-2,/tmp\sound_datasets\urbansound8k\audio/fold1/24074-1-0-2.wav,1,car_horn,1,"[1, 2, 1]"
135776-2-0-32,/tmp\sound_datasets\urbansound8k\audio/fold1/135776-2-0-32.wav,2,children_playing,1,"[0, 0, 2]"
180256-3-0-1,/tmp\sound_datasets\urbansound8k\audio/fold1/180256-3-0-1.wav,3,dog_bark,1,"[0, 1, 3]"
57320-0-0-5,/tmp\sound_datasets\urbansound8k\audio/fold1/57320-0-0-5.wav,0,air_conditioner,1,"[2, 5, 0]"
176638-1-1-0,/tmp\sound_datasets\urbansound8k\audio/fold1/176638-1-1-0.wav,1,car_horn,1,"[1, 2, 1]"
177621-0-0-46,/tmp\sound_datasets\urbansound8k\audio/fold1/177621-0-0-46.wav,0,air_conditioner,1,"[2, 5, 0]"
46656-6-4-0,/tmp\sound_datasets\urbansound8k\audio/fold1/46656-6-4-0.wav,6,gun_shot,1,"[2, 6, 6]"
147764-4-5-0,/tmp\sound_datasets\urbansound8k\audio/fold1/147764-4-5-0.wav,4,drilling,1,"[2, 4, 4]"
177621-0-0-91,/tmp\sound_datasets\urbansound8k\audio/fold1/177621-0-0-91.wav,0,air_conditioner,1,"[2, 5, 0]"
164312-3-4-0,/tmp\sound_datasets\urbansound8k\audio/fold1/164312-3-4-0.wav,3,dog_bark,1,"[0, 1, 3]"
176787-5-0-16,/tmp\sound_datasets\urbansound8k\audio/fold1/176787-5-0-16.wav,5,engine_idling,1,"[1, 2, 5]"
78360-4-0-7,/tmp\sound_datasets\urbansound8k\audio/fold1/78360-4-0-7.wav,4,drilling,1,"[2, 4, 4]"
159738-8-0-15,/tmp\sound_datasets\urbansound8k\audio/fold1/159738-8-0-15.wav,8,siren,1,"[1, 3, 8]"
50901-0-1-0,/tmp\sound_datasets\urbansound8k\audio/fold1/50901-0-1-0.wav,0,air_conditioner,1,"[2, 5, 0]"
73277-9-0-19,/tmp\sound_datasets\urbansound8k\audio/fold1/73277-9-0-19.wav,9,street_music,1,"[3, 7, 9]"
118963-3-0-0,/tmp\sound_datasets\urbansound8k\audio/fold1/118963-3-0-0.wav,3,dog_bark,1,"[0, 1, 3]"
114587-3-0-7,/tmp\sound_datasets\urbansound8k\audio/fold1/114587-3-0-7.wav,3,dog_bark,1,"[0, 1, 3]"
165067-2-0-9,/tmp\sound_datasets\urbansound8k\audio/fold1/165067-2-0-9.wav,2,children_playing,1,"[0, 0, 2]"
46669-4-0-45,/tmp\sound_datasets\urbansound8k\audio/fold1/46669-4-0-45.wav,4,drilling,1,"[2, 4, 4]"
102106-3-0-0,/tmp\sound_datasets\urbansound8k\audio/fold1/102106-3-0-0.wav,3,dog_bark,1,"[0, 1, 3]"
78360-4-0-18,/tmp\sound_datasets\urbansound8k\audio/fold1/78360-4-0-18.wav,4,drilling,1,"[2, 4, 4]"
161702-9-0-30,/tmp\sound_datasets\urbansound8k\audio/fold1/161702-9-0-30.wav,9,street_music,1,"[3, 7, 9]"
103258-5-0-3,/tmp\sound_datasets\urbansound8k\audio/fold1/103258-5-0-3.wav,5,engine_idling,1,"[1, 2, 5]"
180937-7-3-9,/tmp\sound_datasets\urbansound8k\audio/fold1/180937-7-3-9.wav,7,jackhammer,1,"[2, 4, 7]"
103258-5-0-2,/tmp\sound_datasets\urbansound8k\audio/fold1/103258-5-0-2.wav,5,engine_idling,1,"[1, 2, 5]"
180937-7-3-8,/tmp\sound_datasets\urbansound8k\audio/fold1/180937-7-3-8.wav,7,jackhammer,1,"[2, 4, 7]"
78360-4-0-19,/tmp\sound_datasets\urbansound8k\audio/fold1/78360-4-0-19.wav,4,drilling,1,"[2, 4, 4]"
21684-9-0-39,/tmp\sound_datasets\urbansound8k\audio/fold1/21684-9-0-39.wav,9,street_music,1,"[3, 7, 9]"
65749-3-1-24,/tmp\sound_datasets\urbansound8k\audio/fold1/65749-3-1-24.wav,3,dog_bark,1,"[0, 1, 3]"
105415-2-0-21,/tmp\sound_datasets\urbansound8k\audio/fold1/105415-2-0-21.wav,2,children_playing,1,"[0, 0, 2]"
77246-6-0-0,/tmp\sound_datasets\urbansound8k\audio/fold1/77246-6-0-0.wav,6,gun_shot,1,"[2, 6, 6]"
73277-9-0-24,/tmp\sound_datasets\urbansound8k\audio/fold1/73277-9-0-24.wav,9,street_music,1,"[3, 7, 9]"
50901-0-1-1,/tmp\sound_datasets\urbansound8k\audio/fold1/50901-0-1-1.wav,0,air_conditioner,1,"[2, 5, 0]"
108362-2-0-29,/tmp\sound_datasets\urbansound8k\audio/fold1/108362-2-0-29.wav,2,children_playing,1,"[0, 0, 2]"
78360-4-0-6,/tmp\sound_datasets\urbansound8k\audio/fold1/78360-4-0-6.wav,4,drilling,1,"[2, 4, 4]"
159738-8-0-14,/tmp\sound_datasets\urbansound8k\audio/fold1/159738-8-0-14.wav,8,siren,1,"[1, 3, 8]"
176787-5-0-17,/tmp\sound_datasets\urbansound8k\audio/fold1/176787-5-0-17.wav,5,engine_idling,1,"[1, 2, 5]"
177621-0-0-47,/tmp\sound_datasets\urbansound8k\audio/fold1/177621-0-0-47.wav,0,air_conditioner,1,"[2, 5, 0]"
57320-0-0-4,/tmp\sound_datasets\urbansound8k\audio/fold1/57320-0-0-4.wav,0,air_conditioner,1,"[2, 5, 0]"
180937-7-2-10,/tmp\sound_datasets\urbansound8k\audio/fold1/180937-7-2-10.wav,7,jackhammer,1,"[2, 4, 7]"
180256-3-0-0,/tmp\sound_datasets\urbansound8k\audio/fold1/180256-3-0-0.wav,3,dog_bark,1,"[0, 1, 3]"
24074-1-0-3,/tmp\sound_datasets\urbansound8k\audio/fold1/24074-1-0-3.wav,1,car_horn,1,"[1, 2, 1]"
97317-2-0-36,/tmp\sound_datasets\urbansound8k\audio/fold1/97317-2-0-36.wav,2,children_playing,1,"[0, 0, 2]"
135776-2-0-40,/tmp\sound_datasets\urbansound8k\audio/fold1/135776-2-0-40.wav,2,children_playing,1,"[0, 0, 2]"
97317-2-0-22,/tmp\sound_datasets\urbansound8k\audio/fold1/97317-2-0-22.wav,2,children_playing,1,"[0, 0, 2]"
138031-2-0-13,/tmp\sound_datasets\urbansound8k\audio/fold1/138031-2-0-13.wav,2,children_playing,1,"[0, 0, 2]"
176714-2-0-18,/tmp\sound_datasets\urbansound8k\audio/fold1/176714-2-0-18.wav,2,children_playing,1,"[0, 0, 2]"
57320-0-0-39,/tmp\sound_datasets\urbansound8k\audio/fold1/57320-0-0-39.wav,0,air_conditioner,1,"[2, 5, 0]"
102842-3-1-0,/tmp\sound_datasets\urbansound8k\audio/fold1/102842-3-1-0.wav,3,dog_bark,1,"[0, 1, 3]"
72261-3-0-17,/tmp\sound_datasets\urbansound8k\audio/fold1/72261-3-0-17.wav,3,dog_bark,1,"[0, 1, 3]"
134717-0-0-13,/tmp\sound_datasets\urbansound8k\audio/fold1/134717-0-0-13.wav,0,air_conditioner,1,"[2, 5, 0]"
146186-5-0-4,/tmp\sound_datasets\urbansound8k\audio/fold1/146186-5-0-4.wav,5,engine_idling,1,"[1, 2, 5]"
57320-0-0-11,/tmp\sound_datasets\urbansound8k\audio/fold1/57320-0-0-11.wav,0,air_conditioner,1,"[2, 5, 0]"
46656-6-3-0,/tmp\sound_datasets\urbansound8k\audio/fold1/46656-6-3-0.wav,6,gun_shot,1,"[2, 6, 6]"
157867-8-0-19,/tmp\sound_datasets\urbansound8k\audio/fold1/157867-8-0-19.wav,8,siren,1,"[1, 3, 8]"
164312-3-3-0,/tmp\sound_datasets\urbansound8k\audio/fold1/164312-3-3-0.wav,3,dog_bark,1,"[0, 1, 3]"
160009-2-0-47,/tmp\sound_datasets\urbansound8k\audio/fold1/160009-2-0-47.wav,2,children_playing,1,"[0, 0, 2]"
176787-5-0-0,/tmp\sound_datasets\urbansound8k\audio/fold1/176787-5-0-0.wav,5,engine_idling,1,"[1, 2, 5]"
157867-8-0-25,/tmp\sound_datasets\urbansound8k\audio/fold1/157867-8-0-25.wav,8,siren,1,"[1, 3, 8]"
55020-4-0-3,/tmp\sound_datasets\urbansound8k\audio/fold1/55020-4-0-3.wav,4,drilling,1,"[2, 4, 4]"
147764-4-2-0,/tmp\sound_datasets\urbansound8k\audio/fold1/147764-4-2-0.wav,4,drilling,1,"[2, 4, 4]"
139951-9-0-13,/tmp\sound_datasets\urbansound8k\audio/fold1/139951-9-0-13.wav,9,street_music,1,"[3, 7, 9]"
57584-4-0-1,/tmp\sound_datasets\urbansound8k\audio/fold1/57584-4-0-1.wav,4,drilling,1,"[2, 4, 4]"
143651-2-0-20,/tmp\sound_datasets\urbansound8k\audio/fold1/143651-2-0-20.wav,2,children_playing,1,"[0, 0, 2]"
180937-7-3-23,/tmp\sound_datasets\urbansound8k\audio/fold1/180937-7-3-23.wav,7,jackhammer,1,"[2, 4, 7]"
71087-4-0-0,/tmp\sound_datasets\urbansound8k\audio/fold1/71087-4-0-0.wav,4,drilling,1,"[2, 4, 4]"
174290-6-3-0,/tmp\sound_datasets\urbansound8k\audio/fold1/174290-6-3-0.wav,6,gun_shot,1,"[2, 6, 6]"
46918-5-0-1,/tmp\sound_datasets\urbansound8k\audio/fold1/46918-5-0-1.wav,5,engine_idling,1,"[1, 2, 5]"
118279-8-0-1,/tmp\sound_datasets\urbansound8k\audio/fold1/118279-8-0-1.wav,8,siren,1,"[1, 3, 8]"
46669-4-0-37,/tmp\sound_datasets\urbansound8k\audio/fold1/46669-4-0-37.wav,4,drilling,1,"[2, 4, 4]"
59277-0-0-3,/tmp\sound_datasets\urbansound8k\audio/fold1/59277-0-0-3.wav,0,air_conditioner,1,"[2, 5, 0]"
180937-7-4-9,/tmp\sound_datasets\urbansound8k\audio/fold1/180937-7-4-9.wav,7,jackhammer,1,"[2, 4, 7]"
159738-8-0-8,/tmp\sound_datasets\urbansound8k\audio/fold1/159738-8-0-8.wav,8,siren,1,"[1, 3, 8]"
118279-8-0-14,/tmp\sound_datasets\urbansound8k\audio/fold1/118279-8-0-14.wav,8,siren,1,"[1, 3, 8]"
159738-8-0-9,/tmp\sound_datasets\urbansound8k\audio/fold1/159738-8-0-9.wav,8,siren,1,"[1, 3, 8]"
180937-7-4-8,/tmp\sound_datasets\urbansound8k\audio/fold1/180937-7-4-8.wav,7,jackhammer,1,"[2, 4, 7]"
59277-0-0-2,/tmp\sound_datasets\urbansound8k\audio/fold1/59277-0-0-2.wav,0,air_conditioner,1,"[2, 5, 0]"
46669-4-0-36,/tmp\sound_datasets\urbansound8k\audio/fold1/46669-4-0-36.wav,4,drilling,1,"[2, 4, 4]"
194732-9-0-171,/tmp\sound_datasets\urbansound8k\audio/fold1/194732-9-0-171.wav,9,street_music,1,"[3, 7, 9]"
161702-9-0-8,/tmp\sound_datasets\urbansound8k\audio/fold1/161702-9-0-8.wav,9,street_music,1,"[3, 7, 9]"
118279-8-0-0,/tmp\sound_datasets\urbansound8k\audio/fold1/118279-8-0-0.wav,8,siren,1,"[1, 3, 8]"
46918-5-0-0,/tmp\sound_datasets\urbansound8k\audio/fold1/46918-5-0-0.wav,5,engine_idling,1,"[1, 2, 5]"
98223-7-9-0,/tmp\sound_datasets\urbansound8k\audio/fold1/98223-7-9-0.wav,7,jackhammer,1,"[2, 4, 7]"
180937-7-3-22,/tmp\sound_datasets\urbansound8k\audio/fold1/180937-7-3-22.wav,7,jackhammer,1,"[2, 4, 7]"
57584-4-0-0,/tmp\sound_datasets\urbansound8k\audio/fold1/57584-4-0-0.wav,4,drilling,1,"[2, 4, 4]"
166268-3-2-0,/tmp\sound_datasets\urbansound8k\audio/fold1/166268-3-2-0.wav,3,dog_bark,1,"[0, 1, 3]"
89948-5-0-0,/tmp\sound_datasets\urbansound8k\audio/fold1/89948-5-0-0.wav,5,engine_idling,1,"[1, 2, 5]"
55020-4-0-2,/tmp\sound_datasets\urbansound8k\audio/fold1/55020-4-0-2.wav,4,drilling,1,"[2, 4, 4]"
157867-8-0-24,/tmp\sound_datasets\urbansound8k\audio/fold1/157867-8-0-24.wav,8,siren,1,"[1, 3, 8]"
176787-5-0-1,/tmp\sound_datasets\urbansound8k\audio/fold1/176787-5-0-1.wav,5,engine_idling,1,"[1, 2, 5]"
157867-8-0-18,/tmp\sound_datasets\urbansound8k\audio/fold1/157867-8-0-18.wav,8,siren,1,"[1, 3, 8]"
87275-1-1-0,/tmp\sound_datasets\urbansound8k\audio/fold1/87275-1-1-0.wav,1,car_horn,1,"[1, 2, 1]"
197318-6-9-0,/tmp\sound_datasets\urbansound8k\audio/fold1/197318-6-9-0.wav,6,gun_shot,1,"[2, 6, 6]"
177621-0-0-35,/tmp\sound_datasets\urbansound8k\audio/fold1/177621-0-0-35.wav,0,air_conditioner,1,"[2, 5, 0]"
155202-9-0-135,/tmp\sound_datasets\urbansound8k\audio/fold1/155202-9-0-135.wav,9,street_music,1,"[3, 7, 9]"
57320-0-0-10,/tmp\sound_datasets\urbansound8k\audio/fold1/57320-0-0-10.wav,0,air_conditioner,1,"[2, 5, 0]"
146186-5-0-5,/tmp\sound_datasets\urbansound8k\audio/fold1/146186-5-0-5.wav,5,engine_idling,1,"[1, 2, 5]"
134717-0-0-12,/tmp\sound_datasets\urbansound8k\audio/fold1/134717-0-0-12.wav,0,air_conditioner,1,"[2, 5, 0]"
122690-6-0-0,/tmp\sound_datasets\urbansound8k\audio/fold1/122690-6-0-0.wav,6,gun_shot,1,"[2, 6, 6]"
57320-0-0-38,/tmp\sound_datasets\urbansound8k\audio/fold1/57320-0-0-38.wav,0,air_conditioner,1,"[2, 5, 0]"
97317-2-0-23,/tmp\sound_datasets\urbansound8k\audio/fold1/97317-2-0-23.wav,2,children_playing,1,"[0, 0, 2]"
87275-1-3-0,/tmp\sound_datasets\urbansound8k\audio/fold1/87275-1-3-0.wav,1,car_horn,1,"[1, 2, 1]"
176714-2-0-33,/tmp\sound_datasets\urbansound8k\audio/fold1/176714-2-0-33.wav,2,children_playing,1,"[0, 0, 2]"
146186-5-0-7,/tmp\sound_datasets\urbansound8k\audio/fold1/146186-5-0-7.wav,5,engine_idling,1,"[1, 2, 5]"
176787-5-0-3,/tmp\sound_datasets\urbansound8k\audio/fold1/176787-5-0-3.wav,5,engine_idling,1,"[1, 2, 5]"
160009-2-0-50,/tmp\sound_datasets\urbansound8k\audio/fold1/160009-2-0-50.wav,2,children_playing,1,"[0, 0, 2]"
55020-4-0-0,/tmp\sound_datasets\urbansound8k\audio/fold1/55020-4-0-0.wav,4,drilling,1,"[2, 4, 4]"
157867-8-0-26,/tmp\sound_datasets\urbansound8k\audio/fold1/157867-8-0-26.wav,8,siren,1,"[1, 3, 8]"
196400-6-0-0,/tmp\sound_datasets\urbansound8k\audio/fold1/196400-6-0-0.wav,6,gun_shot,1,"[2, 6, 6]"
125791-3-0-13,/tmp\sound_datasets\urbansound8k\audio/fold1/125791-3-0-13.wav,3,dog_bark,1,"[0, 1, 3]"
69304-9-0-7,/tmp\sound_datasets\urbansound8k\audio/fold1/69304-9-0-7.wav,9,street_music,1,"[3, 7, 9]"
57584-4-0-2,/tmp\sound_datasets\urbansound8k\audio/fold1/57584-4-0-2.wav,4,drilling,1,"[2, 4, 4]"
137156-9-0-79,/tmp\sound_datasets\urbansound8k\audio/fold1/137156-9-0-79.wav,9,street_music,1,"[3, 7, 9]"
46918-5-0-2,/tmp\sound_datasets\urbansound8k\audio/fold1/46918-5-0-2.wav,5,engine_idling,1,"[1, 2, 5]"
118279-8-0-2,/tmp\sound_datasets\urbansound8k\audio/fold1/118279-8-0-2.wav,8,siren,1,"[1, 3, 8]"
108041-9-0-2,/tmp\sound_datasets\urbansound8k\audio/fold1/108041-9-0-2.wav,9,street_music,1,"[3, 7, 9]"
180937-7-3-20,/tmp\sound_datasets\urbansound8k\audio/fold1/180937-7-3-20.wav,7,jackhammer,1,"[2, 4, 7]"
166268-3-0-0,/tmp\sound_datasets\urbansound8k\audio/fold1/166268-3-0-0.wav,3,dog_bark,1,"[0, 1, 3]"
105415-2-0-1,/tmp\sound_datasets\urbansound8k\audio/fold1/105415-2-0-1.wav,2,children_playing,1,"[0, 0, 2]"
59277-0-0-0,/tmp\sound_datasets\urbansound8k\audio/fold1/59277-0-0-0.wav,0,air_conditioner,1,"[2, 5, 0]"
174290-6-1-0,/tmp\sound_datasets\urbansound8k\audio/fold1/174290-6-1-0.wav,6,gun_shot,1,"[2, 6, 6]"
59277-0-0-1,/tmp\sound_datasets\urbansound8k\audio/fold1/59277-0-0-1.wav,0,air_conditioner,1,"[2, 5, 0]"
46669-4-0-35,/tmp\sound_datasets\urbansound8k\audio/fold1/46669-4-0-35.wav,4,drilling,1,"[2, 4, 4]"
132016-9-0-0,/tmp\sound_datasets\urbansound8k\audio/fold1/132016-9-0-0.wav,9,street_music,1,"[3, 7, 9]"
138031-2-0-7,/tmp\sound_datasets\urbansound8k\audio/fold1/138031-2-0-7.wav,2,children_playing,1,"[0, 0, 2]"
180937-7-3-21,/tmp\sound_datasets\urbansound8k\audio/fold1/180937-7-3-21.wav,7,jackhammer,1,"[2, 4, 7]"
118279-8-0-3,/tmp\sound_datasets\urbansound8k\audio/fold1/118279-8-0-3.wav,8,siren,1,"[1, 3, 8]"
180937-7-4-14,/tmp\sound_datasets\urbansound8k\audio/fold1/180937-7-4-14.wav,7,jackhammer,1,"[2, 4, 7]"
155202-9-0-38,/tmp\sound_datasets\urbansound8k\audio/fold1/155202-9-0-38.wav,9,street_music,1,"[3, 7, 9]"
143651-2-0-22,/tmp\sound_datasets\urbansound8k\audio/fold1/143651-2-0-22.wav,2,children_playing,1,"[0, 0, 2]"
57584-4-0-3,/tmp\sound_datasets\urbansound8k\audio/fold1/57584-4-0-3.wav,4,drilling,1,"[2, 4, 4]"
69304-9-0-6,/tmp\sound_datasets\urbansound8k\audio/fold1/69304-9-0-6.wav,9,street_music,1,"[3, 7, 9]"
125791-3-0-12,/tmp\sound_datasets\urbansound8k\audio/fold1/125791-3-0-12.wav,3,dog_bark,1,"[0, 1, 3]"
150341-3-1-0,/tmp\sound_datasets\urbansound8k\audio/fold1/150341-3-1-0.wav,3,dog_bark,1,"[0, 1, 3]"
157867-8-0-27,/tmp\sound_datasets\urbansound8k\audio/fold1/157867-8-0-27.wav,8,siren,1,"[1, 3, 8]"
55020-4-0-1,/tmp\sound_datasets\urbansound8k\audio/fold1/55020-4-0-1.wav,4,drilling,1,"[2, 4, 4]"
176787-5-0-2,/tmp\sound_datasets\urbansound8k\audio/fold1/176787-5-0-2.wav,5,engine_idling,1,"[1, 2, 5]"
146186-5-0-6,/tmp\sound_datasets\urbansound8k\audio/fold1/146186-5-0-6.wav,5,engine_idling,1,"[1, 2, 5]"
176714-2-0-26,/tmp\sound_datasets\urbansound8k\audio/fold1/176714-2-0-26.wav,2,children_playing,1,"[0, 0, 2]"
57320-0-0-13,/tmp\sound_datasets\urbansound8k\audio/fold1/57320-0-0-13.wav,0,air_conditioner,1,"[2, 5, 0]"
147764-4-0-0,/tmp\sound_datasets\urbansound8k\audio/fold1/147764-4-0-0.wav,4,drilling,1,"[2, 4, 4]"
164312-3-1-0,/tmp\sound_datasets\urbansound8k\audio/fold1/164312-3-1-0.wav,3,dog_bark,1,"[0, 1, 3]"
196087-2-0-0,/tmp\sound_datasets\urbansound8k\audio/fold1/196087-2-0-0.wav,2,children_playing,1,"[0, 0, 2]"
97317-2-0-34,/tmp\sound_datasets\urbansound8k\audio/fold1/97317-2-0-34.wav,2,children_playing,1,"[0, 0, 2]"
46656-6-1-0,/tmp\sound_datasets\urbansound8k\audio/fold1/46656-6-1-0.wav,6,gun_shot,1,"[2, 6, 6]"
134717-0-0-15,/tmp\sound_datasets\urbansound8k\audio/fold1/134717-0-0-15.wav,0,air_conditioner,1,"[2, 5, 0]"
146186-5-0-2,/tmp\sound_datasets\urbansound8k\audio/fold1/146186-5-0-2.wav,5,engine_idling,1,"[1, 2, 5]"
135776-2-0-85,/tmp\sound_datasets\urbansound8k\audio/fold1/135776-2-0-85.wav,2,children_playing,1,"[0, 0, 2]"
102842-3-1-6,/tmp\sound_datasets\urbansound8k\audio/fold1/102842-3-1-6.wav,3,dog_bark,1,"[0, 1, 3]"
180937-7-2-9,/tmp\sound_datasets\urbansound8k\audio/fold1/180937-7-2-9.wav,7,jackhammer,1,"[2, 4, 7]"
22962-4-0-0,/tmp\sound_datasets\urbansound8k\audio/fold1/22962-4-0-0.wav,4,drilling,1,"[2, 4, 4]"
50901-0-0-0,/tmp\sound_datasets\urbansound8k\audio/fold1/50901-0-0-0.wav,0,air_conditioner,1,"[2, 5, 0]"
155202-9-0-126,/tmp\sound_datasets\urbansound8k\audio/fold1/155202-9-0-126.wav,9,street_music,1,"[3, 7, 9]"
55020-4-0-5,/tmp\sound_datasets\urbansound8k\audio/fold1/55020-4-0-5.wav,4,drilling,1,"[2, 4, 4]"
157867-8-0-23,/tmp\sound_datasets\urbansound8k\audio/fold1/157867-8-0-23.wav,8,siren,1,"[1, 3, 8]"
151977-0-0-10,/tmp\sound_datasets\urbansound8k\audio/fold1/151977-0-0-10.wav,0,air_conditioner,1,"[2, 5, 0]"
176787-5-0-6,/tmp\sound_datasets\urbansound8k\audio/fold1/176787-5-0-6.wav,5,engine_idling,1,"[1, 2, 5]"
57584-4-0-7,/tmp\sound_datasets\urbansound8k\audio/fold1/57584-4-0-7.wav,4,drilling,1,"[2, 4, 4]"
139951-9-0-29,/tmp\sound_datasets\urbansound8k\audio/fold1/139951-9-0-29.wav,9,street_music,1,"[3, 7, 9]"
46656-6-5-0,/tmp\sound_datasets\urbansound8k\audio/fold1/46656-6-5-0.wav,6,gun_shot,1,"[2, 6, 6]"
176638-1-0-0,/tmp\sound_datasets\urbansound8k\audio/fold1/176638-1-0-0.wav,1,car_horn,1,"[1, 2, 1]"
180937-7-3-31,/tmp\sound_datasets\urbansound8k\audio/fold1/180937-7-3-31.wav,7,jackhammer,1,"[2, 4, 7]"
118279-8-0-7,/tmp\sound_datasets\urbansound8k\audio/fold1/118279-8-0-7.wav,8,siren,1,"[1, 3, 8]"
108041-9-0-7,/tmp\sound_datasets\urbansound8k\audio/fold1/108041-9-0-7.wav,9,street_music,1,"[3, 7, 9]"
147764-4-4-0,/tmp\sound_datasets\urbansound8k\audio/fold1/147764-4-4-0.wav,4,drilling,1,"[2, 4, 4]"
193698-2-0-140,/tmp\sound_datasets\urbansound8k\audio/fold1/193698-2-0-140.wav,2,children_playing,1,"[0, 0, 2]"
180937-7-3-19,/tmp\sound_datasets\urbansound8k\audio/fold1/180937-7-3-19.wav,7,jackhammer,1,"[2, 4, 7]"
180937-7-4-10,/tmp\sound_datasets\urbansound8k\audio/fold1/180937-7-4-10.wav,7,jackhammer,1,"[2, 4, 7]"
46669-4-0-31,/tmp\sound_datasets\urbansound8k\audio/fold1/46669-4-0-31.wav,4,drilling,1,"[2, 4, 4]"
165067-2-0-35,/tmp\sound_datasets\urbansound8k\audio/fold1/165067-2-0-35.wav,2,children_playing,1,"[0, 0, 2]"
118279-8-0-12,/tmp\sound_datasets\urbansound8k\audio/fold1/118279-8-0-12.wav,8,siren,1,"[1, 3, 8]"
105415-2-0-4,/tmp\sound_datasets\urbansound8k\audio/fold1/105415-2-0-4.wav,2,children_playing,1,"[0, 0, 2]"
59277-0-0-5,/tmp\sound_datasets\urbansound8k\audio/fold1/59277-0-0-5.wav,0,air_conditioner,1,"[2, 5, 0]"
59277-0-0-4,/tmp\sound_datasets\urbansound8k\audio/fold1/59277-0-0-4.wav,0,air_conditioner,1,"[2, 5, 0]"
31323-3-0-1,/tmp\sound_datasets\urbansound8k\audio/fold1/31323-3-0-1.wav,3,dog_bark,1,"[0, 1, 3]"
161702-9-0-45,/tmp\sound_datasets\urbansound8k\audio/fold1/161702-9-0-45.wav,9,street_music,1,"[3, 7, 9]"
118279-8-0-13,/tmp\sound_datasets\urbansound8k\audio/fold1/118279-8-0-13.wav,8,siren,1,"[1, 3, 8]"
191431-9-0-26,/tmp\sound_datasets\urbansound8k\audio/fold1/191431-9-0-26.wav,9,street_music,1,"[3, 7, 9]"
46669-4-0-24,/tmp\sound_datasets\urbansound8k\audio/fold1/46669-4-0-24.wav,4,drilling,1,"[2, 4, 4]"
194732-9-0-163,/tmp\sound_datasets\urbansound8k\audio/fold1/194732-9-0-163.wav,9,street_music,1,"[3, 7, 9]"
46669-4-0-30,/tmp\sound_datasets\urbansound8k\audio/fold1/46669-4-0-30.wav,4,drilling,1,"[2, 4, 4]"
180937-7-3-18,/tmp\sound_datasets\urbansound8k\audio/fold1/180937-7-3-18.wav,7,jackhammer,1,"[2, 4, 7]"
180937-7-4-11,/tmp\sound_datasets\urbansound8k\audio/fold1/180937-7-4-11.wav,7,jackhammer,1,"[2, 4, 7]"
180937-7-3-24,/tmp\sound_datasets\urbansound8k\audio/fold1/180937-7-3-24.wav,7,jackhammer,1,"[2, 4, 7]"
138031-2-0-2,/tmp\sound_datasets\urbansound8k\audio/fold1/138031-2-0-2.wav,2,children_playing,1,"[0, 0, 2]"
108041-9-0-6,/tmp\sound_datasets\urbansound8k\audio/fold1/108041-9-0-6.wav,9,street_music,1,"[3, 7, 9]"
147764-4-4-1,/tmp\sound_datasets\urbansound8k\audio/fold1/147764-4-4-1.wav,4,drilling,1,"[2, 4, 4]"
118279-8-0-6,/tmp\sound_datasets\urbansound8k\audio/fold1/118279-8-0-6.wav,8,siren,1,"[1, 3, 8]"
180937-7-3-30,/tmp\sound_datasets\urbansound8k\audio/fold1/180937-7-3-30.wav,7,jackhammer,1,"[2, 4, 7]"
101415-3-0-8,/tmp\sound_datasets\urbansound8k\audio/fold1/101415-3-0-8.wav,3,dog_bark,1,"[0, 1, 3]"
177621-0-0-0,/tmp\sound_datasets\urbansound8k\audio/fold1/177621-0-0-0.wav,0,air_conditioner,1,"[2, 5, 0]"
57584-4-0-6,/tmp\sound_datasets\urbansound8k\audio/fold1/57584-4-0-6.wav,4,drilling,1,"[2, 4, 4]"
155202-9-0-6,/tmp\sound_datasets\urbansound8k\audio/fold1/155202-9-0-6.wav,9,street_music,1,"[3, 7, 9]"
151977-0-0-11,/tmp\sound_datasets\urbansound8k\audio/fold1/151977-0-0-11.wav,0,air_conditioner,1,"[2, 5, 0]"
176787-5-0-7,/tmp\sound_datasets\urbansound8k\audio/fold1/176787-5-0-7.wav,5,engine_idling,1,"[1, 2, 5]"
157867-8-0-22,/tmp\sound_datasets\urbansound8k\audio/fold1/157867-8-0-22.wav,8,siren,1,"[1, 3, 8]"
55020-4-0-4,/tmp\sound_datasets\urbansound8k\audio/fold1/55020-4-0-4.wav,4,drilling,1,"[2, 4, 4]"
22962-4-0-1,/tmp\sound_datasets\urbansound8k\audio/fold1/22962-4-0-1.wav,4,drilling,1,"[2, 4, 4]"
177621-0-0-27,/tmp\sound_datasets\urbansound8k\audio/fold1/177621-0-0-27.wav,0,air_conditioner,1,"[2, 5, 0]"
180937-7-2-8,/tmp\sound_datasets\urbansound8k\audio/fold1/180937-7-2-8.wav,7,jackhammer,1,"[2, 4, 7]"
134717-0-0-28,/tmp\sound_datasets\urbansound8k\audio/fold1/134717-0-0-28.wav,0,air_conditioner,1,"[2, 5, 0]"
135776-2-0-90,/tmp\sound_datasets\urbansound8k\audio/fold1/135776-2-0-90.wav,2,children_playing,1,"[0, 0, 2]"
176714-2-0-23,/tmp\sound_datasets\urbansound8k\audio/fold1/176714-2-0-23.wav,2,children_playing,1,"[0, 0, 2]"
146186-5-0-3,/tmp\sound_datasets\urbansound8k\audio/fold1/146186-5-0-3.wav,5,engine_idling,1,"[1, 2, 5]"
134717-0-0-14,/tmp\sound_datasets\urbansound8k\audio/fold1/134717-0-0-14.wav,0,air_conditioner,1,"[2, 5, 0]"
138031-2-0-28,/tmp\sound_datasets\urbansound8k\audio/fold1/138031-2-0-28.wav,2,children_playing,1,"[0, 0, 2]"
97317-2-0-25,/tmp\sound_datasets\urbansound8k\audio/fold1/97317-2-0-25.wav,2,children_playing,1,"[0, 0, 2]"
134717-0-0-16,/tmp\sound_datasets\urbansound8k\audio/fold1/134717-0-0-16.wav,0,air_conditioner,1,"[2, 5, 0]"
146186-5-0-1,/tmp\sound_datasets\urbansound8k\audio/fold1/146186-5-0-1.wav,5,engine_idling,1,"[1, 2, 5]"
102842-3-1-5,/tmp\sound_datasets\urbansound8k\audio/fold1/102842-3-1-5.wav,3,dog_bark,1,"[0, 1, 3]"
177621-0-0-31,/tmp\sound_datasets\urbansound8k\audio/fold1/177621-0-0-31.wav,0,air_conditioner,1,"[2, 5, 0]"
157867-8-0-20,/tmp\sound_datasets\urbansound8k\audio/fold1/157867-8-0-20.wav,8,siren,1,"[1, 3, 8]"
55020-4-0-6,/tmp\sound_datasets\urbansound8k\audio/fold1/55020-4-0-6.wav,4,drilling,1,"[2, 4, 4]"
76093-6-1-0,/tmp\sound_datasets\urbansound8k\audio/fold1/76093-6-1-0.wav,6,gun_shot,1,"[2, 6, 6]"
176787-5-0-5,/tmp\sound_datasets\urbansound8k\audio/fold1/176787-5-0-5.wav,5,engine_idling,1,"[1, 2, 5]"
151977-0-0-13,/tmp\sound_datasets\urbansound8k\audio/fold1/151977-0-0-13.wav,0,air_conditioner,1,"[2, 5, 0]"
57584-4-0-4,/tmp\sound_datasets\urbansound8k\audio/fold1/57584-4-0-4.wav,4,drilling,1,"[2, 4, 4]"
125791-3-0-15,/tmp\sound_datasets\urbansound8k\audio/fold1/125791-3-0-15.wav,3,dog_bark,1,"[0, 1, 3]"
113205-5-1-8,/tmp\sound_datasets\urbansound8k\audio/fold1/113205-5-1-8.wav,5,engine_idling,1,"[1, 2, 5]"
177621-0-0-2,/tmp\sound_datasets\urbansound8k\audio/fold1/177621-0-0-2.wav,0,air_conditioner,1,"[2, 5, 0]"
108041-9-0-4,/tmp\sound_datasets\urbansound8k\audio/fold1/108041-9-0-4.wav,9,street_music,1,"[3, 7, 9]"
180937-7-3-26,/tmp\sound_datasets\urbansound8k\audio/fold1/180937-7-3-26.wav,7,jackhammer,1,"[2, 4, 7]"
180937-7-3-32,/tmp\sound_datasets\urbansound8k\audio/fold1/180937-7-3-32.wav,7,jackhammer,1,"[2, 4, 7]"
118279-8-0-4,/tmp\sound_datasets\urbansound8k\audio/fold1/118279-8-0-4.wav,8,siren,1,"[1, 3, 8]"
180937-7-4-13,/tmp\sound_datasets\urbansound8k\audio/fold1/180937-7-4-13.wav,7,jackhammer,1,"[2, 4, 7]"
46669-4-0-26,/tmp\sound_datasets\urbansound8k\audio/fold1/46669-4-0-26.wav,4,drilling,1,"[2, 4, 4]"
194732-9-0-175,/tmp\sound_datasets\urbansound8k\audio/fold1/194732-9-0-175.wav,9,street_music,1,"[3, 7, 9]"
46669-4-0-32,/tmp\sound_datasets\urbansound8k\audio/fold1/46669-4-0-32.wav,4,drilling,1,"[2, 4, 4]"
156194-1-0-0,/tmp\sound_datasets\urbansound8k\audio/fold1/156194-1-0-0.wav,1,car_horn,1,"[1, 2, 1]"
191431-9-0-30,/tmp\sound_datasets\urbansound8k\audio/fold1/191431-9-0-30.wav,9,street_music,1,"[3, 7, 9]"
7383-3-1-0,/tmp\sound_datasets\urbansound8k\audio/fold1/7383-3-1-0.wav,3,dog_bark,1,"[0, 1, 3]"
118279-8-0-11,/tmp\sound_datasets\urbansound8k\audio/fold1/118279-8-0-11.wav,8,siren,1,"[1, 3, 8]"
59277-0-0-6,/tmp\sound_datasets\urbansound8k\audio/fold1/59277-0-0-6.wav,0,air_conditioner,1,"[2, 5, 0]"
132016-9-0-20,/tmp\sound_datasets\urbansound8k\audio/fold1/132016-9-0-20.wav,9,street_music,1,"[3, 7, 9]"
87275-1-5-0,/tmp\sound_datasets\urbansound8k\audio/fold1/87275-1-5-0.wav,1,car_horn,1,"[1, 2, 1]"
105415-2-0-6,/tmp\sound_datasets\urbansound8k\audio/fold1/105415-2-0-6.wav,2,children_playing,1,"[0, 0, 2]"
97317-2-0-5,/tmp\sound_datasets\urbansound8k\audio/fold1/97317-2-0-5.wav,2,children_playing,1,"[0, 0, 2]"
59277-0-0-7,/tmp\sound_datasets\urbansound8k\audio/fold1/59277-0-0-7.wav,0,air_conditioner,1,"[2, 5, 0]"
31323-3-0-2,/tmp\sound_datasets\urbansound8k\audio/fold1/31323-3-0-2.wav,3,dog_bark,1,"[0, 1, 3]"
118279-8-0-10,/tmp\sound_datasets\urbansound8k\audio/fold1/118279-8-0-10.wav,8,siren,1,"[1, 3, 8]"
147764-4-6-0,/tmp\sound_datasets\urbansound8k\audio/fold1/147764-4-6-0.wav,4,drilling,1,"[2, 4, 4]"
132016-9-0-6,/tmp\sound_datasets\urbansound8k\audio/fold1/132016-9-0-6.wav,9,street_music,1,"[3, 7, 9]"
46669-4-0-33,/tmp\sound_datasets\urbansound8k\audio/fold1/46669-4-0-33.wav,4,drilling,1,"[2, 4, 4]"
180937-7-4-12,/tmp\sound_datasets\urbansound8k\audio/fold1/180937-7-4-12.wav,7,jackhammer,1,"[2, 4, 7]"
118279-8-0-5,/tmp\sound_datasets\urbansound8k\audio/fold1/118279-8-0-5.wav,8,siren,1,"[1, 3, 8]"
180937-7-3-33,/tmp\sound_datasets\urbansound8k\audio/fold1/180937-7-3-33.wav,7,jackhammer,1,"[2, 4, 7]"
147764-4-4-2,/tmp\sound_datasets\urbansound8k\audio/fold1/147764-4-4-2.wav,4,drilling,1,"[2, 4, 4]"
180937-7-3-27,/tmp\sound_datasets\urbansound8k\audio/fold1/180937-7-3-27.wav,7,jackhammer,1,"[2, 4, 7]"
108041-9-0-5,/tmp\sound_datasets\urbansound8k\audio/fold1/108041-9-0-5.wav,9,street_music,1,"[3, 7, 9]"
139951-9-0-17,/tmp\sound_datasets\urbansound8k\audio/fold1/139951-9-0-17.wav,9,street_music,1,"[3, 7, 9]"
113205-5-1-9,/tmp\sound_datasets\urbansound8k\audio/fold1/113205-5-1-9.wav,5,engine_idling,1,"[1, 2, 5]"
69304-9-0-0,/tmp\sound_datasets\urbansound8k\audio/fold1/69304-9-0-0.wav,9,street_music,1,"[3, 7, 9]"
57584-4-0-5,/tmp\sound_datasets\urbansound8k\audio/fold1/57584-4-0-5.wav,4,drilling,1,"[2, 4, 4]"
176787-5-0-4,/tmp\sound_datasets\urbansound8k\audio/fold1/176787-5-0-4.wav,5,engine_idling,1,"[1, 2, 5]"
151977-0-0-12,/tmp\sound_datasets\urbansound8k\audio/fold1/151977-0-0-12.wav,0,air_conditioner,1,"[2, 5, 0]"
55020-4-0-7,/tmp\sound_datasets\urbansound8k\audio/fold1/55020-4-0-7.wav,4,drilling,1,"[2, 4, 4]"
157867-8-0-21,/tmp\sound_datasets\urbansound8k\audio/fold1/157867-8-0-21.wav,8,siren,1,"[1, 3, 8]"
155202-9-0-124,/tmp\sound_datasets\urbansound8k\audio/fold1/155202-9-0-124.wav,9,street_music,1,"[3, 7, 9]"
22962-4-0-2,/tmp\sound_datasets\urbansound8k\audio/fold1/22962-4-0-2.wav,4,drilling,1,"[2, 4, 4]"
89212-3-0-0,/tmp\sound_datasets\urbansound8k\audio/fold1/89212-3-0-0.wav,3,dog_bark,1,"[0, 1, 3]"
57320-0-0-15,/tmp\sound_datasets\urbansound8k\audio/fold1/57320-0-0-15.wav,0,air_conditioner,1,"[2, 5, 0]"
146186-5-0-0,/tmp\sound_datasets\urbansound8k\audio/fold1/146186-5-0-0.wav,5,engine_idling,1,"[1, 2, 5]"
135776-2-0-50,/tmp\sound_datasets\urbansound8k\audio/fold1/135776-2-0-50.wav,2,children_playing,1,"[0, 0, 2]"
203929-7-5-1,/tmp\sound_datasets\urbansound8k\audio/fold2/203929-7-5-1.wav,7,jackhammer,2,"[2, 4, 7]"
196384-9-0-2,/tmp\sound_datasets\urbansound8k\audio/fold2/196384-9-0-2.wav,9,street_music,2,"[3, 7, 9]"
169098-7-4-6,/tmp\sound_datasets\urbansound8k\audio/fold2/169098-7-4-6.wav,7,jackhammer,2,"[2, 4, 7]"
123688-8-0-4,/tmp\sound_datasets\urbansound8k\audio/fold2/123688-8-0-4.wav,8,siren,2,"[1, 3, 8]"
174994-3-0-0,/tmp\sound_datasets\urbansound8k\audio/fold2/174994-3-0-0.wav,3,dog_bark,2,"[0, 1, 3]"
18453-3-0-0,/tmp\sound_datasets\urbansound8k\audio/fold2/18453-3-0-0.wav,3,dog_bark,2,"[0, 1, 3]"
109703-2-0-134,/tmp\sound_datasets\urbansound8k\audio/fold2/109703-2-0-134.wav,2,children_playing,2,"[0, 0, 2]"
147926-0-0-44,/tmp\sound_datasets\urbansound8k\audio/fold2/147926-0-0-44.wav,0,air_conditioner,2,"[2, 5, 0]"
123688-8-0-13,/tmp\sound_datasets\urbansound8k\audio/fold2/123688-8-0-13.wav,8,siren,2,"[1, 3, 8]"
203929-7-7-3,/tmp\sound_datasets\urbansound8k\audio/fold2/203929-7-7-3.wav,7,jackhammer,2,"[2, 4, 7]"
147926-0-0-50,/tmp\sound_datasets\urbansound8k\audio/fold2/147926-0-0-50.wav,0,air_conditioner,2,"[2, 5, 0]"
169098-7-4-11,/tmp\sound_datasets\urbansound8k\audio/fold2/169098-7-4-11.wav,7,jackhammer,2,"[2, 4, 7]"
98202-9-0-10,/tmp\sound_datasets\urbansound8k\audio/fold2/98202-9-0-10.wav,9,street_music,2,"[3, 7, 9]"
156893-7-6-0,/tmp\sound_datasets\urbansound8k\audio/fold2/156893-7-6-0.wav,7,jackhammer,2,"[2, 4, 7]"
189023-0-0-0,/tmp\sound_datasets\urbansound8k\audio/fold2/189023-0-0-0.wav,0,air_conditioner,2,"[2, 5, 0]"
203929-7-6-10,/tmp\sound_datasets\urbansound8k\audio/fold2/203929-7-6-10.wav,7,jackhammer,2,"[2, 4, 7]"
96475-9-0-5,/tmp\sound_datasets\urbansound8k\audio/fold2/96475-9-0-5.wav,9,street_music,2,"[3, 7, 9]"
159747-8-0-17,/tmp\sound_datasets\urbansound8k\audio/fold2/159747-8-0-17.wav,8,siren,2,"[1, 3, 8]"
169098-7-0-2,/tmp\sound_datasets\urbansound8k\audio/fold2/169098-7-0-2.wav,7,jackhammer,2,"[2, 4, 7]"
201652-5-4-9,/tmp\sound_datasets\urbansound8k\audio/fold2/201652-5-4-9.wav,5,engine_idling,2,"[1, 2, 5]"
160011-2-0-9,/tmp\sound_datasets\urbansound8k\audio/fold2/160011-2-0-9.wav,2,children_playing,2,"[0, 0, 2]"
106015-5-0-0,/tmp\sound_datasets\urbansound8k\audio/fold2/106015-5-0-0.wav,5,engine_idling,2,"[1, 2, 5]"
23131-3-0-0,/tmp\sound_datasets\urbansound8k\audio/fold2/23131-3-0-0.wav,3,dog_bark,2,"[0, 1, 3]"
165775-7-1-0,/tmp\sound_datasets\urbansound8k\audio/fold2/165775-7-1-0.wav,7,jackhammer,2,"[2, 4, 7]"
74458-9-2-18,/tmp\sound_datasets\urbansound8k\audio/fold2/74458-9-2-18.wav,9,street_music,2,"[3, 7, 9]"
158597-2-0-41,/tmp\sound_datasets\urbansound8k\audio/fold2/158597-2-0-41.wav,2,children_playing,2,"[0, 0, 2]"
72567-1-4-0,/tmp\sound_datasets\urbansound8k\audio/fold2/72567-1-4-0.wav,1,car_horn,2,"[1, 2, 1]"
182739-2-0-24,/tmp\sound_datasets\urbansound8k\audio/fold2/182739-2-0-24.wav,2,children_playing,2,"[0, 0, 2]"
169098-7-2-0,/tmp\sound_datasets\urbansound8k\audio/fold2/169098-7-2-0.wav,7,jackhammer,2,"[2, 4, 7]"
102871-8-0-9,/tmp\sound_datasets\urbansound8k\audio/fold2/102871-8-0-9.wav,8,siren,2,"[1, 3, 8]"
74507-0-0-12,/tmp\sound_datasets\urbansound8k\audio/fold2/74507-0-0-12.wav,0,air_conditioner,2,"[2, 5, 0]"
77751-4-6-0,/tmp\sound_datasets\urbansound8k\audio/fold2/77751-4-6-0.wav,4,drilling,2,"[2, 4, 4]"
159750-8-0-6,/tmp\sound_datasets\urbansound8k\audio/fold2/159750-8-0-6.wav,8,siren,2,"[1, 3, 8]"
172593-2-0-29,/tmp\sound_datasets\urbansound8k\audio/fold2/172593-2-0-29.wav,2,children_playing,2,"[0, 0, 2]"
180126-4-4-2,/tmp\sound_datasets\urbansound8k\audio/fold2/180126-4-4-2.wav,4,drilling,2,"[2, 4, 4]"
172593-2-0-28,/tmp\sound_datasets\urbansound8k\audio/fold2/172593-2-0-28.wav,2,children_playing,2,"[0, 0, 2]"
14387-9-0-12,/tmp\sound_datasets\urbansound8k\audio/fold2/14387-9-0-12.wav,9,street_music,2,"[3, 7, 9]"
112195-3-0-38,/tmp\sound_datasets\urbansound8k\audio/fold2/112195-3-0-38.wav,3,dog_bark,2,"[0, 1, 3]"
159750-8-0-7,/tmp\sound_datasets\urbansound8k\audio/fold2/159750-8-0-7.wav,8,siren,2,"[1, 3, 8]"
60591-2-0-2,/tmp\sound_datasets\urbansound8k\audio/fold2/60591-2-0-2.wav,2,children_playing,2,"[0, 0, 2]"
172593-2-0-14,/tmp\sound_datasets\urbansound8k\audio/fold2/172593-2-0-14.wav,2,children_playing,2,"[0, 0, 2]"
102871-8-0-8,/tmp\sound_datasets\urbansound8k\audio/fold2/102871-8-0-8.wav,8,siren,2,"[1, 3, 8]"
74507-0-0-13,/tmp\sound_datasets\urbansound8k\audio/fold2/74507-0-0-13.wav,0,air_conditioner,2,"[2, 5, 0]"
155219-2-0-57,/tmp\sound_datasets\urbansound8k\audio/fold2/155219-2-0-57.wav,2,children_playing,2,"[0, 0, 2]"
72567-1-4-1,/tmp\sound_datasets\urbansound8k\audio/fold2/72567-1-4-1.wav,1,car_horn,2,"[1, 2, 1]"
106015-5-0-1,/tmp\sound_datasets\urbansound8k\audio/fold2/106015-5-0-1.wav,5,engine_idling,2,"[1, 2, 5]"
201652-5-4-8,/tmp\sound_datasets\urbansound8k\audio/fold2/201652-5-4-8.wav,5,engine_idling,2,"[1, 2, 5]"
169098-7-0-3,/tmp\sound_datasets\urbansound8k\audio/fold2/169098-7-0-3.wav,7,jackhammer,2,"[2, 4, 7]"
159747-8-0-16,/tmp\sound_datasets\urbansound8k\audio/fold2/159747-8-0-16.wav,8,siren,2,"[1, 3, 8]"
189023-0-0-1,/tmp\sound_datasets\urbansound8k\audio/fold2/189023-0-0-1.wav,0,air_conditioner,2,"[2, 5, 0]"
96475-9-0-4,/tmp\sound_datasets\urbansound8k\audio/fold2/96475-9-0-4.wav,9,street_music,2,"[3, 7, 9]"
203929-7-6-11,/tmp\sound_datasets\urbansound8k\audio/fold2/203929-7-6-11.wav,7,jackhammer,2,"[2, 4, 7]"
169098-7-4-10,/tmp\sound_datasets\urbansound8k\audio/fold2/169098-7-4-10.wav,7,jackhammer,2,"[2, 4, 7]"
197320-6-3-0,/tmp\sound_datasets\urbansound8k\audio/fold2/197320-6-3-0.wav,6,gun_shot,2,"[2, 6, 6]"
4911-3-0-0,/tmp\sound_datasets\urbansound8k\audio/fold2/4911-3-0-0.wav,3,dog_bark,2,"[0, 1, 3]"
203929-7-7-2,/tmp\sound_datasets\urbansound8k\audio/fold2/203929-7-7-2.wav,7,jackhammer,2,"[2, 4, 7]"
123688-8-0-12,/tmp\sound_datasets\urbansound8k\audio/fold2/123688-8-0-12.wav,8,siren,2,"[1, 3, 8]"
149370-9-0-32,/tmp\sound_datasets\urbansound8k\audio/fold2/149370-9-0-32.wav,9,street_music,2,"[3, 7, 9]"
203128-3-3-0,/tmp\sound_datasets\urbansound8k\audio/fold2/203128-3-3-0.wav,3,dog_bark,2,"[0, 1, 3]"
96169-9-1-55,/tmp\sound_datasets\urbansound8k\audio/fold2/96169-9-1-55.wav,9,street_music,2,"[3, 7, 9]"
93193-9-0-4,/tmp\sound_datasets\urbansound8k\audio/fold2/93193-9-0-4.wav,9,street_music,2,"[3, 7, 9]"
174994-3-0-1,/tmp\sound_datasets\urbansound8k\audio/fold2/174994-3-0-1.wav,3,dog_bark,2,"[0, 1, 3]"
123688-8-0-5,/tmp\sound_datasets\urbansound8k\audio/fold2/123688-8-0-5.wav,8,siren,2,"[1, 3, 8]"
169098-7-4-7,/tmp\sound_datasets\urbansound8k\audio/fold2/169098-7-4-7.wav,7,jackhammer,2,"[2, 4, 7]"
34621-4-13-0,/tmp\sound_datasets\urbansound8k\audio/fold2/34621-4-13-0.wav,4,drilling,2,"[2, 4, 4]"
203929-7-5-0,/tmp\sound_datasets\urbansound8k\audio/fold2/203929-7-5-0.wav,7,jackhammer,2,"[2, 4, 7]"
72567-1-2-5,/tmp\sound_datasets\urbansound8k\audio/fold2/72567-1-2-5.wav,1,car_horn,2,"[1, 2, 1]"
194841-9-0-48,/tmp\sound_datasets\urbansound8k\audio/fold2/194841-9-0-48.wav,9,street_music,2,"[3, 7, 9]"
69883-3-0-5,/tmp\sound_datasets\urbansound8k\audio/fold2/69883-3-0-5.wav,3,dog_bark,2,"[0, 1, 3]"
169098-7-4-5,/tmp\sound_datasets\urbansound8k\audio/fold2/169098-7-4-5.wav,7,jackhammer,2,"[2, 4, 7]"
123688-8-0-7,/tmp\sound_datasets\urbansound8k\audio/fold2/123688-8-0-7.wav,8,siren,2,"[1, 3, 8]"
76086-4-0-22,/tmp\sound_datasets\urbansound8k\audio/fold2/76086-4-0-22.wav,4,drilling,2,"[2, 4, 4]"
76086-4-0-36,/tmp\sound_datasets\urbansound8k\audio/fold2/76086-4-0-36.wav,4,drilling,2,"[2, 4, 4]"
197320-6-1-0,/tmp\sound_datasets\urbansound8k\audio/fold2/197320-6-1-0.wav,6,gun_shot,2,"[2, 6, 6]"
123688-8-0-10,/tmp\sound_datasets\urbansound8k\audio/fold2/123688-8-0-10.wav,8,siren,2,"[1, 3, 8]"
74495-3-0-1,/tmp\sound_datasets\urbansound8k\audio/fold2/74495-3-0-1.wav,3,dog_bark,2,"[0, 1, 3]"
203929-7-7-0,/tmp\sound_datasets\urbansound8k\audio/fold2/203929-7-7-0.wav,7,jackhammer,2,"[2, 4, 7]"
146690-0-0-125,/tmp\sound_datasets\urbansound8k\audio/fold2/146690-0-0-125.wav,0,air_conditioner,2,"[2, 5, 0]"
34621-4-11-0,/tmp\sound_datasets\urbansound8k\audio/fold2/34621-4-11-0.wav,4,drilling,2,"[2, 4, 4]"
203128-3-1-0,/tmp\sound_datasets\urbansound8k\audio/fold2/203128-3-1-0.wav,3,dog_bark,2,"[0, 1, 3]"
96475-9-0-6,/tmp\sound_datasets\urbansound8k\audio/fold2/96475-9-0-6.wav,9,street_music,2,"[3, 7, 9]"
189023-0-0-3,/tmp\sound_datasets\urbansound8k\audio/fold2/189023-0-0-3.wav,0,air_conditioner,2,"[2, 5, 0]"
203929-7-1-6,/tmp\sound_datasets\urbansound8k\audio/fold2/203929-7-1-6.wav,7,jackhammer,2,"[2, 4, 7]"
159747-8-0-14,/tmp\sound_datasets\urbansound8k\audio/fold2/159747-8-0-14.wav,8,siren,2,"[1, 3, 8]"
177592-5-0-10,/tmp\sound_datasets\urbansound8k\audio/fold2/177592-5-0-10.wav,5,engine_idling,2,"[1, 2, 5]"
106015-5-0-3,/tmp\sound_datasets\urbansound8k\audio/fold2/106015-5-0-3.wav,5,engine_idling,2,"[1, 2, 5]"
127872-0-0-0,/tmp\sound_datasets\urbansound8k\audio/fold2/127872-0-0-0.wav,0,air_conditioner,2,"[2, 5, 0]"
169098-7-0-1,/tmp\sound_datasets\urbansound8k\audio/fold2/169098-7-0-1.wav,7,jackhammer,2,"[2, 4, 7]"
18581-3-0-5,/tmp\sound_datasets\urbansound8k\audio/fold2/18581-3-0-5.wav,3,dog_bark,2,"[0, 1, 3]"
174293-6-1-0,/tmp\sound_datasets\urbansound8k\audio/fold2/174293-6-1-0.wav,6,gun_shot,2,"[2, 6, 6]"
72567-1-4-3,/tmp\sound_datasets\urbansound8k\audio/fold2/72567-1-4-3.wav,1,car_horn,2,"[1, 2, 1]"
106015-5-0-18,/tmp\sound_datasets\urbansound8k\audio/fold2/106015-5-0-18.wav,5,engine_idling,2,"[1, 2, 5]"
74226-9-0-0,/tmp\sound_datasets\urbansound8k\audio/fold2/74226-9-0-0.wav,9,street_music,2,"[3, 7, 9]"
74507-0-0-11,/tmp\sound_datasets\urbansound8k\audio/fold2/74507-0-0-11.wav,0,air_conditioner,2,"[2, 5, 0]"
180126-4-4-1,/tmp\sound_datasets\urbansound8k\audio/fold2/180126-4-4-1.wav,4,drilling,2,"[2, 4, 4]"
76091-6-4-0,/tmp\sound_datasets\urbansound8k\audio/fold2/76091-6-4-0.wav,6,gun_shot,2,"[2, 6, 6]"
159750-8-0-5,/tmp\sound_datasets\urbansound8k\audio/fold2/159750-8-0-5.wav,8,siren,2,"[1, 3, 8]"
159750-8-0-4,/tmp\sound_datasets\urbansound8k\audio/fold2/159750-8-0-4.wav,8,siren,2,"[1, 3, 8]"
180126-4-4-0,/tmp\sound_datasets\urbansound8k\audio/fold2/180126-4-4-0.wav,4,drilling,2,"[2, 4, 4]"
14387-9-0-11,/tmp\sound_datasets\urbansound8k\audio/fold2/14387-9-0-11.wav,9,street_music,2,"[3, 7, 9]"
74507-0-0-10,/tmp\sound_datasets\urbansound8k\audio/fold2/74507-0-0-10.wav,0,air_conditioner,2,"[2, 5, 0]"
23131-3-2-0,/tmp\sound_datasets\urbansound8k\audio/fold2/23131-3-2-0.wav,3,dog_bark,2,"[0, 1, 3]"
196078-2-0-0,/tmp\sound_datasets\urbansound8k\audio/fold2/196078-2-0-0.wav,2,children_playing,2,"[0, 0, 2]"
160092-3-0-0,/tmp\sound_datasets\urbansound8k\audio/fold2/160092-3-0-0.wav,3,dog_bark,2,"[0, 1, 3]"
106015-5-0-19,/tmp\sound_datasets\urbansound8k\audio/fold2/106015-5-0-19.wav,5,engine_idling,2,"[1, 2, 5]"
72567-1-4-2,/tmp\sound_datasets\urbansound8k\audio/fold2/72567-1-4-2.wav,1,car_horn,2,"[1, 2, 1]"
203929-7-3-5,/tmp\sound_datasets\urbansound8k\audio/fold2/203929-7-3-5.wav,7,jackhammer,2,"[2, 4, 7]"
158597-2-0-57,/tmp\sound_datasets\urbansound8k\audio/fold2/158597-2-0-57.wav,2,children_playing,2,"[0, 0, 2]"
77751-4-4-0,/tmp\sound_datasets\urbansound8k\audio/fold2/77751-4-4-0.wav,4,drilling,2,"[2, 4, 4]"
169098-7-0-0,/tmp\sound_datasets\urbansound8k\audio/fold2/169098-7-0-0.wav,7,jackhammer,2,"[2, 4, 7]"
106015-5-0-2,/tmp\sound_datasets\urbansound8k\audio/fold2/106015-5-0-2.wav,5,engine_idling,2,"[1, 2, 5]"
34621-4-4-0,/tmp\sound_datasets\urbansound8k\audio/fold2/34621-4-4-0.wav,4,drilling,2,"[2, 4, 4]"
159747-8-0-15,/tmp\sound_datasets\urbansound8k\audio/fold2/159747-8-0-15.wav,8,siren,2,"[1, 3, 8]"
203929-7-1-7,/tmp\sound_datasets\urbansound8k\audio/fold2/203929-7-1-7.wav,7,jackhammer,2,"[2, 4, 7]"
189023-0-0-2,/tmp\sound_datasets\urbansound8k\audio/fold2/189023-0-0-2.wav,0,air_conditioner,2,"[2, 5, 0]"
123688-8-2-4,/tmp\sound_datasets\urbansound8k\audio/fold2/123688-8-2-4.wav,8,siren,2,"[1, 3, 8]"
74495-3-0-0,/tmp\sound_datasets\urbansound8k\audio/fold2/74495-3-0-0.wav,3,dog_bark,2,"[0, 1, 3]"
123688-8-0-11,/tmp\sound_datasets\urbansound8k\audio/fold2/123688-8-0-11.wav,8,siren,2,"[1, 3, 8]"
174906-2-0-6,/tmp\sound_datasets\urbansound8k\audio/fold2/174906-2-0-6.wav,2,children_playing,2,"[0, 0, 2]"
149254-9-0-42,/tmp\sound_datasets\urbansound8k\audio/fold2/149254-9-0-42.wav,9,street_music,2,"[3, 7, 9]"
149254-9-0-56,/tmp\sound_datasets\urbansound8k\audio/fold2/149254-9-0-56.wav,9,street_music,2,"[3, 7, 9]"
147926-0-0-52,/tmp\sound_datasets\urbansound8k\audio/fold2/147926-0-0-52.wav,0,air_conditioner,2,"[2, 5, 0]"
156893-7-4-0,/tmp\sound_datasets\urbansound8k\audio/fold2/156893-7-4-0.wav,7,jackhammer,2,"[2, 4, 7]"
178521-2-0-18,/tmp\sound_datasets\urbansound8k\audio/fold2/178521-2-0-18.wav,2,children_playing,2,"[0, 0, 2]"
146690-0-0-35,/tmp\sound_datasets\urbansound8k\audio/fold2/146690-0-0-35.wav,0,air_conditioner,2,"[2, 5, 0]"
149370-9-0-19,/tmp\sound_datasets\urbansound8k\audio/fold2/149370-9-0-19.wav,9,street_music,2,"[3, 7, 9]"
174994-3-0-2,/tmp\sound_datasets\urbansound8k\audio/fold2/174994-3-0-2.wav,3,dog_bark,2,"[0, 1, 3]"
123688-8-0-6,/tmp\sound_datasets\urbansound8k\audio/fold2/123688-8-0-6.wav,8,siren,2,"[1, 3, 8]"
169098-7-4-4,/tmp\sound_datasets\urbansound8k\audio/fold2/169098-7-4-4.wav,7,jackhammer,2,"[2, 4, 7]"
76086-4-0-23,/tmp\sound_datasets\urbansound8k\audio/fold2/76086-4-0-23.wav,4,drilling,2,"[2, 4, 4]"
72567-1-2-4,/tmp\sound_datasets\urbansound8k\audio/fold2/72567-1-2-4.wav,1,car_horn,2,"[1, 2, 1]"
76086-4-0-27,/tmp\sound_datasets\urbansound8k\audio/fold2/76086-4-0-27.wav,4,drilling,2,"[2, 4, 4]"
169098-7-4-0,/tmp\sound_datasets\urbansound8k\audio/fold2/169098-7-4-0.wav,7,jackhammer,2,"[2, 4, 7]"
123688-8-0-2,/tmp\sound_datasets\urbansound8k\audio/fold2/123688-8-0-2.wav,8,siren,2,"[1, 3, 8]"
34621-4-0-0,/tmp\sound_datasets\urbansound8k\audio/fold2/34621-4-0-0.wav,4,drilling,2,"[2, 4, 4]"
72567-1-2-0,/tmp\sound_datasets\urbansound8k\audio/fold2/72567-1-2-0.wav,1,car_horn,2,"[1, 2, 1]"
189023-0-0-12,/tmp\sound_datasets\urbansound8k\audio/fold2/189023-0-0-12.wav,0,air_conditioner,2,"[2, 5, 0]"
145608-6-3-0,/tmp\sound_datasets\urbansound8k\audio/fold2/145608-6-3-0.wav,6,gun_shot,2,"[2, 6, 6]"
162541-1-1-0,/tmp\sound_datasets\urbansound8k\audio/fold2/162541-1-1-0.wav,1,car_horn,2,"[1, 2, 1]"
203929-7-5-7,/tmp\sound_datasets\urbansound8k\audio/fold2/203929-7-5-7.wav,7,jackhammer,2,"[2, 4, 7]"
77751-4-0-0,/tmp\sound_datasets\urbansound8k\audio/fold2/77751-4-0-0.wav,4,drilling,2,"[2, 4, 4]"
149370-9-0-21,/tmp\sound_datasets\urbansound8k\audio/fold2/149370-9-0-21.wav,9,street_music,2,"[3, 7, 9]"
146690-0-0-25,/tmp\sound_datasets\urbansound8k\audio/fold2/146690-0-0-25.wav,0,air_conditioner,2,"[2, 5, 0]"
74226-9-0-21,/tmp\sound_datasets\urbansound8k\audio/fold2/74226-9-0-21.wav,9,street_music,2,"[3, 7, 9]"
147672-3-1-0,/tmp\sound_datasets\urbansound8k\audio/fold2/147672-3-1-0.wav,3,dog_bark,2,"[0, 1, 3]"
159747-8-0-8,/tmp\sound_datasets\urbansound8k\audio/fold2/159747-8-0-8.wav,8,siren,2,"[1, 3, 8]"
123688-8-2-0,/tmp\sound_datasets\urbansound8k\audio/fold2/123688-8-2-0.wav,8,siren,2,"[1, 3, 8]"
155219-2-0-0,/tmp\sound_datasets\urbansound8k\audio/fold2/155219-2-0-0.wav,2,children_playing,2,"[0, 0, 2]"
179096-3-0-9,/tmp\sound_datasets\urbansound8k\audio/fold2/179096-3-0-9.wav,3,dog_bark,2,"[0, 1, 3]"
147926-0-0-42,/tmp\sound_datasets\urbansound8k\audio/fold2/147926-0-0-42.wav,0,air_conditioner,2,"[2, 5, 0]"
123688-8-0-15,/tmp\sound_datasets\urbansound8k\audio/fold2/123688-8-0-15.wav,8,siren,2,"[1, 3, 8]"
180126-4-0-0,/tmp\sound_datasets\urbansound8k\audio/fold2/180126-4-0-0.wav,4,drilling,2,"[2, 4, 4]"
189023-0-0-6,/tmp\sound_datasets\urbansound8k\audio/fold2/189023-0-0-6.wav,0,air_conditioner,2,"[2, 5, 0]"
96475-9-0-3,/tmp\sound_datasets\urbansound8k\audio/fold2/96475-9-0-3.wav,9,street_music,2,"[3, 7, 9]"
160011-2-0-34,/tmp\sound_datasets\urbansound8k\audio/fold2/160011-2-0-34.wav,2,children_playing,2,"[0, 0, 2]"
106015-5-0-6,/tmp\sound_datasets\urbansound8k\audio/fold2/106015-5-0-6.wav,5,engine_idling,2,"[1, 2, 5]"
169098-7-0-4,/tmp\sound_datasets\urbansound8k\audio/fold2/169098-7-0-4.wav,7,jackhammer,2,"[2, 4, 7]"
196067-2-0-0,/tmp\sound_datasets\urbansound8k\audio/fold2/196067-2-0-0.wav,2,children_playing,2,"[0, 0, 2]"
203929-7-1-3,/tmp\sound_datasets\urbansound8k\audio/fold2/203929-7-1-3.wav,7,jackhammer,2,"[2, 4, 7]"
159747-8-0-11,/tmp\sound_datasets\urbansound8k\audio/fold2/159747-8-0-11.wav,8,siren,2,"[1, 3, 8]"
156893-7-0-0,/tmp\sound_datasets\urbansound8k\audio/fold2/156893-7-0-0.wav,7,jackhammer,2,"[2, 4, 7]"
79377-9-0-10,/tmp\sound_datasets\urbansound8k\audio/fold2/79377-9-0-10.wav,9,street_music,2,"[3, 7, 9]"
56385-0-0-0,/tmp\sound_datasets\urbansound8k\audio/fold2/56385-0-0-0.wav,0,air_conditioner,2,"[2, 5, 0]"
18581-3-0-0,/tmp\sound_datasets\urbansound8k\audio/fold2/18581-3-0-0.wav,3,dog_bark,2,"[0, 1, 3]"
203929-7-3-1,/tmp\sound_datasets\urbansound8k\audio/fold2/203929-7-3-1.wav,7,jackhammer,2,"[2, 4, 7]"
72567-1-4-6,/tmp\sound_datasets\urbansound8k\audio/fold2/72567-1-4-6.wav,1,car_horn,2,"[1, 2, 1]"
100652-3-0-3,/tmp\sound_datasets\urbansound8k\audio/fold2/100652-3-0-3.wav,3,dog_bark,2,"[0, 1, 3]"
14387-9-0-15,/tmp\sound_datasets\urbansound8k\audio/fold2/14387-9-0-15.wav,9,street_music,2,"[3, 7, 9]"
179866-1-1-0,/tmp\sound_datasets\urbansound8k\audio/fold2/179866-1-1-0.wav,1,car_horn,2,"[1, 2, 1]"
74507-0-0-28,/tmp\sound_datasets\urbansound8k\audio/fold2/74507-0-0-28.wav,0,air_conditioner,2,"[2, 5, 0]"
159750-8-0-0,/tmp\sound_datasets\urbansound8k\audio/fold2/159750-8-0-0.wav,8,siren,2,"[1, 3, 8]"
172593-2-0-13,/tmp\sound_datasets\urbansound8k\audio/fold2/172593-2-0-13.wav,2,children_playing,2,"[0, 0, 2]"
194841-9-0-164,/tmp\sound_datasets\urbansound8k\audio/fold2/194841-9-0-164.wav,9,street_music,2,"[3, 7, 9]"
74507-0-0-14,/tmp\sound_datasets\urbansound8k\audio/fold2/74507-0-0-14.wav,0,air_conditioner,2,"[2, 5, 0]"
74507-0-0-15,/tmp\sound_datasets\urbansound8k\audio/fold2/74507-0-0-15.wav,0,air_conditioner,2,"[2, 5, 0]"
159750-8-0-1,/tmp\sound_datasets\urbansound8k\audio/fold2/159750-8-0-1.wav,8,siren,2,"[1, 3, 8]"
197320-6-12-0,/tmp\sound_datasets\urbansound8k\audio/fold2/197320-6-12-0.wav,6,gun_shot,2,"[2, 6, 6]"
60591-2-0-4,/tmp\sound_datasets\urbansound8k\audio/fold2/60591-2-0-4.wav,2,children_playing,2,"[0, 0, 2]"
100652-3-0-2,/tmp\sound_datasets\urbansound8k\audio/fold2/100652-3-0-2.wav,3,dog_bark,2,"[0, 1, 3]"
72567-1-4-7,/tmp\sound_datasets\urbansound8k\audio/fold2/72567-1-4-7.wav,1,car_horn,2,"[1, 2, 1]"
106015-5-0-20,/tmp\sound_datasets\urbansound8k\audio/fold2/106015-5-0-20.wav,5,engine_idling,2,"[1, 2, 5]"
155219-2-0-51,/tmp\sound_datasets\urbansound8k\audio/fold2/155219-2-0-51.wav,2,children_playing,2,"[0, 0, 2]"
34621-4-15-0,/tmp\sound_datasets\urbansound8k\audio/fold2/34621-4-15-0.wav,4,drilling,2,"[2, 4, 4]"
109703-2-0-48,/tmp\sound_datasets\urbansound8k\audio/fold2/109703-2-0-48.wav,2,children_playing,2,"[0, 0, 2]"
56385-0-0-1,/tmp\sound_datasets\urbansound8k\audio/fold2/56385-0-0-1.wav,0,air_conditioner,2,"[2, 5, 0]"
4201-3-1-0,/tmp\sound_datasets\urbansound8k\audio/fold2/4201-3-1-0.wav,3,dog_bark,2,"[0, 1, 3]"
203929-7-4-12,/tmp\sound_datasets\urbansound8k\audio/fold2/203929-7-4-12.wav,7,jackhammer,2,"[2, 4, 7]"
159747-8-0-10,/tmp\sound_datasets\urbansound8k\audio/fold2/159747-8-0-10.wav,8,siren,2,"[1, 3, 8]"
203929-7-1-2,/tmp\sound_datasets\urbansound8k\audio/fold2/203929-7-1-2.wav,7,jackhammer,2,"[2, 4, 7]"
169098-7-0-5,/tmp\sound_datasets\urbansound8k\audio/fold2/169098-7-0-5.wav,7,jackhammer,2,"[2, 4, 7]"
158597-2-0-85,/tmp\sound_datasets\urbansound8k\audio/fold2/158597-2-0-85.wav,2,children_playing,2,"[0, 0, 2]"
197320-6-5-0,/tmp\sound_datasets\urbansound8k\audio/fold2/197320-6-5-0.wav,6,gun_shot,2,"[2, 6, 6]"
106015-5-0-7,/tmp\sound_datasets\urbansound8k\audio/fold2/106015-5-0-7.wav,5,engine_idling,2,"[1, 2, 5]"
155234-1-0-0,/tmp\sound_datasets\urbansound8k\audio/fold2/155234-1-0-0.wav,1,car_horn,2,"[1, 2, 1]"
196384-9-0-18,/tmp\sound_datasets\urbansound8k\audio/fold2/196384-9-0-18.wav,9,street_music,2,"[3, 7, 9]"
94401-1-0-0,/tmp\sound_datasets\urbansound8k\audio/fold2/94401-1-0-0.wav,1,car_horn,2,"[1, 2, 1]"
94710-5-1-0,/tmp\sound_datasets\urbansound8k\audio/fold2/94710-5-1-0.wav,5,engine_idling,2,"[1, 2, 5]"
189023-0-0-7,/tmp\sound_datasets\urbansound8k\audio/fold2/189023-0-0-7.wav,0,air_conditioner,2,"[2, 5, 0]"
76091-6-0-0,/tmp\sound_datasets\urbansound8k\audio/fold2/76091-6-0-0.wav,6,gun_shot,2,"[2, 6, 6]"
203929-7-7-4,/tmp\sound_datasets\urbansound8k\audio/fold2/203929-7-7-4.wav,7,jackhammer,2,"[2, 4, 7]"
123688-8-0-14,/tmp\sound_datasets\urbansound8k\audio/fold2/123688-8-0-14.wav,8,siren,2,"[1, 3, 8]"
149177-6-0-0,/tmp\sound_datasets\urbansound8k\audio/fold2/149177-6-0-0.wav,6,gun_shot,2,"[2, 6, 6]"
123688-8-2-1,/tmp\sound_datasets\urbansound8k\audio/fold2/123688-8-2-1.wav,8,siren,2,"[1, 3, 8]"
159747-8-0-9,/tmp\sound_datasets\urbansound8k\audio/fold2/159747-8-0-9.wav,8,siren,2,"[1, 3, 8]"
155219-2-0-1,/tmp\sound_datasets\urbansound8k\audio/fold2/155219-2-0-1.wav,2,children_playing,2,"[0, 0, 2]"
146690-0-0-18,/tmp\sound_datasets\urbansound8k\audio/fold2/146690-0-0-18.wav,0,air_conditioner,2,"[2, 5, 0]"
77751-4-0-1,/tmp\sound_datasets\urbansound8k\audio/fold2/77751-4-0-1.wav,4,drilling,2,"[2, 4, 4]"
203929-7-5-6,/tmp\sound_datasets\urbansound8k\audio/fold2/203929-7-5-6.wav,7,jackhammer,2,"[2, 4, 7]"
168713-9-0-38,/tmp\sound_datasets\urbansound8k\audio/fold2/168713-9-0-38.wav,9,street_music,2,"[3, 7, 9]"
189023-0-0-13,/tmp\sound_datasets\urbansound8k\audio/fold2/189023-0-0-13.wav,0,air_conditioner,2,"[2, 5, 0]"
72567-1-2-1,/tmp\sound_datasets\urbansound8k\audio/fold2/72567-1-2-1.wav,1,car_horn,2,"[1, 2, 1]"
76086-4-0-32,/tmp\sound_datasets\urbansound8k\audio/fold2/76086-4-0-32.wav,4,drilling,2,"[2, 4, 4]"
123688-8-0-3,/tmp\sound_datasets\urbansound8k\audio/fold2/123688-8-0-3.wav,8,siren,2,"[1, 3, 8]"
192269-2-0-11,/tmp\sound_datasets\urbansound8k\audio/fold2/192269-2-0-11.wav,2,children_playing,2,"[0, 0, 2]"
169098-7-4-1,/tmp\sound_datasets\urbansound8k\audio/fold2/169098-7-4-1.wav,7,jackhammer,2,"[2, 4, 7]"
89211-3-0-0,/tmp\sound_datasets\urbansound8k\audio/fold2/89211-3-0-0.wav,3,dog_bark,2,"[0, 1, 3]"
169098-7-4-3,/tmp\sound_datasets\urbansound8k\audio/fold2/169098-7-4-3.wav,7,jackhammer,2,"[2, 4, 7]"
123688-8-0-1,/tmp\sound_datasets\urbansound8k\audio/fold2/123688-8-0-1.wav,8,siren,2,"[1, 3, 8]"
76086-4-0-24,/tmp\sound_datasets\urbansound8k\audio/fold2/76086-4-0-24.wav,4,drilling,2,"[2, 4, 4]"
74507-0-0-8,/tmp\sound_datasets\urbansound8k\audio/fold2/74507-0-0-8.wav,0,air_conditioner,2,"[2, 5, 0]"
104817-4-0-9,/tmp\sound_datasets\urbansound8k\audio/fold2/104817-4-0-9.wav,4,drilling,2,"[2, 4, 4]"
72567-1-2-3,/tmp\sound_datasets\urbansound8k\audio/fold2/72567-1-2-3.wav,1,car_horn,2,"[1, 2, 1]"
189023-0-0-11,/tmp\sound_datasets\urbansound8k\audio/fold2/189023-0-0-11.wav,0,air_conditioner,2,"[2, 5, 0]"
76086-4-0-18,/tmp\sound_datasets\urbansound8k\audio/fold2/76086-4-0-18.wav,4,drilling,2,"[2, 4, 4]"
76091-6-2-0,/tmp\sound_datasets\urbansound8k\audio/fold2/76091-6-2-0.wav,6,gun_shot,2,"[2, 6, 6]"
149370-9-0-22,/tmp\sound_datasets\urbansound8k\audio/fold2/149370-9-0-22.wav,9,street_music,2,"[3, 7, 9]"
146690-0-0-137,/tmp\sound_datasets\urbansound8k\audio/fold2/146690-0-0-137.wav,0,air_conditioner,2,"[2, 5, 0]"
123688-8-2-3,/tmp\sound_datasets\urbansound8k\audio/fold2/123688-8-2-3.wav,8,siren,2,"[1, 3, 8]"
123688-8-0-16,/tmp\sound_datasets\urbansound8k\audio/fold2/123688-8-0-16.wav,8,siren,2,"[1, 3, 8]"
147926-0-0-41,/tmp\sound_datasets\urbansound8k\audio/fold2/147926-0-0-41.wav,0,air_conditioner,2,"[2, 5, 0]"
149254-9-0-51,/tmp\sound_datasets\urbansound8k\audio/fold2/149254-9-0-51.wav,9,street_music,2,"[3, 7, 9]"
72567-1-0-1,/tmp\sound_datasets\urbansound8k\audio/fold2/72567-1-0-1.wav,1,car_horn,2,"[1, 2, 1]"
96475-9-0-0,/tmp\sound_datasets\urbansound8k\audio/fold2/96475-9-0-0.wav,9,street_music,2,"[3, 7, 9]"
189023-0-0-5,/tmp\sound_datasets\urbansound8k\audio/fold2/189023-0-0-5.wav,0,air_conditioner,2,"[2, 5, 0]"
203929-7-9-9,/tmp\sound_datasets\urbansound8k\audio/fold2/203929-7-9-9.wav,7,jackhammer,2,"[2, 4, 7]"
169098-7-0-7,/tmp\sound_datasets\urbansound8k\audio/fold2/169098-7-0-7.wav,7,jackhammer,2,"[2, 4, 7]"
34621-4-17-0,/tmp\sound_datasets\urbansound8k\audio/fold2/34621-4-17-0.wav,4,drilling,2,"[2, 4, 4]"
106015-5-0-5,/tmp\sound_datasets\urbansound8k\audio/fold2/106015-5-0-5.wav,5,engine_idling,2,"[1, 2, 5]"
159747-8-0-12,/tmp\sound_datasets\urbansound8k\audio/fold2/159747-8-0-12.wav,8,siren,2,"[1, 3, 8]"
203929-7-1-0,/tmp\sound_datasets\urbansound8k\audio/fold2/203929-7-1-0.wav,7,jackhammer,2,"[2, 4, 7]"
79377-9-0-13,/tmp\sound_datasets\urbansound8k\audio/fold2/79377-9-0-13.wav,9,street_music,2,"[3, 7, 9]"
203929-7-4-10,/tmp\sound_datasets\urbansound8k\audio/fold2/203929-7-4-10.wav,7,jackhammer,2,"[2, 4, 7]"
197320-6-10-0,/tmp\sound_datasets\urbansound8k\audio/fold2/197320-6-10-0.wav,6,gun_shot,2,"[2, 6, 6]"
74226-9-0-6,/tmp\sound_datasets\urbansound8k\audio/fold2/74226-9-0-6.wav,9,street_music,2,"[3, 7, 9]"
197320-6-7-0,/tmp\sound_datasets\urbansound8k\audio/fold2/197320-6-7-0.wav,6,gun_shot,2,"[2, 6, 6]"
72567-1-4-5,/tmp\sound_datasets\urbansound8k\audio/fold2/72567-1-4-5.wav,1,car_horn,2,"[1, 2, 1]"
100652-3-0-0,/tmp\sound_datasets\urbansound8k\audio/fold2/100652-3-0-0.wav,3,dog_bark,2,"[0, 1, 3]"
182739-2-0-35,/tmp\sound_datasets\urbansound8k\audio/fold2/182739-2-0-35.wav,2,children_playing,2,"[0, 0, 2]"
203929-7-3-2,/tmp\sound_datasets\urbansound8k\audio/fold2/203929-7-3-2.wav,7,jackhammer,2,"[2, 4, 7]"
159750-8-0-3,/tmp\sound_datasets\urbansound8k\audio/fold2/159750-8-0-3.wav,8,siren,2,"[1, 3, 8]"
14387-9-0-16,/tmp\sound_datasets\urbansound8k\audio/fold2/14387-9-0-16.wav,9,street_music,2,"[3, 7, 9]"
74507-0-0-17,/tmp\sound_datasets\urbansound8k\audio/fold2/74507-0-0-17.wav,0,air_conditioner,2,"[2, 5, 0]"
4201-3-3-0,/tmp\sound_datasets\urbansound8k\audio/fold2/4201-3-3-0.wav,3,dog_bark,2,"[0, 1, 3]"
172593-2-0-10,/tmp\sound_datasets\urbansound8k\audio/fold2/172593-2-0-10.wav,2,children_playing,2,"[0, 0, 2]"
33849-3-3-0,/tmp\sound_datasets\urbansound8k\audio/fold2/33849-3-3-0.wav,3,dog_bark,2,"[0, 1, 3]"
74507-0-0-16,/tmp\sound_datasets\urbansound8k\audio/fold2/74507-0-0-16.wav,0,air_conditioner,2,"[2, 5, 0]"
156893-7-2-0,/tmp\sound_datasets\urbansound8k\audio/fold2/156893-7-2-0.wav,7,jackhammer,2,"[2, 4, 7]"
159750-8-0-2,/tmp\sound_datasets\urbansound8k\audio/fold2/159750-8-0-2.wav,8,siren,2,"[1, 3, 8]"
60591-2-0-7,/tmp\sound_datasets\urbansound8k\audio/fold2/60591-2-0-7.wav,2,children_playing,2,"[0, 0, 2]"
203929-7-3-3,/tmp\sound_datasets\urbansound8k\audio/fold2/203929-7-3-3.wav,7,jackhammer,2,"[2, 4, 7]"
100652-3-0-1,/tmp\sound_datasets\urbansound8k\audio/fold2/100652-3-0-1.wav,3,dog_bark,2,"[0, 1, 3]"
72567-1-4-4,/tmp\sound_datasets\urbansound8k\audio/fold2/72567-1-4-4.wav,1,car_horn,2,"[1, 2, 1]"
74226-9-0-7,/tmp\sound_datasets\urbansound8k\audio/fold2/74226-9-0-7.wav,9,street_music,2,"[3, 7, 9]"
196082-2-0-0,/tmp\sound_datasets\urbansound8k\audio/fold2/196082-2-0-0.wav,2,children_playing,2,"[0, 0, 2]"
56385-0-0-2,/tmp\sound_datasets\urbansound8k\audio/fold2/56385-0-0-2.wav,0,air_conditioner,2,"[2, 5, 0]"
203929-7-4-11,/tmp\sound_datasets\urbansound8k\audio/fold2/203929-7-4-11.wav,7,jackhammer,2,"[2, 4, 7]"
79377-9-0-12,/tmp\sound_datasets\urbansound8k\audio/fold2/79377-9-0-12.wav,9,street_music,2,"[3, 7, 9]"
203929-7-1-1,/tmp\sound_datasets\urbansound8k\audio/fold2/203929-7-1-1.wav,7,jackhammer,2,"[2, 4, 7]"
159747-8-0-13,/tmp\sound_datasets\urbansound8k\audio/fold2/159747-8-0-13.wav,8,siren,2,"[1, 3, 8]"
106015-5-0-4,/tmp\sound_datasets\urbansound8k\audio/fold2/106015-5-0-4.wav,5,engine_idling,2,"[1, 2, 5]"
169098-7-0-6,/tmp\sound_datasets\urbansound8k\audio/fold2/169098-7-0-6.wav,7,jackhammer,2,"[2, 4, 7]"
203929-7-9-8,/tmp\sound_datasets\urbansound8k\audio/fold2/203929-7-9-8.wav,7,jackhammer,2,"[2, 4, 7]"
77751-4-2-0,/tmp\sound_datasets\urbansound8k\audio/fold2/77751-4-2-0.wav,4,drilling,2,"[2, 4, 4]"
196384-9-0-27,/tmp\sound_datasets\urbansound8k\audio/fold2/196384-9-0-27.wav,9,street_music,2,"[3, 7, 9]"
189023-0-0-4,/tmp\sound_datasets\urbansound8k\audio/fold2/189023-0-0-4.wav,0,air_conditioner,2,"[2, 5, 0]"
72567-1-0-0,/tmp\sound_datasets\urbansound8k\audio/fold2/72567-1-0-0.wav,1,car_horn,2,"[1, 2, 1]"
39970-9-0-98,/tmp\sound_datasets\urbansound8k\audio/fold2/39970-9-0-98.wav,9,street_music,2,"[3, 7, 9]"
147926-0-0-54,/tmp\sound_datasets\urbansound8k\audio/fold2/147926-0-0-54.wav,0,air_conditioner,2,"[2, 5, 0]"
145608-6-1-0,/tmp\sound_datasets\urbansound8k\audio/fold2/145608-6-1-0.wav,6,gun_shot,2,"[2, 6, 6]"
123688-8-0-17,/tmp\sound_datasets\urbansound8k\audio/fold2/123688-8-0-17.wav,8,siren,2,"[1, 3, 8]"
123688-8-2-2,/tmp\sound_datasets\urbansound8k\audio/fold2/123688-8-2-2.wav,8,siren,2,"[1, 3, 8]"
34621-4-2-0,/tmp\sound_datasets\urbansound8k\audio/fold2/34621-4-2-0.wav,4,drilling,2,"[2, 4, 4]"
76090-6-1-0,/tmp\sound_datasets\urbansound8k\audio/fold2/76090-6-1-0.wav,6,gun_shot,2,"[2, 6, 6]"
174994-3-0-4,/tmp\sound_datasets\urbansound8k\audio/fold2/174994-3-0-4.wav,3,dog_bark,2,"[0, 1, 3]"
178521-2-0-22,/tmp\sound_datasets\urbansound8k\audio/fold2/178521-2-0-22.wav,2,children_playing,2,"[0, 0, 2]"
23131-3-4-0,/tmp\sound_datasets\urbansound8k\audio/fold2/23131-3-4-0.wav,3,dog_bark,2,"[0, 1, 3]"
159710-6-0-0,/tmp\sound_datasets\urbansound8k\audio/fold2/159710-6-0-0.wav,6,gun_shot,2,"[2, 6, 6]"
149370-9-0-37,/tmp\sound_datasets\urbansound8k\audio/fold2/149370-9-0-37.wav,9,street_music,2,"[3, 7, 9]"
180126-4-2-0,/tmp\sound_datasets\urbansound8k\audio/fold2/180126-4-2-0.wav,4,drilling,2,"[2, 4, 4]"
104817-4-0-8,/tmp\sound_datasets\urbansound8k\audio/fold2/104817-4-0-8.wav,4,drilling,2,"[2, 4, 4]"
76086-4-0-19,/tmp\sound_datasets\urbansound8k\audio/fold2/76086-4-0-19.wav,4,drilling,2,"[2, 4, 4]"
189023-0-0-10,/tmp\sound_datasets\urbansound8k\audio/fold2/189023-0-0-10.wav,0,air_conditioner,2,"[2, 5, 0]"
72567-1-2-2,/tmp\sound_datasets\urbansound8k\audio/fold2/72567-1-2-2.wav,1,car_horn,2,"[1, 2, 1]"
74507-0-0-9,/tmp\sound_datasets\urbansound8k\audio/fold2/74507-0-0-9.wav,0,air_conditioner,2,"[2, 5, 0]"
123688-8-0-0,/tmp\sound_datasets\urbansound8k\audio/fold2/123688-8-0-0.wav,8,siren,2,"[1, 3, 8]"
169098-7-4-2,/tmp\sound_datasets\urbansound8k\audio/fold2/169098-7-4-2.wav,7,jackhammer,2,"[2, 4, 7]"
102104-3-0-0,/tmp\sound_datasets\urbansound8k\audio/fold2/102104-3-0-0.wav,3,dog_bark,2,"[0, 1, 3]"
178521-2-0-86,/tmp\sound_datasets\urbansound8k\audio/fold2/178521-2-0-86.wav,2,children_playing,2,"[0, 0, 2]"
76086-4-0-56,/tmp\sound_datasets\urbansound8k\audio/fold2/76086-4-0-56.wav,4,drilling,2,"[2, 4, 4]"
76091-6-5-0,/tmp\sound_datasets\urbansound8k\audio/fold2/76091-6-5-0.wav,6,gun_shot,2,"[2, 6, 6]"
147926-0-0-27,/tmp\sound_datasets\urbansound8k\audio/fold2/147926-0-0-27.wav,0,air_conditioner,2,"[2, 5, 0]"
177592-5-0-7,/tmp\sound_datasets\urbansound8k\audio/fold2/177592-5-0-7.wav,5,engine_idling,2,"[1, 2, 5]"
146690-0-0-151,/tmp\sound_datasets\urbansound8k\audio/fold2/146690-0-0-151.wav,0,air_conditioner,2,"[2, 5, 0]"
178521-2-0-7,/tmp\sound_datasets\urbansound8k\audio/fold2/178521-2-0-7.wav,2,children_playing,2,"[0, 0, 2]"
174293-6-0-0,/tmp\sound_datasets\urbansound8k\audio/fold2/174293-6-0-0.wav,6,gun_shot,2,"[2, 6, 6]"
46655-6-0-0,/tmp\sound_datasets\urbansound8k\audio/fold2/46655-6-0-0.wav,6,gun_shot,2,"[2, 6, 6]"
203929-7-10-2,/tmp\sound_datasets\urbansound8k\audio/fold2/203929-7-10-2.wav,7,jackhammer,2,"[2, 4, 7]"
178520-2-0-29,/tmp\sound_datasets\urbansound8k\audio/fold2/178520-2-0-29.wav,2,children_playing,2,"[0, 0, 2]"
158597-2-0-3,/tmp\sound_datasets\urbansound8k\audio/fold2/158597-2-0-3.wav,2,children_playing,2,"[0, 0, 2]"
189991-0-0-3,/tmp\sound_datasets\urbansound8k\audio/fold2/189991-0-0-3.wav,0,air_conditioner,2,"[2, 5, 0]"
203929-7-4-2,/tmp\sound_datasets\urbansound8k\audio/fold2/203929-7-4-2.wav,7,jackhammer,2,"[2, 4, 7]"
152908-5-0-8,/tmp\sound_datasets\urbansound8k\audio/fold2/152908-5-0-8.wav,5,engine_idling,2,"[1, 2, 5]"
63261-3-0-0,/tmp\sound_datasets\urbansound8k\audio/fold2/63261-3-0-0.wav,3,dog_bark,2,"[0, 1, 3]"
40717-8-0-0,/tmp\sound_datasets\urbansound8k\audio/fold2/40717-8-0-0.wav,8,siren,2,"[1, 3, 8]"
197320-6-0-0,/tmp\sound_datasets\urbansound8k\audio/fold2/197320-6-0-0.wav,6,gun_shot,2,"[2, 6, 6]"
98202-9-1-27,/tmp\sound_datasets\urbansound8k\audio/fold2/98202-9-1-27.wav,9,street_music,2,"[3, 7, 9]"
93193-9-1-6,/tmp\sound_datasets\urbansound8k\audio/fold2/93193-9-1-6.wav,9,street_music,2,"[3, 7, 9]"
173995-3-0-0,/tmp\sound_datasets\urbansound8k\audio/fold2/173995-3-0-0.wav,3,dog_bark,2,"[0, 1, 3]"
156893-7-5-0,/tmp\sound_datasets\urbansound8k\audio/fold2/156893-7-5-0.wav,7,jackhammer,2,"[2, 4, 7]"
33849-3-4-0,/tmp\sound_datasets\urbansound8k\audio/fold2/33849-3-4-0.wav,3,dog_bark,2,"[0, 1, 3]"
182739-2-0-85,/tmp\sound_datasets\urbansound8k\audio/fold2/182739-2-0-85.wav,2,children_playing,2,"[0, 0, 2]"
152908-5-0-9,/tmp\sound_datasets\urbansound8k\audio/fold2/152908-5-0-9.wav,5,engine_idling,2,"[1, 2, 5]"
63261-3-0-1,/tmp\sound_datasets\urbansound8k\audio/fold2/63261-3-0-1.wav,3,dog_bark,2,"[0, 1, 3]"
40717-8-0-1,/tmp\sound_datasets\urbansound8k\audio/fold2/40717-8-0-1.wav,8,siren,2,"[1, 3, 8]"
189991-0-0-2,/tmp\sound_datasets\urbansound8k\audio/fold2/189991-0-0-2.wav,0,air_conditioner,2,"[2, 5, 0]"
60605-9-0-73,/tmp\sound_datasets\urbansound8k\audio/fold2/60605-9-0-73.wav,9,street_music,2,"[3, 7, 9]"
178520-2-0-28,/tmp\sound_datasets\urbansound8k\audio/fold2/178520-2-0-28.wav,2,children_playing,2,"[0, 0, 2]"
158597-2-0-2,/tmp\sound_datasets\urbansound8k\audio/fold2/158597-2-0-2.wav,2,children_playing,2,"[0, 0, 2]"
203929-7-6-1,/tmp\sound_datasets\urbansound8k\audio/fold2/203929-7-6-1.wav,7,jackhammer,2,"[2, 4, 7]"
77751-4-5-0,/tmp\sound_datasets\urbansound8k\audio/fold2/77751-4-5-0.wav,4,drilling,2,"[2, 4, 4]"
60591-2-0-12,/tmp\sound_datasets\urbansound8k\audio/fold2/60591-2-0-12.wav,2,children_playing,2,"[0, 0, 2]"
169098-7-1-0,/tmp\sound_datasets\urbansound8k\audio/fold2/169098-7-1-0.wav,7,jackhammer,2,"[2, 4, 7]"
34621-4-5-0,/tmp\sound_datasets\urbansound8k\audio/fold2/34621-4-5-0.wav,4,drilling,2,"[2, 4, 4]"
177592-5-0-6,/tmp\sound_datasets\urbansound8k\audio/fold2/177592-5-0-6.wav,5,engine_idling,2,"[1, 2, 5]"
159743-8-0-0,/tmp\sound_datasets\urbansound8k\audio/fold2/159743-8-0-0.wav,8,siren,2,"[1, 3, 8]"
76086-4-0-43,/tmp\sound_datasets\urbansound8k\audio/fold2/76086-4-0-43.wav,4,drilling,2,"[2, 4, 4]"
203929-7-2-5,/tmp\sound_datasets\urbansound8k\audio/fold2/203929-7-2-5.wav,7,jackhammer,2,"[2, 4, 7]"
178521-2-0-93,/tmp\sound_datasets\urbansound8k\audio/fold2/178521-2-0-93.wav,2,children_playing,2,"[0, 0, 2]"
72567-1-5-0,/tmp\sound_datasets\urbansound8k\audio/fold2/72567-1-5-0.wav,1,car_horn,2,"[1, 2, 1]"
169098-7-3-0,/tmp\sound_datasets\urbansound8k\audio/fold2/169098-7-3-0.wav,7,jackhammer,2,"[2, 4, 7]"
76086-4-0-55,/tmp\sound_datasets\urbansound8k\audio/fold2/76086-4-0-55.wav,4,drilling,2,"[2, 4, 4]"
34621-4-7-0,/tmp\sound_datasets\urbansound8k\audio/fold2/34621-4-7-0.wav,4,drilling,2,"[2, 4, 4]"
146690-0-0-80,/tmp\sound_datasets\urbansound8k\audio/fold2/146690-0-0-80.wav,0,air_conditioner,2,"[2, 5, 0]"
77751-4-7-0,/tmp\sound_datasets\urbansound8k\audio/fold2/77751-4-7-0.wav,4,drilling,2,"[2, 4, 4]"
146690-0-0-43,/tmp\sound_datasets\urbansound8k\audio/fold2/146690-0-0-43.wav,0,air_conditioner,2,"[2, 5, 0]"
177592-5-0-4,/tmp\sound_datasets\urbansound8k\audio/fold2/177592-5-0-4.wav,5,engine_idling,2,"[1, 2, 5]"
165775-7-0-0,/tmp\sound_datasets\urbansound8k\audio/fold2/165775-7-0-0.wav,7,jackhammer,2,"[2, 4, 7]"
203929-7-6-3,/tmp\sound_datasets\urbansound8k\audio/fold2/203929-7-6-3.wav,7,jackhammer,2,"[2, 4, 7]"
203929-7-10-1,/tmp\sound_datasets\urbansound8k\audio/fold2/203929-7-10-1.wav,7,jackhammer,2,"[2, 4, 7]"
58202-1-0-0,/tmp\sound_datasets\urbansound8k\audio/fold2/58202-1-0-0.wav,1,car_horn,2,"[1, 2, 1]"
156893-7-7-0,/tmp\sound_datasets\urbansound8k\audio/fold2/156893-7-7-0.wav,7,jackhammer,2,"[2, 4, 7]"
203929-7-4-1,/tmp\sound_datasets\urbansound8k\audio/fold2/203929-7-4-1.wav,7,jackhammer,2,"[2, 4, 7]"
189991-0-0-0,/tmp\sound_datasets\urbansound8k\audio/fold2/189991-0-0-0.wav,0,air_conditioner,2,"[2, 5, 0]"
155219-2-0-22,/tmp\sound_datasets\urbansound8k\audio/fold2/155219-2-0-22.wav,2,children_playing,2,"[0, 0, 2]"
40717-8-0-3,/tmp\sound_datasets\urbansound8k\audio/fold2/40717-8-0-3.wav,8,siren,2,"[1, 3, 8]"
182739-2-0-78,/tmp\sound_datasets\urbansound8k\audio/fold2/182739-2-0-78.wav,2,children_playing,2,"[0, 0, 2]"
123688-8-1-4,/tmp\sound_datasets\urbansound8k\audio/fold2/123688-8-1-4.wav,8,siren,2,"[1, 3, 8]"
160366-3-0-8,/tmp\sound_datasets\urbansound8k\audio/fold2/160366-3-0-8.wav,3,dog_bark,2,"[0, 1, 3]"
173995-3-0-3,/tmp\sound_datasets\urbansound8k\audio/fold2/173995-3-0-3.wav,3,dog_bark,2,"[0, 1, 3]"
203929-7-9-20,/tmp\sound_datasets\urbansound8k\audio/fold2/203929-7-9-20.wav,7,jackhammer,2,"[2, 4, 7]"
123688-8-1-5,/tmp\sound_datasets\urbansound8k\audio/fold2/123688-8-1-5.wav,8,siren,2,"[1, 3, 8]"
40717-8-0-2,/tmp\sound_datasets\urbansound8k\audio/fold2/40717-8-0-2.wav,8,siren,2,"[1, 3, 8]"
34621-4-12-0,/tmp\sound_datasets\urbansound8k\audio/fold2/34621-4-12-0.wav,4,drilling,2,"[2, 4, 4]"
189991-0-0-1,/tmp\sound_datasets\urbansound8k\audio/fold2/189991-0-0-1.wav,0,air_conditioner,2,"[2, 5, 0]"
203929-7-4-0,/tmp\sound_datasets\urbansound8k\audio/fold2/203929-7-4-0.wav,7,jackhammer,2,"[2, 4, 7]"
60605-9-0-64,/tmp\sound_datasets\urbansound8k\audio/fold2/60605-9-0-64.wav,9,street_music,2,"[3, 7, 9]"
118723-4-0-0,/tmp\sound_datasets\urbansound8k\audio/fold2/118723-4-0-0.wav,4,drilling,2,"[2, 4, 4]"
174906-2-0-18,/tmp\sound_datasets\urbansound8k\audio/fold2/174906-2-0-18.wav,2,children_playing,2,"[0, 0, 2]"
203929-7-10-0,/tmp\sound_datasets\urbansound8k\audio/fold2/203929-7-10-0.wav,7,jackhammer,2,"[2, 4, 7]"
197320-6-2-0,/tmp\sound_datasets\urbansound8k\audio/fold2/197320-6-2-0.wav,6,gun_shot,2,"[2, 6, 6]"
203929-7-6-2,/tmp\sound_datasets\urbansound8k\audio/fold2/203929-7-6-2.wav,7,jackhammer,2,"[2, 4, 7]"
60591-2-0-11,/tmp\sound_datasets\urbansound8k\audio/fold2/60591-2-0-11.wav,2,children_playing,2,"[0, 0, 2]"
173995-3-0-11,/tmp\sound_datasets\urbansound8k\audio/fold2/173995-3-0-11.wav,3,dog_bark,2,"[0, 1, 3]"
177592-5-0-5,/tmp\sound_datasets\urbansound8k\audio/fold2/177592-5-0-5.wav,5,engine_idling,2,"[1, 2, 5]"
174293-6-2-0,/tmp\sound_datasets\urbansound8k\audio/fold2/174293-6-2-0.wav,6,gun_shot,2,"[2, 6, 6]"
168713-9-0-62,/tmp\sound_datasets\urbansound8k\audio/fold2/168713-9-0-62.wav,9,street_music,2,"[3, 7, 9]"
169098-7-3-1,/tmp\sound_datasets\urbansound8k\audio/fold2/169098-7-3-1.wav,7,jackhammer,2,"[2, 4, 7]"
203929-7-2-6,/tmp\sound_datasets\urbansound8k\audio/fold2/203929-7-2-6.wav,7,jackhammer,2,"[2, 4, 7]"
76086-4-0-50,/tmp\sound_datasets\urbansound8k\audio/fold2/76086-4-0-50.wav,4,drilling,2,"[2, 4, 4]"
197320-6-6-0,/tmp\sound_datasets\urbansound8k\audio/fold2/197320-6-6-0.wav,6,gun_shot,2,"[2, 6, 6]"
203929-7-2-2,/tmp\sound_datasets\urbansound8k\audio/fold2/203929-7-2-2.wav,7,jackhammer,2,"[2, 4, 7]"
69883-3-0-20,/tmp\sound_datasets\urbansound8k\audio/fold2/69883-3-0-20.wav,3,dog_bark,2,"[0, 1, 3]"
96920-9-0-2,/tmp\sound_datasets\urbansound8k\audio/fold2/96920-9-0-2.wav,9,street_music,2,"[3, 7, 9]"
66996-8-1-0,/tmp\sound_datasets\urbansound8k\audio/fold2/66996-8-1-0.wav,8,siren,2,"[1, 3, 8]"
203929-7-2-11,/tmp\sound_datasets\urbansound8k\audio/fold2/203929-7-2-11.wav,7,jackhammer,2,"[2, 4, 7]"
4201-3-2-0,/tmp\sound_datasets\urbansound8k\audio/fold2/4201-3-2-0.wav,3,dog_bark,2,"[0, 1, 3]"
34621-4-16-0,/tmp\sound_datasets\urbansound8k\audio/fold2/34621-4-16-0.wav,4,drilling,2,"[2, 4, 4]"
147926-0-0-35,/tmp\sound_datasets\urbansound8k\audio/fold2/147926-0-0-35.wav,0,air_conditioner,2,"[2, 5, 0]"
54545-3-0-1,/tmp\sound_datasets\urbansound8k\audio/fold2/54545-3-0-1.wav,3,dog_bark,2,"[0, 1, 3]"
147926-0-0-21,/tmp\sound_datasets\urbansound8k\audio/fold2/147926-0-0-21.wav,0,air_conditioner,2,"[2, 5, 0]"
177592-5-0-1,/tmp\sound_datasets\urbansound8k\audio/fold2/177592-5-0-1.wav,5,engine_idling,2,"[1, 2, 5]"
149254-9-0-25,/tmp\sound_datasets\urbansound8k\audio/fold2/149254-9-0-25.wav,9,street_music,2,"[3, 7, 9]"
197320-6-11-0,/tmp\sound_datasets\urbansound8k\audio/fold2/197320-6-11-0.wav,6,gun_shot,2,"[2, 6, 6]"
203128-3-6-0,/tmp\sound_datasets\urbansound8k\audio/fold2/203128-3-6-0.wav,3,dog_bark,2,"[0, 1, 3]"
60591-2-0-15,/tmp\sound_datasets\urbansound8k\audio/fold2/60591-2-0-15.wav,2,children_playing,2,"[0, 0, 2]"
18581-3-1-3,/tmp\sound_datasets\urbansound8k\audio/fold2/18581-3-1-3.wav,3,dog_bark,2,"[0, 1, 3]"
50416-4-0-2,/tmp\sound_datasets\urbansound8k\audio/fold2/50416-4-0-2.wav,4,drilling,2,"[2, 4, 4]"
94710-5-0-2,/tmp\sound_datasets\urbansound8k\audio/fold2/94710-5-0-2.wav,5,engine_idling,2,"[1, 2, 5]"
158597-2-0-30,/tmp\sound_datasets\urbansound8k\audio/fold2/158597-2-0-30.wav,2,children_playing,2,"[0, 0, 2]"
174906-2-0-20,/tmp\sound_datasets\urbansound8k\audio/fold2/174906-2-0-20.wav,2,children_playing,2,"[0, 0, 2]"
40717-8-0-6,/tmp\sound_datasets\urbansound8k\audio/fold2/40717-8-0-6.wav,8,siren,2,"[1, 3, 8]"
123688-8-1-1,/tmp\sound_datasets\urbansound8k\audio/fold2/123688-8-1-1.wav,8,siren,2,"[1, 3, 8]"
203929-7-4-4,/tmp\sound_datasets\urbansound8k\audio/fold2/203929-7-4-4.wav,7,jackhammer,2,"[2, 4, 7]"
189991-0-0-5,/tmp\sound_datasets\urbansound8k\audio/fold2/189991-0-0-5.wav,0,air_conditioner,2,"[2, 5, 0]"
203929-7-9-24,/tmp\sound_datasets\urbansound8k\audio/fold2/203929-7-9-24.wav,7,jackhammer,2,"[2, 4, 7]"
112195-3-0-48,/tmp\sound_datasets\urbansound8k\audio/fold2/112195-3-0-48.wav,3,dog_bark,2,"[0, 1, 3]"
84359-2-0-9,/tmp\sound_datasets\urbansound8k\audio/fold2/84359-2-0-9.wav,2,children_playing,2,"[0, 0, 2]"
76091-6-3-0,/tmp\sound_datasets\urbansound8k\audio/fold2/76091-6-3-0.wav,6,gun_shot,2,"[2, 6, 6]"
203929-7-9-18,/tmp\sound_datasets\urbansound8k\audio/fold2/203929-7-9-18.wav,7,jackhammer,2,"[2, 4, 7]"
76090-6-0-0,/tmp\sound_datasets\urbansound8k\audio/fold2/76090-6-0-0.wav,6,gun_shot,2,"[2, 6, 6]"
98202-9-1-20,/tmp\sound_datasets\urbansound8k\audio/fold2/98202-9-1-20.wav,9,street_music,2,"[3, 7, 9]"
203929-7-9-19,/tmp\sound_datasets\urbansound8k\audio/fold2/203929-7-9-19.wav,7,jackhammer,2,"[2, 4, 7]"
23131-3-5-0,/tmp\sound_datasets\urbansound8k\audio/fold2/23131-3-5-0.wav,3,dog_bark,2,"[0, 1, 3]"
84359-2-0-8,/tmp\sound_datasets\urbansound8k\audio/fold2/84359-2-0-8.wav,2,children_playing,2,"[0, 0, 2]"
180126-4-3-0,/tmp\sound_datasets\urbansound8k\audio/fold2/180126-4-3-0.wav,4,drilling,2,"[2, 4, 4]"
189991-0-0-4,/tmp\sound_datasets\urbansound8k\audio/fold2/189991-0-0-4.wav,0,air_conditioner,2,"[2, 5, 0]"
123688-8-1-0,/tmp\sound_datasets\urbansound8k\audio/fold2/123688-8-1-0.wav,8,siren,2,"[1, 3, 8]"
155219-2-0-26,/tmp\sound_datasets\urbansound8k\audio/fold2/155219-2-0-26.wav,2,children_playing,2,"[0, 0, 2]"
147672-3-2-0,/tmp\sound_datasets\urbansound8k\audio/fold2/147672-3-2-0.wav,3,dog_bark,2,"[0, 1, 3]"
174906-2-0-21,/tmp\sound_datasets\urbansound8k\audio/fold2/174906-2-0-21.wav,2,children_playing,2,"[0, 0, 2]"
77751-4-3-0,/tmp\sound_datasets\urbansound8k\audio/fold2/77751-4-3-0.wav,4,drilling,2,"[2, 4, 4]"
180126-4-1-2,/tmp\sound_datasets\urbansound8k\audio/fold2/180126-4-1-2.wav,4,drilling,2,"[2, 4, 4]"
94710-5-0-3,/tmp\sound_datasets\urbansound8k\audio/fold2/94710-5-0-3.wav,5,engine_idling,2,"[1, 2, 5]"
79377-9-0-8,/tmp\sound_datasets\urbansound8k\audio/fold2/79377-9-0-8.wav,9,street_music,2,"[3, 7, 9]"
162541-1-2-0,/tmp\sound_datasets\urbansound8k\audio/fold2/162541-1-2-0.wav,1,car_horn,2,"[1, 2, 1]"
145608-6-0-0,/tmp\sound_datasets\urbansound8k\audio/fold2/145608-6-0-0.wav,6,gun_shot,2,"[2, 6, 6]"
72567-1-1-0,/tmp\sound_datasets\urbansound8k\audio/fold2/72567-1-1-0.wav,1,car_horn,2,"[1, 2, 1]"
177592-5-0-0,/tmp\sound_datasets\urbansound8k\audio/fold2/177592-5-0-0.wav,5,engine_idling,2,"[1, 2, 5]"
147926-0-0-20,/tmp\sound_datasets\urbansound8k\audio/fold2/147926-0-0-20.wav,0,air_conditioner,2,"[2, 5, 0]"
149254-9-0-30,/tmp\sound_datasets\urbansound8k\audio/fold2/149254-9-0-30.wav,9,street_music,2,"[3, 7, 9]"
54545-3-0-0,/tmp\sound_datasets\urbansound8k\audio/fold2/54545-3-0-0.wav,3,dog_bark,2,"[0, 1, 3]"
147926-0-0-34,/tmp\sound_datasets\urbansound8k\audio/fold2/147926-0-0-34.wav,0,air_conditioner,2,"[2, 5, 0]"
33849-3-2-0,/tmp\sound_datasets\urbansound8k\audio/fold2/33849-3-2-0.wav,3,dog_bark,2,"[0, 1, 3]"
146690-0-0-47,/tmp\sound_datasets\urbansound8k\audio/fold2/146690-0-0-47.wav,0,air_conditioner,2,"[2, 5, 0]"
156893-7-3-0,/tmp\sound_datasets\urbansound8k\audio/fold2/156893-7-3-0.wav,7,jackhammer,2,"[2, 4, 7]"
96920-9-0-3,/tmp\sound_datasets\urbansound8k\audio/fold2/96920-9-0-3.wav,9,street_music,2,"[3, 7, 9]"
203929-7-2-3,/tmp\sound_datasets\urbansound8k\audio/fold2/203929-7-2-3.wav,7,jackhammer,2,"[2, 4, 7]"
145577-1-0-0,/tmp\sound_datasets\urbansound8k\audio/fold2/145577-1-0-0.wav,1,car_horn,2,"[1, 2, 1]"
76086-4-0-53,/tmp\sound_datasets\urbansound8k\audio/fold2/76086-4-0-53.wav,4,drilling,2,"[2, 4, 4]"
146690-0-0-86,/tmp\sound_datasets\urbansound8k\audio/fold2/146690-0-0-86.wav,0,air_conditioner,2,"[2, 5, 0]"
179866-1-0-0,/tmp\sound_datasets\urbansound8k\audio/fold2/179866-1-0-0.wav,1,car_horn,2,"[1, 2, 1]"
166421-3-0-31,/tmp\sound_datasets\urbansound8k\audio/fold2/166421-3-0-31.wav,3,dog_bark,2,"[0, 1, 3]"
146690-0-0-154,/tmp\sound_datasets\urbansound8k\audio/fold2/146690-0-0-154.wav,0,air_conditioner,2,"[2, 5, 0]"
178521-2-0-2,/tmp\sound_datasets\urbansound8k\audio/fold2/178521-2-0-2.wav,2,children_playing,2,"[0, 0, 2]"
146690-0-0-140,/tmp\sound_datasets\urbansound8k\audio/fold2/146690-0-0-140.wav,0,air_conditioner,2,"[2, 5, 0]"
179096-3-0-10,/tmp\sound_datasets\urbansound8k\audio/fold2/179096-3-0-10.wav,3,dog_bark,2,"[0, 1, 3]"
177592-5-0-2,/tmp\sound_datasets\urbansound8k\audio/fold2/177592-5-0-2.wav,5,engine_idling,2,"[1, 2, 5]"
147926-0-0-36,/tmp\sound_datasets\urbansound8k\audio/fold2/147926-0-0-36.wav,0,air_conditioner,2,"[2, 5, 0]"
54545-3-0-2,/tmp\sound_datasets\urbansound8k\audio/fold2/54545-3-0-2.wav,3,dog_bark,2,"[0, 1, 3]"
156893-7-1-0,/tmp\sound_datasets\urbansound8k\audio/fold2/156893-7-1-0.wav,7,jackhammer,2,"[2, 4, 7]"
33849-3-0-0,/tmp\sound_datasets\urbansound8k\audio/fold2/33849-3-0-0.wav,3,dog_bark,2,"[0, 1, 3]"
50416-4-0-1,/tmp\sound_datasets\urbansound8k\audio/fold2/50416-4-0-1.wav,4,drilling,2,"[2, 4, 4]"
60591-2-0-16,/tmp\sound_datasets\urbansound8k\audio/fold2/60591-2-0-16.wav,2,children_playing,2,"[0, 0, 2]"
158597-2-0-33,/tmp\sound_datasets\urbansound8k\audio/fold2/158597-2-0-33.wav,2,children_playing,2,"[0, 0, 2]"
180126-4-1-0,/tmp\sound_datasets\urbansound8k\audio/fold2/180126-4-1-0.wav,4,drilling,2,"[2, 4, 4]"
94710-5-0-1,/tmp\sound_datasets\urbansound8k\audio/fold2/94710-5-0-1.wav,5,engine_idling,2,"[1, 2, 5]"
109703-2-0-29,/tmp\sound_datasets\urbansound8k\audio/fold2/109703-2-0-29.wav,2,children_playing,2,"[0, 0, 2]"
178520-2-0-38,/tmp\sound_datasets\urbansound8k\audio/fold2/178520-2-0-38.wav,2,children_playing,2,"[0, 0, 2]"
123688-8-1-2,/tmp\sound_datasets\urbansound8k\audio/fold2/123688-8-1-2.wav,8,siren,2,"[1, 3, 8]"
155219-2-0-24,/tmp\sound_datasets\urbansound8k\audio/fold2/155219-2-0-24.wav,2,children_playing,2,"[0, 0, 2]"
40717-8-0-5,/tmp\sound_datasets\urbansound8k\audio/fold2/40717-8-0-5.wav,8,siren,2,"[1, 3, 8]"
34621-4-1-0,/tmp\sound_datasets\urbansound8k\audio/fold2/34621-4-1-0.wav,4,drilling,2,"[2, 4, 4]"
162541-1-0-0,/tmp\sound_datasets\urbansound8k\audio/fold2/162541-1-0-0.wav,1,car_horn,2,"[1, 2, 1]"
145608-6-2-0,/tmp\sound_datasets\urbansound8k\audio/fold2/145608-6-2-0.wav,6,gun_shot,2,"[2, 6, 6]"
72567-1-3-0,/tmp\sound_datasets\urbansound8k\audio/fold2/72567-1-3-0.wav,1,car_horn,2,"[1, 2, 1]"
189991-0-0-6,/tmp\sound_datasets\urbansound8k\audio/fold2/189991-0-0-6.wav,0,air_conditioner,2,"[2, 5, 0]"
163460-6-0-0,/tmp\sound_datasets\urbansound8k\audio/fold2/163460-6-0-0.wav,6,gun_shot,2,"[2, 6, 6]"
203929-7-4-7,/tmp\sound_datasets\urbansound8k\audio/fold2/203929-7-4-7.wav,7,jackhammer,2,"[2, 4, 7]"
182739-2-0-56,/tmp\sound_datasets\urbansound8k\audio/fold2/182739-2-0-56.wav,2,children_playing,2,"[0, 0, 2]"
74458-9-1-13,/tmp\sound_datasets\urbansound8k\audio/fold2/74458-9-1-13.wav,9,street_music,2,"[3, 7, 9]"
77751-4-1-0,/tmp\sound_datasets\urbansound8k\audio/fold2/77751-4-1-0.wav,4,drilling,2,"[2, 4, 4]"
147672-3-0-0,/tmp\sound_datasets\urbansound8k\audio/fold2/147672-3-0-0.wav,3,dog_bark,2,"[0, 1, 3]"
77751-4-1-1,/tmp\sound_datasets\urbansound8k\audio/fold2/77751-4-1-1.wav,4,drilling,2,"[2, 4, 4]"
74458-9-1-12,/tmp\sound_datasets\urbansound8k\audio/fold2/74458-9-1-12.wav,9,street_music,2,"[3, 7, 9]"
203929-7-4-6,/tmp\sound_datasets\urbansound8k\audio/fold2/203929-7-4-6.wav,7,jackhammer,2,"[2, 4, 7]"
189991-0-0-7,/tmp\sound_datasets\urbansound8k\audio/fold2/189991-0-0-7.wav,0,air_conditioner,2,"[2, 5, 0]"
165643-4-0-0,/tmp\sound_datasets\urbansound8k\audio/fold2/165643-4-0-0.wav,4,drilling,2,"[2, 4, 4]"
93193-9-1-11,/tmp\sound_datasets\urbansound8k\audio/fold2/93193-9-1-11.wav,9,street_music,2,"[3, 7, 9]"
40717-8-0-4,/tmp\sound_datasets\urbansound8k\audio/fold2/40717-8-0-4.wav,8,siren,2,"[1, 3, 8]"
155219-2-0-25,/tmp\sound_datasets\urbansound8k\audio/fold2/155219-2-0-25.wav,2,children_playing,2,"[0, 0, 2]"
123688-8-1-3,/tmp\sound_datasets\urbansound8k\audio/fold2/123688-8-1-3.wav,8,siren,2,"[1, 3, 8]"
178520-2-0-39,/tmp\sound_datasets\urbansound8k\audio/fold2/178520-2-0-39.wav,2,children_playing,2,"[0, 0, 2]"
94710-5-0-0,/tmp\sound_datasets\urbansound8k\audio/fold2/94710-5-0-0.wav,5,engine_idling,2,"[1, 2, 5]"
180126-4-1-1,/tmp\sound_datasets\urbansound8k\audio/fold2/180126-4-1-1.wav,4,drilling,2,"[2, 4, 4]"
76091-6-1-0,/tmp\sound_datasets\urbansound8k\audio/fold2/76091-6-1-0.wav,6,gun_shot,2,"[2, 6, 6]"
109703-2-0-14,/tmp\sound_datasets\urbansound8k\audio/fold2/109703-2-0-14.wav,2,children_playing,2,"[0, 0, 2]"
178520-2-0-11,/tmp\sound_datasets\urbansound8k\audio/fold2/178520-2-0-11.wav,2,children_playing,2,"[0, 0, 2]"
14387-9-0-7,/tmp\sound_datasets\urbansound8k\audio/fold2/14387-9-0-7.wav,9,street_music,2,"[3, 7, 9]"
49808-3-1-8,/tmp\sound_datasets\urbansound8k\audio/fold2/49808-3-1-8.wav,3,dog_bark,2,"[0, 1, 3]"
50416-4-0-0,/tmp\sound_datasets\urbansound8k\audio/fold2/50416-4-0-0.wav,4,drilling,2,"[2, 4, 4]"
18581-3-1-1,/tmp\sound_datasets\urbansound8k\audio/fold2/18581-3-1-1.wav,3,dog_bark,2,"[0, 1, 3]"
4201-3-0-0,/tmp\sound_datasets\urbansound8k\audio/fold2/4201-3-0-0.wav,3,dog_bark,2,"[0, 1, 3]"
66996-8-3-0,/tmp\sound_datasets\urbansound8k\audio/fold2/66996-8-3-0.wav,8,siren,2,"[1, 3, 8]"
204773-3-7-1,/tmp\sound_datasets\urbansound8k\audio/fold2/204773-3-7-1.wav,3,dog_bark,2,"[0, 1, 3]"
147926-0-0-37,/tmp\sound_datasets\urbansound8k\audio/fold2/147926-0-0-37.wav,0,air_conditioner,2,"[2, 5, 0]"
177592-5-0-3,/tmp\sound_datasets\urbansound8k\audio/fold2/177592-5-0-3.wav,5,engine_idling,2,"[1, 2, 5]"
146690-0-0-155,/tmp\sound_datasets\urbansound8k\audio/fold2/146690-0-0-155.wav,0,air_conditioner,2,"[2, 5, 0]"
197320-6-4-0,/tmp\sound_datasets\urbansound8k\audio/fold2/197320-6-4-0.wav,6,gun_shot,2,"[2, 6, 6]"
72539-3-0-8,/tmp\sound_datasets\urbansound8k\audio/fold2/72539-3-0-8.wav,3,dog_bark,2,"[0, 1, 3]"
76089-6-0-0,/tmp\sound_datasets\urbansound8k\audio/fold2/76089-6-0-0.wav,6,gun_shot,2,"[2, 6, 6]"
115537-3-0-0,/tmp\sound_datasets\urbansound8k\audio/fold2/115537-3-0-0.wav,3,dog_bark,2,"[0, 1, 3]"
96920-9-0-0,/tmp\sound_datasets\urbansound8k\audio/fold2/96920-9-0-0.wav,9,street_music,2,"[3, 7, 9]"
109703-2-0-153,/tmp\sound_datasets\urbansound8k\audio/fold2/109703-2-0-153.wav,2,children_playing,2,"[0, 0, 2]"
178521-2-0-69,/tmp\sound_datasets\urbansound8k\audio/fold2/178521-2-0-69.wav,2,children_playing,2,"[0, 0, 2]"
203929-7-2-0,/tmp\sound_datasets\urbansound8k\audio/fold2/203929-7-2-0.wav,7,jackhammer,2,"[2, 4, 7]"
146690-0-0-93,/tmp\sound_datasets\urbansound8k\audio/fold2/146690-0-0-93.wav,0,air_conditioner,2,"[2, 5, 0]"
146690-0-0-87,/tmp\sound_datasets\urbansound8k\audio/fold2/146690-0-0-87.wav,0,air_conditioner,2,"[2, 5, 0]"
34621-4-14-0,/tmp\sound_datasets\urbansound8k\audio/fold2/34621-4-14-0.wav,4,drilling,2,"[2, 4, 4]"
35800-6-0-0,/tmp\sound_datasets\urbansound8k\audio/fold2/35800-6-0-0.wav,6,gun_shot,2,"[2, 6, 6]"
158607-3-2-0,/tmp\sound_datasets\urbansound8k\audio/fold2/158607-3-2-0.wav,3,dog_bark,2,"[0, 1, 3]"
192269-2-0-54,/tmp\sound_datasets\urbansound8k\audio/fold2/192269-2-0-54.wav,2,children_playing,2,"[0, 0, 2]"
178521-2-0-70,/tmp\sound_datasets\urbansound8k\audio/fold2/178521-2-0-70.wav,2,children_playing,2,"[0, 0, 2]"
197320-6-8-0,/tmp\sound_datasets\urbansound8k\audio/fold2/197320-6-8-0.wav,6,gun_shot,2,"[2, 6, 6]"
168713-9-0-82,/tmp\sound_datasets\urbansound8k\audio/fold2/168713-9-0-82.wav,9,street_music,2,"[3, 7, 9]"
72539-3-0-5,/tmp\sound_datasets\urbansound8k\audio/fold2/72539-3-0-5.wav,3,dog_bark,2,"[0, 1, 3]"
166421-3-0-29,/tmp\sound_datasets\urbansound8k\audio/fold2/166421-3-0-29.wav,3,dog_bark,2,"[0, 1, 3]"
113785-3-1-0,/tmp\sound_datasets\urbansound8k\audio/fold2/113785-3-1-0.wav,3,dog_bark,2,"[0, 1, 3]"
201652-5-5-3,/tmp\sound_datasets\urbansound8k\audio/fold2/201652-5-5-3.wav,5,engine_idling,2,"[1, 2, 5]"
147926-0-0-12,/tmp\sound_datasets\urbansound8k\audio/fold2/147926-0-0-12.wav,0,air_conditioner,2,"[2, 5, 0]"
34621-4-18-0,/tmp\sound_datasets\urbansound8k\audio/fold2/34621-4-18-0.wav,4,drilling,2,"[2, 4, 4]"
97193-3-0-4,/tmp\sound_datasets\urbansound8k\audio/fold2/97193-3-0-4.wav,3,dog_bark,2,"[0, 1, 3]"
34621-4-25-0,/tmp\sound_datasets\urbansound8k\audio/fold2/34621-4-25-0.wav,4,drilling,2,"[2, 4, 4]"
203929-7-6-9,/tmp\sound_datasets\urbansound8k\audio/fold2/203929-7-6-9.wav,7,jackhammer,2,"[2, 4, 7]"
160366-3-0-13,/tmp\sound_datasets\urbansound8k\audio/fold2/160366-3-0-13.wav,3,dog_bark,2,"[0, 1, 3]"
60605-9-0-90,/tmp\sound_datasets\urbansound8k\audio/fold2/60605-9-0-90.wav,9,street_music,2,"[3, 7, 9]"
152908-5-0-1,/tmp\sound_datasets\urbansound8k\audio/fold2/152908-5-0-1.wav,5,engine_idling,2,"[1, 2, 5]"
84359-2-0-6,/tmp\sound_datasets\urbansound8k\audio/fold2/84359-2-0-6.wav,2,children_playing,2,"[0, 0, 2]"
203929-7-7-12,/tmp\sound_datasets\urbansound8k\audio/fold2/203929-7-7-12.wav,7,jackhammer,2,"[2, 4, 7]"
203929-7-9-17,/tmp\sound_datasets\urbansound8k\audio/fold2/203929-7-9-17.wav,7,jackhammer,2,"[2, 4, 7]"
196063-2-0-0,/tmp\sound_datasets\urbansound8k\audio/fold2/196063-2-0-0.wav,2,children_playing,2,"[0, 0, 2]"
196063-2-0-1,/tmp\sound_datasets\urbansound8k\audio/fold2/196063-2-0-1.wav,2,children_playing,2,"[0, 0, 2]"
203929-7-7-13,/tmp\sound_datasets\urbansound8k\audio/fold2/203929-7-7-13.wav,7,jackhammer,2,"[2, 4, 7]"
152908-5-0-0,/tmp\sound_datasets\urbansound8k\audio/fold2/152908-5-0-0.wav,5,engine_idling,2,"[1, 2, 5]"
60605-9-0-52,/tmp\sound_datasets\urbansound8k\audio/fold2/60605-9-0-52.wav,9,street_music,2,"[3, 7, 9]"
158597-2-0-16,/tmp\sound_datasets\urbansound8k\audio/fold2/158597-2-0-16.wav,2,children_playing,2,"[0, 0, 2]"
132073-1-3-0,/tmp\sound_datasets\urbansound8k\audio/fold2/132073-1-3-0.wav,1,car_horn,2,"[1, 2, 1]"
203929-7-6-8,/tmp\sound_datasets\urbansound8k\audio/fold2/203929-7-6-8.wav,7,jackhammer,2,"[2, 4, 7]"
201652-5-3-4,/tmp\sound_datasets\urbansound8k\audio/fold2/201652-5-3-4.wav,5,engine_idling,2,"[1, 2, 5]"
108187-3-6-0,/tmp\sound_datasets\urbansound8k\audio/fold2/108187-3-6-0.wav,3,dog_bark,2,"[0, 1, 3]"
146690-0-0-165,/tmp\sound_datasets\urbansound8k\audio/fold2/146690-0-0-165.wav,0,air_conditioner,2,"[2, 5, 0]"
173995-3-0-27,/tmp\sound_datasets\urbansound8k\audio/fold2/173995-3-0-27.wav,3,dog_bark,2,"[0, 1, 3]"
201652-5-5-2,/tmp\sound_datasets\urbansound8k\audio/fold2/201652-5-5-2.wav,5,engine_idling,2,"[1, 2, 5]"
166421-3-0-5,/tmp\sound_datasets\urbansound8k\audio/fold2/166421-3-0-5.wav,3,dog_bark,2,"[0, 1, 3]"
108187-3-4-0,/tmp\sound_datasets\urbansound8k\audio/fold2/108187-3-4-0.wav,3,dog_bark,2,"[0, 1, 3]"
72539-3-0-6,/tmp\sound_datasets\urbansound8k\audio/fold2/72539-3-0-6.wav,3,dog_bark,2,"[0, 1, 3]"
147926-0-0-11,/tmp\sound_datasets\urbansound8k\audio/fold2/147926-0-0-11.wav,0,air_conditioner,2,"[2, 5, 0]"
201652-5-5-0,/tmp\sound_datasets\urbansound8k\audio/fold2/201652-5-5-0.wav,5,engine_idling,2,"[1, 2, 5]"
204773-3-9-0,/tmp\sound_datasets\urbansound8k\audio/fold2/204773-3-9-0.wav,3,dog_bark,2,"[0, 1, 3]"
149254-9-0-29,/tmp\sound_datasets\urbansound8k\audio/fold2/149254-9-0-29.wav,9,street_music,2,"[3, 7, 9]"
147926-0-0-39,/tmp\sound_datasets\urbansound8k\audio/fold2/147926-0-0-39.wav,0,air_conditioner,2,"[2, 5, 0]"
76086-4-0-3,/tmp\sound_datasets\urbansound8k\audio/fold2/76086-4-0-3.wav,4,drilling,2,"[2, 4, 4]"
27349-3-2-1,/tmp\sound_datasets\urbansound8k\audio/fold2/27349-3-2-1.wav,3,dog_bark,2,"[0, 1, 3]"
50898-5-0-0,/tmp\sound_datasets\urbansound8k\audio/fold2/50898-5-0-0.wav,5,engine_idling,2,"[1, 2, 5]"
178520-2-0-23,/tmp\sound_datasets\urbansound8k\audio/fold2/178520-2-0-23.wav,2,children_playing,2,"[0, 0, 2]"
174906-2-0-10,/tmp\sound_datasets\urbansound8k\audio/fold2/174906-2-0-10.wav,2,children_playing,2,"[0, 0, 2]"
109703-2-0-32,/tmp\sound_datasets\urbansound8k\audio/fold2/109703-2-0-32.wav,2,children_playing,2,"[0, 0, 2]"
152908-5-0-2,/tmp\sound_datasets\urbansound8k\audio/fold2/152908-5-0-2.wav,5,engine_idling,2,"[1, 2, 5]"
44735-5-0-0,/tmp\sound_datasets\urbansound8k\audio/fold2/44735-5-0-0.wav,5,engine_idling,2,"[1, 2, 5]"
203929-7-4-8,/tmp\sound_datasets\urbansound8k\audio/fold2/203929-7-4-8.wav,7,jackhammer,2,"[2, 4, 7]"
132073-1-1-0,/tmp\sound_datasets\urbansound8k\audio/fold2/132073-1-1-0.wav,1,car_horn,2,"[1, 2, 1]"
84359-2-0-5,/tmp\sound_datasets\urbansound8k\audio/fold2/84359-2-0-5.wav,2,children_playing,2,"[0, 0, 2]"
203929-7-9-15,/tmp\sound_datasets\urbansound8k\audio/fold2/203929-7-9-15.wav,7,jackhammer,2,"[2, 4, 7]"
196063-2-0-2,/tmp\sound_datasets\urbansound8k\audio/fold2/196063-2-0-2.wav,2,children_playing,2,"[0, 0, 2]"
39970-9-0-108,/tmp\sound_datasets\urbansound8k\audio/fold2/39970-9-0-108.wav,9,street_music,2,"[3, 7, 9]"
203929-7-7-10,/tmp\sound_datasets\urbansound8k\audio/fold2/203929-7-7-10.wav,7,jackhammer,2,"[2, 4, 7]"
93193-9-1-22,/tmp\sound_datasets\urbansound8k\audio/fold2/93193-9-1-22.wav,9,street_music,2,"[3, 7, 9]"
27349-3-0-2,/tmp\sound_datasets\urbansound8k\audio/fold2/27349-3-0-2.wav,3,dog_bark,2,"[0, 1, 3]"
44735-5-0-1,/tmp\sound_datasets\urbansound8k\audio/fold2/44735-5-0-1.wav,5,engine_idling,2,"[1, 2, 5]"
34621-4-27-0,/tmp\sound_datasets\urbansound8k\audio/fold2/34621-4-27-0.wav,4,drilling,2,"[2, 4, 4]"
152908-5-0-3,/tmp\sound_datasets\urbansound8k\audio/fold2/152908-5-0-3.wav,5,engine_idling,2,"[1, 2, 5]"
174906-2-0-11,/tmp\sound_datasets\urbansound8k\audio/fold2/174906-2-0-11.wav,2,children_playing,2,"[0, 0, 2]"
79377-9-0-4,/tmp\sound_datasets\urbansound8k\audio/fold2/79377-9-0-4.wav,9,street_music,2,"[3, 7, 9]"
73623-7-5-0,/tmp\sound_datasets\urbansound8k\audio/fold2/73623-7-5-0.wav,7,jackhammer,2,"[2, 4, 7]"
74458-9-1-5,/tmp\sound_datasets\urbansound8k\audio/fold2/74458-9-1-5.wav,9,street_music,2,"[3, 7, 9]"
76086-4-0-2,/tmp\sound_datasets\urbansound8k\audio/fold2/76086-4-0-2.wav,4,drilling,2,"[2, 4, 4]"
97193-3-0-6,/tmp\sound_datasets\urbansound8k\audio/fold2/97193-3-0-6.wav,3,dog_bark,2,"[0, 1, 3]"
17307-1-0-0,/tmp\sound_datasets\urbansound8k\audio/fold2/17307-1-0-0.wav,1,car_horn,2,"[1, 2, 1]"
204773-3-9-1,/tmp\sound_datasets\urbansound8k\audio/fold2/204773-3-9-1.wav,3,dog_bark,2,"[0, 1, 3]"
201652-5-5-1,/tmp\sound_datasets\urbansound8k\audio/fold2/201652-5-5-1.wav,5,engine_idling,2,"[1, 2, 5]"
147926-0-0-10,/tmp\sound_datasets\urbansound8k\audio/fold2/147926-0-0-10.wav,0,air_conditioner,2,"[2, 5, 0]"
158607-3-0-0,/tmp\sound_datasets\urbansound8k\audio/fold2/158607-3-0-0.wav,3,dog_bark,2,"[0, 1, 3]"
192269-2-0-56,/tmp\sound_datasets\urbansound8k\audio/fold2/192269-2-0-56.wav,2,children_playing,2,"[0, 0, 2]"
77751-4-9-3,/tmp\sound_datasets\urbansound8k\audio/fold2/77751-4-9-3.wav,4,drilling,2,"[2, 4, 4]"
96169-9-1-10,/tmp\sound_datasets\urbansound8k\audio/fold2/96169-9-1-10.wav,9,street_music,2,"[3, 7, 9]"
203929-7-5-11,/tmp\sound_datasets\urbansound8k\audio/fold2/203929-7-5-11.wav,7,jackhammer,2,"[2, 4, 7]"
73623-7-1-0,/tmp\sound_datasets\urbansound8k\audio/fold2/73623-7-1-0.wav,7,jackhammer,2,"[2, 4, 7]"
96920-9-0-11,/tmp\sound_datasets\urbansound8k\audio/fold2/96920-9-0-11.wav,9,street_music,2,"[3, 7, 9]"
147926-0-0-28,/tmp\sound_datasets\urbansound8k\audio/fold2/147926-0-0-28.wav,0,air_conditioner,2,"[2, 5, 0]"
177592-5-0-8,/tmp\sound_datasets\urbansound8k\audio/fold2/177592-5-0-8.wav,5,engine_idling,2,"[1, 2, 5]"
201652-5-5-5,/tmp\sound_datasets\urbansound8k\audio/fold2/201652-5-5-5.wav,5,engine_idling,2,"[1, 2, 5]"
152908-5-0-11,/tmp\sound_datasets\urbansound8k\audio/fold2/152908-5-0-11.wav,5,engine_idling,2,"[1, 2, 5]"
201652-5-3-3,/tmp\sound_datasets\urbansound8k\audio/fold2/201652-5-3-3.wav,5,engine_idling,2,"[1, 2, 5]"
203929-7-8-0,/tmp\sound_datasets\urbansound8k\audio/fold2/203929-7-8-0.wav,7,jackhammer,2,"[2, 4, 7]"
185800-4-2-1,/tmp\sound_datasets\urbansound8k\audio/fold2/185800-4-2-1.wav,4,drilling,2,"[2, 4, 4]"
27349-3-0-6,/tmp\sound_datasets\urbansound8k\audio/fold2/27349-3-0-6.wav,3,dog_bark,2,"[0, 1, 3]"
152908-5-0-7,/tmp\sound_datasets\urbansound8k\audio/fold2/152908-5-0-7.wav,5,engine_idling,2,"[1, 2, 5]"
160366-3-0-4,/tmp\sound_datasets\urbansound8k\audio/fold2/160366-3-0-4.wav,3,dog_bark,2,"[0, 1, 3]"
203929-7-9-11,/tmp\sound_datasets\urbansound8k\audio/fold2/203929-7-9-11.wav,7,jackhammer,2,"[2, 4, 7]"
203929-7-7-14,/tmp\sound_datasets\urbansound8k\audio/fold2/203929-7-7-14.wav,7,jackhammer,2,"[2, 4, 7]"
84359-2-0-0,/tmp\sound_datasets\urbansound8k\audio/fold2/84359-2-0-0.wav,2,children_playing,2,"[0, 0, 2]"
84359-2-0-1,/tmp\sound_datasets\urbansound8k\audio/fold2/84359-2-0-1.wav,2,children_playing,2,"[0, 0, 2]"
203929-7-7-15,/tmp\sound_datasets\urbansound8k\audio/fold2/203929-7-7-15.wav,7,jackhammer,2,"[2, 4, 7]"
152908-5-0-6,/tmp\sound_datasets\urbansound8k\audio/fold2/152908-5-0-6.wav,5,engine_idling,2,"[1, 2, 5]"
14780-9-0-2,/tmp\sound_datasets\urbansound8k\audio/fold2/14780-9-0-2.wav,9,street_music,2,"[3, 7, 9]"
201652-5-1-0,/tmp\sound_datasets\urbansound8k\audio/fold2/201652-5-1-0.wav,5,engine_idling,2,"[1, 2, 5]"
185800-4-2-0,/tmp\sound_datasets\urbansound8k\audio/fold2/185800-4-2-0.wav,4,drilling,2,"[2, 4, 4]"
174906-2-0-14,/tmp\sound_datasets\urbansound8k\audio/fold2/174906-2-0-14.wav,2,children_playing,2,"[0, 0, 2]"
178520-2-0-27,/tmp\sound_datasets\urbansound8k\audio/fold2/178520-2-0-27.wav,2,children_playing,2,"[0, 0, 2]"
201652-5-3-2,/tmp\sound_datasets\urbansound8k\audio/fold2/201652-5-3-2.wav,5,engine_idling,2,"[1, 2, 5]"
71080-4-0-0,/tmp\sound_datasets\urbansound8k\audio/fold2/71080-4-0-0.wav,4,drilling,2,"[2, 4, 4]"
132073-1-5-0,/tmp\sound_datasets\urbansound8k\audio/fold2/132073-1-5-0.wav,1,car_horn,2,"[1, 2, 1]"
152908-5-0-10,/tmp\sound_datasets\urbansound8k\audio/fold2/152908-5-0-10.wav,5,engine_idling,2,"[1, 2, 5]"
201652-5-5-4,/tmp\sound_datasets\urbansound8k\audio/fold2/201652-5-5-4.wav,5,engine_idling,2,"[1, 2, 5]"
177592-5-0-9,/tmp\sound_datasets\urbansound8k\audio/fold2/177592-5-0-9.wav,5,engine_idling,2,"[1, 2, 5]"
73623-7-1-1,/tmp\sound_datasets\urbansound8k\audio/fold2/73623-7-1-1.wav,7,jackhammer,2,"[2, 4, 7]"
203929-7-5-10,/tmp\sound_datasets\urbansound8k\audio/fold2/203929-7-5-10.wav,7,jackhammer,2,"[2, 4, 7]"
77751-4-9-2,/tmp\sound_datasets\urbansound8k\audio/fold2/77751-4-9-2.wav,4,drilling,2,"[2, 4, 4]"
76086-4-0-58,/tmp\sound_datasets\urbansound8k\audio/fold2/76086-4-0-58.wav,4,drilling,2,"[2, 4, 4]"
168713-9-0-46,/tmp\sound_datasets\urbansound8k\audio/fold2/168713-9-0-46.wav,9,street_music,2,"[3, 7, 9]"
203929-7-2-8,/tmp\sound_datasets\urbansound8k\audio/fold2/203929-7-2-8.wav,7,jackhammer,2,"[2, 4, 7]"
77751-4-9-0,/tmp\sound_datasets\urbansound8k\audio/fold2/77751-4-9-0.wav,4,drilling,2,"[2, 4, 4]"
146690-0-0-64,/tmp\sound_datasets\urbansound8k\audio/fold2/146690-0-0-64.wav,0,air_conditioner,2,"[2, 5, 0]"
176634-1-0-0,/tmp\sound_datasets\urbansound8k\audio/fold2/176634-1-0-0.wav,1,car_horn,2,"[1, 2, 1]"
96920-9-0-8,/tmp\sound_datasets\urbansound8k\audio/fold2/96920-9-0-8.wav,9,street_music,2,"[3, 7, 9]"
155129-1-1-0,/tmp\sound_datasets\urbansound8k\audio/fold2/155129-1-1-0.wav,1,car_horn,2,"[1, 2, 1]"
147926-0-0-17,/tmp\sound_datasets\urbansound8k\audio/fold2/147926-0-0-17.wav,0,air_conditioner,2,"[2, 5, 0]"
152908-5-0-12,/tmp\sound_datasets\urbansound8k\audio/fold2/152908-5-0-12.wav,5,engine_idling,2,"[1, 2, 5]"
96169-9-1-3,/tmp\sound_datasets\urbansound8k\audio/fold2/96169-9-1-3.wav,9,street_music,2,"[3, 7, 9]"
97193-3-0-1,/tmp\sound_datasets\urbansound8k\audio/fold2/97193-3-0-1.wav,3,dog_bark,2,"[0, 1, 3]"
60605-9-0-95,/tmp\sound_datasets\urbansound8k\audio/fold2/60605-9-0-95.wav,9,street_music,2,"[3, 7, 9]"
201652-5-3-0,/tmp\sound_datasets\urbansound8k\audio/fold2/201652-5-3-0.wav,5,engine_idling,2,"[1, 2, 5]"
156893-7-9-0,/tmp\sound_datasets\urbansound8k\audio/fold2/156893-7-9-0.wav,7,jackhammer,2,"[2, 4, 7]"
156893-7-11-0,/tmp\sound_datasets\urbansound8k\audio/fold2/156893-7-11-0.wav,7,jackhammer,2,"[2, 4, 7]"
185800-4-2-2,/tmp\sound_datasets\urbansound8k\audio/fold2/185800-4-2-2.wav,4,drilling,2,"[2, 4, 4]"
14780-9-0-0,/tmp\sound_datasets\urbansound8k\audio/fold2/14780-9-0-0.wav,9,street_music,2,"[3, 7, 9]"
152908-5-0-4,/tmp\sound_datasets\urbansound8k\audio/fold2/152908-5-0-4.wav,5,engine_idling,2,"[1, 2, 5]"
93193-9-1-19,/tmp\sound_datasets\urbansound8k\audio/fold2/93193-9-1-19.wav,9,street_music,2,"[3, 7, 9]"
203929-7-9-12,/tmp\sound_datasets\urbansound8k\audio/fold2/203929-7-9-12.wav,7,jackhammer,2,"[2, 4, 7]"
160366-3-0-7,/tmp\sound_datasets\urbansound8k\audio/fold2/160366-3-0-7.wav,3,dog_bark,2,"[0, 1, 3]"
146690-0-0-8,/tmp\sound_datasets\urbansound8k\audio/fold2/146690-0-0-8.wav,0,air_conditioner,2,"[2, 5, 0]"
108187-3-2-0,/tmp\sound_datasets\urbansound8k\audio/fold2/108187-3-2-0.wav,3,dog_bark,2,"[0, 1, 3]"
185800-4-0-0,/tmp\sound_datasets\urbansound8k\audio/fold2/185800-4-0-0.wav,4,drilling,2,"[2, 4, 4]"
194841-9-0-130,/tmp\sound_datasets\urbansound8k\audio/fold2/194841-9-0-130.wav,9,street_music,2,"[3, 7, 9]"
203929-7-7-16,/tmp\sound_datasets\urbansound8k\audio/fold2/203929-7-7-16.wav,7,jackhammer,2,"[2, 4, 7]"
112195-3-0-57,/tmp\sound_datasets\urbansound8k\audio/fold2/112195-3-0-57.wav,3,dog_bark,2,"[0, 1, 3]"
185800-4-0-1,/tmp\sound_datasets\urbansound8k\audio/fold2/185800-4-0-1.wav,4,drilling,2,"[2, 4, 4]"
84359-2-0-2,/tmp\sound_datasets\urbansound8k\audio/fold2/84359-2-0-2.wav,2,children_playing,2,"[0, 0, 2]"
182739-2-0-62,/tmp\sound_datasets\urbansound8k\audio/fold2/182739-2-0-62.wav,2,children_playing,2,"[0, 0, 2]"
152908-5-0-5,/tmp\sound_datasets\urbansound8k\audio/fold2/152908-5-0-5.wav,5,engine_idling,2,"[1, 2, 5]"
112195-3-0-80,/tmp\sound_datasets\urbansound8k\audio/fold2/112195-3-0-80.wav,3,dog_bark,2,"[0, 1, 3]"
14780-9-0-1,/tmp\sound_datasets\urbansound8k\audio/fold2/14780-9-0-1.wav,9,street_music,2,"[3, 7, 9]"
93193-9-1-18,/tmp\sound_datasets\urbansound8k\audio/fold2/93193-9-1-18.wav,9,street_music,2,"[3, 7, 9]"
98202-9-1-5,/tmp\sound_datasets\urbansound8k\audio/fold2/98202-9-1-5.wav,9,street_music,2,"[3, 7, 9]"
79377-9-0-2,/tmp\sound_datasets\urbansound8k\audio/fold2/79377-9-0-2.wav,9,street_music,2,"[3, 7, 9]"
201652-5-3-1,/tmp\sound_datasets\urbansound8k\audio/fold2/201652-5-3-1.wav,5,engine_idling,2,"[1, 2, 5]"
97193-3-0-0,/tmp\sound_datasets\urbansound8k\audio/fold2/97193-3-0-0.wav,3,dog_bark,2,"[0, 1, 3]"
73623-7-3-0,/tmp\sound_datasets\urbansound8k\audio/fold2/73623-7-3-0.wav,7,jackhammer,2,"[2, 4, 7]"
152908-5-0-13,/tmp\sound_datasets\urbansound8k\audio/fold2/152908-5-0-13.wav,5,engine_idling,2,"[1, 2, 5]"
147926-0-0-16,/tmp\sound_datasets\urbansound8k\audio/fold2/147926-0-0-16.wav,0,air_conditioner,2,"[2, 5, 0]"
96920-9-0-13,/tmp\sound_datasets\urbansound8k\audio/fold2/96920-9-0-13.wav,9,street_music,2,"[3, 7, 9]"
72539-3-0-1,/tmp\sound_datasets\urbansound8k\audio/fold2/72539-3-0-1.wav,3,dog_bark,2,"[0, 1, 3]"
34621-4-21-0,/tmp\sound_datasets\urbansound8k\audio/fold2/34621-4-21-0.wav,4,drilling,2,"[2, 4, 4]"
77751-4-9-1,/tmp\sound_datasets\urbansound8k\audio/fold2/77751-4-9-1.wav,4,drilling,2,"[2, 4, 4]"
203929-7-2-9,/tmp\sound_datasets\urbansound8k\audio/fold2/203929-7-2-9.wav,7,jackhammer,2,"[2, 4, 7]"
22347-3-0-0,/tmp\sound_datasets\urbansound8k\audio/fold2/22347-3-0-0.wav,3,dog_bark,2,"[0, 1, 3]"
104817-4-0-5,/tmp\sound_datasets\urbansound8k\audio/fold2/104817-4-0-5.wav,4,drilling,2,"[2, 4, 4]"
147926-0-0-7,/tmp\sound_datasets\urbansound8k\audio/fold2/147926-0-0-7.wav,0,air_conditioner,2,"[2, 5, 0]"
76086-4-0-14,/tmp\sound_datasets\urbansound8k\audio/fold2/76086-4-0-14.wav,4,drilling,2,"[2, 4, 4]"
74507-0-0-4,/tmp\sound_datasets\urbansound8k\audio/fold2/74507-0-0-4.wav,0,air_conditioner,2,"[2, 5, 0]"
192269-2-0-37,/tmp\sound_datasets\urbansound8k\audio/fold2/192269-2-0-37.wav,2,children_playing,2,"[0, 0, 2]"
96169-9-1-49,/tmp\sound_datasets\urbansound8k\audio/fold2/96169-9-1-49.wav,9,street_music,2,"[3, 7, 9]"
132073-1-0-0,/tmp\sound_datasets\urbansound8k\audio/fold2/132073-1-0-0.wav,1,car_horn,2,"[1, 2, 1]"
113201-5-0-1,/tmp\sound_datasets\urbansound8k\audio/fold2/113201-5-0-1.wav,5,engine_idling,2,"[1, 2, 5]"
96169-9-1-61,/tmp\sound_datasets\urbansound8k\audio/fold2/96169-9-1-61.wav,9,street_music,2,"[3, 7, 9]"
159747-8-0-7,/tmp\sound_datasets\urbansound8k\audio/fold2/159747-8-0-7.wav,8,siren,2,"[1, 3, 8]"
46668-4-0-2,/tmp\sound_datasets\urbansound8k\audio/fold2/46668-4-0-2.wav,4,drilling,2,"[2, 4, 4]"
189023-0-0-9,/tmp\sound_datasets\urbansound8k\audio/fold2/189023-0-0-9.wav,0,air_conditioner,2,"[2, 5, 0]"
196384-9-0-16,/tmp\sound_datasets\urbansound8k\audio/fold2/196384-9-0-16.wav,9,street_music,2,"[3, 7, 9]"
106015-5-0-9,/tmp\sound_datasets\urbansound8k\audio/fold2/106015-5-0-9.wav,5,engine_idling,2,"[1, 2, 5]"
160011-2-0-0,/tmp\sound_datasets\urbansound8k\audio/fold2/160011-2-0-0.wav,2,children_playing,2,"[0, 0, 2]"
204773-3-8-0,/tmp\sound_datasets\urbansound8k\audio/fold2/204773-3-8-0.wav,3,dog_bark,2,"[0, 1, 3]"
201652-5-4-0,/tmp\sound_datasets\urbansound8k\audio/fold2/201652-5-4-0.wav,5,engine_idling,2,"[1, 2, 5]"
59594-4-0-2,/tmp\sound_datasets\urbansound8k\audio/fold2/59594-4-0-2.wav,4,drilling,2,"[2, 4, 4]"
91396-8-0-0,/tmp\sound_datasets\urbansound8k\audio/fold2/91396-8-0-0.wav,8,siren,2,"[1, 3, 8]"
49808-3-0-6,/tmp\sound_datasets\urbansound8k\audio/fold2/49808-3-0-6.wav,3,dog_bark,2,"[0, 1, 3]"
106015-5-0-12,/tmp\sound_datasets\urbansound8k\audio/fold2/106015-5-0-12.wav,5,engine_idling,2,"[1, 2, 5]"
74507-0-0-27,/tmp\sound_datasets\urbansound8k\audio/fold2/74507-0-0-27.wav,0,air_conditioner,2,"[2, 5, 0]"
143970-5-0-0,/tmp\sound_datasets\urbansound8k\audio/fold2/143970-5-0-0.wav,5,engine_idling,2,"[1, 2, 5]"
102871-8-0-0,/tmp\sound_datasets\urbansound8k\audio/fold2/102871-8-0-0.wav,8,siren,2,"[1, 3, 8]"
102871-8-0-1,/tmp\sound_datasets\urbansound8k\audio/fold2/102871-8-0-1.wav,8,siren,2,"[1, 3, 8]"
143970-5-0-1,/tmp\sound_datasets\urbansound8k\audio/fold2/143970-5-0-1.wav,5,engine_idling,2,"[1, 2, 5]"
106015-5-0-13,/tmp\sound_datasets\urbansound8k\audio/fold2/106015-5-0-13.wav,5,engine_idling,2,"[1, 2, 5]"
178520-2-0-42,/tmp\sound_datasets\urbansound8k\audio/fold2/178520-2-0-42.wav,2,children_playing,2,"[0, 0, 2]"
19218-3-0-0,/tmp\sound_datasets\urbansound8k\audio/fold2/19218-3-0-0.wav,3,dog_bark,2,"[0, 1, 3]"
91396-8-0-1,/tmp\sound_datasets\urbansound8k\audio/fold2/91396-8-0-1.wav,8,siren,2,"[1, 3, 8]"
59594-4-0-3,/tmp\sound_datasets\urbansound8k\audio/fold2/59594-4-0-3.wav,4,drilling,2,"[2, 4, 4]"
160011-2-0-12,/tmp\sound_datasets\urbansound8k\audio/fold2/160011-2-0-12.wav,2,children_playing,2,"[0, 0, 2]"
201652-5-4-1,/tmp\sound_datasets\urbansound8k\audio/fold2/201652-5-4-1.wav,5,engine_idling,2,"[1, 2, 5]"
160011-2-0-1,/tmp\sound_datasets\urbansound8k\audio/fold2/160011-2-0-1.wav,2,children_playing,2,"[0, 0, 2]"
106015-5-0-8,/tmp\sound_datasets\urbansound8k\audio/fold2/106015-5-0-8.wav,5,engine_idling,2,"[1, 2, 5]"
158607-3-1-0,/tmp\sound_datasets\urbansound8k\audio/fold2/158607-3-1-0.wav,3,dog_bark,2,"[0, 1, 3]"
203929-7-9-4,/tmp\sound_datasets\urbansound8k\audio/fold2/203929-7-9-4.wav,7,jackhammer,2,"[2, 4, 7]"
189023-0-0-8,/tmp\sound_datasets\urbansound8k\audio/fold2/189023-0-0-8.wav,0,air_conditioner,2,"[2, 5, 0]"
73623-7-4-0,/tmp\sound_datasets\urbansound8k\audio/fold2/73623-7-4-0.wav,7,jackhammer,2,"[2, 4, 7]"
146690-0-0-112,/tmp\sound_datasets\urbansound8k\audio/fold2/146690-0-0-112.wav,0,air_conditioner,2,"[2, 5, 0]"
74458-9-0-5,/tmp\sound_datasets\urbansound8k\audio/fold2/74458-9-0-5.wav,9,street_music,2,"[3, 7, 9]"
159747-8-0-6,/tmp\sound_datasets\urbansound8k\audio/fold2/159747-8-0-6.wav,8,siren,2,"[1, 3, 8]"
146690-0-0-17,/tmp\sound_datasets\urbansound8k\audio/fold2/146690-0-0-17.wav,0,air_conditioner,2,"[2, 5, 0]"
96169-9-1-74,/tmp\sound_datasets\urbansound8k\audio/fold2/96169-9-1-74.wav,9,street_music,2,"[3, 7, 9]"
74226-9-0-13,/tmp\sound_datasets\urbansound8k\audio/fold2/74226-9-0-13.wav,9,street_music,2,"[3, 7, 9]"
113201-5-0-0,/tmp\sound_datasets\urbansound8k\audio/fold2/113201-5-0-0.wav,5,engine_idling,2,"[1, 2, 5]"
74507-0-0-5,/tmp\sound_datasets\urbansound8k\audio/fold2/74507-0-0-5.wav,0,air_conditioner,2,"[2, 5, 0]"
104817-4-0-4,/tmp\sound_datasets\urbansound8k\audio/fold2/104817-4-0-4.wav,4,drilling,2,"[2, 4, 4]"
27349-3-1-2,/tmp\sound_datasets\urbansound8k\audio/fold2/27349-3-1-2.wav,3,dog_bark,2,"[0, 1, 3]"
37236-6-0-0,/tmp\sound_datasets\urbansound8k\audio/fold2/37236-6-0-0.wav,6,gun_shot,2,"[2, 6, 6]"
34621-4-26-0,/tmp\sound_datasets\urbansound8k\audio/fold2/34621-4-26-0.wav,4,drilling,2,"[2, 4, 4]"
76086-4-0-29,/tmp\sound_datasets\urbansound8k\audio/fold2/76086-4-0-29.wav,4,drilling,2,"[2, 4, 4]"
102871-8-0-15,/tmp\sound_datasets\urbansound8k\audio/fold2/102871-8-0-15.wav,8,siren,2,"[1, 3, 8]"
104817-4-0-10,/tmp\sound_datasets\urbansound8k\audio/fold2/104817-4-0-10.wav,4,drilling,2,"[2, 4, 4]"
76086-4-0-17,/tmp\sound_datasets\urbansound8k\audio/fold2/76086-4-0-17.wav,4,drilling,2,"[2, 4, 4]"
104817-4-0-6,/tmp\sound_datasets\urbansound8k\audio/fold2/104817-4-0-6.wav,4,drilling,2,"[2, 4, 4]"
147926-0-0-4,/tmp\sound_datasets\urbansound8k\audio/fold2/147926-0-0-4.wav,0,air_conditioner,2,"[2, 5, 0]"
113201-5-0-2,/tmp\sound_datasets\urbansound8k\audio/fold2/113201-5-0-2.wav,5,engine_idling,2,"[1, 2, 5]"
73623-7-6-0,/tmp\sound_datasets\urbansound8k\audio/fold2/73623-7-6-0.wav,7,jackhammer,2,"[2, 4, 7]"
34621-4-24-0,/tmp\sound_datasets\urbansound8k\audio/fold2/34621-4-24-0.wav,4,drilling,2,"[2, 4, 4]"
201652-5-2-5,/tmp\sound_datasets\urbansound8k\audio/fold2/201652-5-2-5.wav,5,engine_idling,2,"[1, 2, 5]"
159747-8-0-4,/tmp\sound_datasets\urbansound8k\audio/fold2/159747-8-0-4.wav,8,siren,2,"[1, 3, 8]"
74458-9-0-7,/tmp\sound_datasets\urbansound8k\audio/fold2/74458-9-0-7.wav,9,street_music,2,"[3, 7, 9]"
203929-7-7-9,/tmp\sound_datasets\urbansound8k\audio/fold2/203929-7-7-9.wav,7,jackhammer,2,"[2, 4, 7]"
179096-3-0-5,/tmp\sound_datasets\urbansound8k\audio/fold2/179096-3-0-5.wav,3,dog_bark,2,"[0, 1, 3]"
194841-9-0-222,/tmp\sound_datasets\urbansound8k\audio/fold2/194841-9-0-222.wav,9,street_music,2,"[3, 7, 9]"
46668-4-0-1,/tmp\sound_datasets\urbansound8k\audio/fold2/46668-4-0-1.wav,4,drilling,2,"[2, 4, 4]"
39970-9-0-41,/tmp\sound_datasets\urbansound8k\audio/fold2/39970-9-0-41.wav,9,street_music,2,"[3, 7, 9]"
196384-9-0-15,/tmp\sound_datasets\urbansound8k\audio/fold2/196384-9-0-15.wav,9,street_music,2,"[3, 7, 9]"
203929-7-9-6,/tmp\sound_datasets\urbansound8k\audio/fold2/203929-7-9-6.wav,7,jackhammer,2,"[2, 4, 7]"
169098-7-0-8,/tmp\sound_datasets\urbansound8k\audio/fold2/169098-7-0-8.wav,7,jackhammer,2,"[2, 4, 7]"
201652-5-4-3,/tmp\sound_datasets\urbansound8k\audio/fold2/201652-5-4-3.wav,5,engine_idling,2,"[1, 2, 5]"
203128-3-9-0,/tmp\sound_datasets\urbansound8k\audio/fold2/203128-3-9-0.wav,3,dog_bark,2,"[0, 1, 3]"
159747-8-0-21,/tmp\sound_datasets\urbansound8k\audio/fold2/159747-8-0-21.wav,8,siren,2,"[1, 3, 8]"
160011-2-0-3,/tmp\sound_datasets\urbansound8k\audio/fold2/160011-2-0-3.wav,2,children_playing,2,"[0, 0, 2]"
59594-4-0-1,/tmp\sound_datasets\urbansound8k\audio/fold2/59594-4-0-1.wav,4,drilling,2,"[2, 4, 4]"
91396-8-0-3,/tmp\sound_datasets\urbansound8k\audio/fold2/91396-8-0-3.wav,8,siren,2,"[1, 3, 8]"
106015-5-0-11,/tmp\sound_datasets\urbansound8k\audio/fold2/106015-5-0-11.wav,5,engine_idling,2,"[1, 2, 5]"
197320-6-9-0,/tmp\sound_datasets\urbansound8k\audio/fold2/197320-6-9-0.wav,6,gun_shot,2,"[2, 6, 6]"
74507-0-0-24,/tmp\sound_datasets\urbansound8k\audio/fold2/74507-0-0-24.wav,0,air_conditioner,2,"[2, 5, 0]"
39970-9-0-142,/tmp\sound_datasets\urbansound8k\audio/fold2/39970-9-0-142.wav,9,street_music,2,"[3, 7, 9]"
14387-9-0-19,/tmp\sound_datasets\urbansound8k\audio/fold2/14387-9-0-19.wav,9,street_music,2,"[3, 7, 9]"
102871-8-0-3,/tmp\sound_datasets\urbansound8k\audio/fold2/102871-8-0-3.wav,8,siren,2,"[1, 3, 8]"
113785-3-0-0,/tmp\sound_datasets\urbansound8k\audio/fold2/113785-3-0-0.wav,3,dog_bark,2,"[0, 1, 3]"
74507-0-0-18,/tmp\sound_datasets\urbansound8k\audio/fold2/74507-0-0-18.wav,0,air_conditioner,2,"[2, 5, 0]"
143970-5-0-3,/tmp\sound_datasets\urbansound8k\audio/fold2/143970-5-0-3.wav,5,engine_idling,2,"[1, 2, 5]"
143970-5-0-2,/tmp\sound_datasets\urbansound8k\audio/fold2/143970-5-0-2.wav,5,engine_idling,2,"[1, 2, 5]"
102871-8-0-2,/tmp\sound_datasets\urbansound8k\audio/fold2/102871-8-0-2.wav,8,siren,2,"[1, 3, 8]"
172593-2-0-22,/tmp\sound_datasets\urbansound8k\audio/fold2/172593-2-0-22.wav,2,children_playing,2,"[0, 0, 2]"
74507-0-0-25,/tmp\sound_datasets\urbansound8k\audio/fold2/74507-0-0-25.wav,0,air_conditioner,2,"[2, 5, 0]"
60591-2-0-8,/tmp\sound_datasets\urbansound8k\audio/fold2/60591-2-0-8.wav,2,children_playing,2,"[0, 0, 2]"
106015-5-0-10,/tmp\sound_datasets\urbansound8k\audio/fold2/106015-5-0-10.wav,5,engine_idling,2,"[1, 2, 5]"
182739-2-0-13,/tmp\sound_datasets\urbansound8k\audio/fold2/182739-2-0-13.wav,2,children_playing,2,"[0, 0, 2]"
109703-2-0-50,/tmp\sound_datasets\urbansound8k\audio/fold2/109703-2-0-50.wav,2,children_playing,2,"[0, 0, 2]"
91396-8-0-2,/tmp\sound_datasets\urbansound8k\audio/fold2/91396-8-0-2.wav,8,siren,2,"[1, 3, 8]"
59594-4-0-0,/tmp\sound_datasets\urbansound8k\audio/fold2/59594-4-0-0.wav,4,drilling,2,"[2, 4, 4]"
201652-5-4-2,/tmp\sound_datasets\urbansound8k\audio/fold2/201652-5-4-2.wav,5,engine_idling,2,"[1, 2, 5]"
169098-7-0-9,/tmp\sound_datasets\urbansound8k\audio/fold2/169098-7-0-9.wav,7,jackhammer,2,"[2, 4, 7]"
159747-8-0-20,/tmp\sound_datasets\urbansound8k\audio/fold2/159747-8-0-20.wav,8,siren,2,"[1, 3, 8]"
39970-9-0-54,/tmp\sound_datasets\urbansound8k\audio/fold2/39970-9-0-54.wav,9,street_music,2,"[3, 7, 9]"
132073-1-2-0,/tmp\sound_datasets\urbansound8k\audio/fold2/132073-1-2-0.wav,1,car_horn,2,"[1, 2, 1]"
46668-4-0-0,/tmp\sound_datasets\urbansound8k\audio/fold2/46668-4-0-0.wav,4,drilling,2,"[2, 4, 4]"
123688-8-0-18,/tmp\sound_datasets\urbansound8k\audio/fold2/123688-8-0-18.wav,8,siren,2,"[1, 3, 8]"
159747-8-0-5,/tmp\sound_datasets\urbansound8k\audio/fold2/159747-8-0-5.wav,8,siren,2,"[1, 3, 8]"
201652-5-2-4,/tmp\sound_datasets\urbansound8k\audio/fold2/201652-5-2-4.wav,5,engine_idling,2,"[1, 2, 5]"
113201-5-0-3,/tmp\sound_datasets\urbansound8k\audio/fold2/113201-5-0-3.wav,5,engine_idling,2,"[1, 2, 5]"
74226-9-0-10,/tmp\sound_datasets\urbansound8k\audio/fold2/74226-9-0-10.wav,9,street_music,2,"[3, 7, 9]"
104817-4-0-11,/tmp\sound_datasets\urbansound8k\audio/fold2/104817-4-0-11.wav,4,drilling,2,"[2, 4, 4]"
147926-0-0-5,/tmp\sound_datasets\urbansound8k\audio/fold2/147926-0-0-5.wav,0,air_conditioner,2,"[2, 5, 0]"
104817-4-0-7,/tmp\sound_datasets\urbansound8k\audio/fold2/104817-4-0-7.wav,4,drilling,2,"[2, 4, 4]"
192269-2-0-35,/tmp\sound_datasets\urbansound8k\audio/fold2/192269-2-0-35.wav,2,children_playing,2,"[0, 0, 2]"
74507-0-0-6,/tmp\sound_datasets\urbansound8k\audio/fold2/74507-0-0-6.wav,0,air_conditioner,2,"[2, 5, 0]"
102871-8-0-14,/tmp\sound_datasets\urbansound8k\audio/fold2/102871-8-0-14.wav,8,siren,2,"[1, 3, 8]"
98202-9-0-4,/tmp\sound_datasets\urbansound8k\audio/fold2/98202-9-0-4.wav,9,street_music,2,"[3, 7, 9]"
69883-3-0-9,/tmp\sound_datasets\urbansound8k\audio/fold2/69883-3-0-9.wav,3,dog_bark,2,"[0, 1, 3]"
74507-0-0-2,/tmp\sound_datasets\urbansound8k\audio/fold2/74507-0-0-2.wav,0,air_conditioner,2,"[2, 5, 0]"
104817-4-0-3,/tmp\sound_datasets\urbansound8k\audio/fold2/104817-4-0-3.wav,4,drilling,2,"[2, 4, 4]"
76086-4-0-12,/tmp\sound_datasets\urbansound8k\audio/fold2/76086-4-0-12.wav,4,drilling,2,"[2, 4, 4]"
102871-8-0-10,/tmp\sound_datasets\urbansound8k\audio/fold2/102871-8-0-10.wav,8,siren,2,"[1, 3, 8]"
169098-7-4-9,/tmp\sound_datasets\urbansound8k\audio/fold2/169098-7-4-9.wav,7,jackhammer,2,"[2, 4, 7]"
201652-5-0-2,/tmp\sound_datasets\urbansound8k\audio/fold2/201652-5-0-2.wav,5,engine_idling,2,"[1, 2, 5]"
108187-3-3-0,/tmp\sound_datasets\urbansound8k\audio/fold2/108187-3-3-0.wav,3,dog_bark,2,"[0, 1, 3]"
185800-4-1-0,/tmp\sound_datasets\urbansound8k\audio/fold2/185800-4-1-0.wav,4,drilling,2,"[2, 4, 4]"
146690-0-0-38,/tmp\sound_datasets\urbansound8k\audio/fold2/146690-0-0-38.wav,0,air_conditioner,2,"[2, 5, 0]"
74226-9-0-14,/tmp\sound_datasets\urbansound8k\audio/fold2/74226-9-0-14.wav,9,street_music,2,"[3, 7, 9]"
113201-5-0-7,/tmp\sound_datasets\urbansound8k\audio/fold2/113201-5-0-7.wav,5,engine_idling,2,"[1, 2, 5]"
175844-1-0-0,/tmp\sound_datasets\urbansound8k\audio/fold2/175844-1-0-0.wav,1,car_horn,2,"[1, 2, 1]"
146690-0-0-115,/tmp\sound_datasets\urbansound8k\audio/fold2/146690-0-0-115.wav,0,air_conditioner,2,"[2, 5, 0]"
102858-5-0-0,/tmp\sound_datasets\urbansound8k\audio/fold2/102858-5-0-0.wav,5,engine_idling,2,"[1, 2, 5]"
156893-7-8-0,/tmp\sound_datasets\urbansound8k\audio/fold2/156893-7-8-0.wav,7,jackhammer,2,"[2, 4, 7]"
156893-7-10-0,/tmp\sound_datasets\urbansound8k\audio/fold2/156893-7-10-0.wav,7,jackhammer,2,"[2, 4, 7]"
201652-5-2-0,/tmp\sound_datasets\urbansound8k\audio/fold2/201652-5-2-0.wav,5,engine_idling,2,"[1, 2, 5]"
159747-8-0-1,/tmp\sound_datasets\urbansound8k\audio/fold2/159747-8-0-1.wav,8,siren,2,"[1, 3, 8]"
159747-8-0-18,/tmp\sound_datasets\urbansound8k\audio/fold2/159747-8-0-18.wav,8,siren,2,"[1, 3, 8]"
155129-1-0-0,/tmp\sound_datasets\urbansound8k\audio/fold2/155129-1-0-0.wav,1,car_horn,2,"[1, 2, 1]"
201652-5-4-6,/tmp\sound_datasets\urbansound8k\audio/fold2/201652-5-4-6.wav,5,engine_idling,2,"[1, 2, 5]"
59594-4-0-4,/tmp\sound_datasets\urbansound8k\audio/fold2/59594-4-0-4.wav,4,drilling,2,"[2, 4, 4]"
22347-3-1-1,/tmp\sound_datasets\urbansound8k\audio/fold2/22347-3-1-1.wav,3,dog_bark,2,"[0, 1, 3]"
182739-2-0-17,/tmp\sound_datasets\urbansound8k\audio/fold2/182739-2-0-17.wav,2,children_playing,2,"[0, 0, 2]"
77751-4-8-0,/tmp\sound_datasets\urbansound8k\audio/fold2/77751-4-8-0.wav,4,drilling,2,"[2, 4, 4]"
106015-5-0-14,/tmp\sound_datasets\urbansound8k\audio/fold2/106015-5-0-14.wav,5,engine_idling,2,"[1, 2, 5]"
102871-8-0-6,/tmp\sound_datasets\urbansound8k\audio/fold2/102871-8-0-6.wav,8,siren,2,"[1, 3, 8]"
34621-4-8-0,/tmp\sound_datasets\urbansound8k\audio/fold2/34621-4-8-0.wav,4,drilling,2,"[2, 4, 4]"
132073-1-6-0,/tmp\sound_datasets\urbansound8k\audio/fold2/132073-1-6-0.wav,1,car_horn,2,"[1, 2, 1]"
194841-9-0-144,/tmp\sound_datasets\urbansound8k\audio/fold2/194841-9-0-144.wav,9,street_music,2,"[3, 7, 9]"
172593-2-0-27,/tmp\sound_datasets\urbansound8k\audio/fold2/172593-2-0-27.wav,2,children_playing,2,"[0, 0, 2]"
74507-0-0-20,/tmp\sound_datasets\urbansound8k\audio/fold2/74507-0-0-20.wav,0,air_conditioner,2,"[2, 5, 0]"
159750-8-0-8,/tmp\sound_datasets\urbansound8k\audio/fold2/159750-8-0-8.wav,8,siren,2,"[1, 3, 8]"
194841-9-0-178,/tmp\sound_datasets\urbansound8k\audio/fold2/194841-9-0-178.wav,9,street_music,2,"[3, 7, 9]"
102871-8-0-7,/tmp\sound_datasets\urbansound8k\audio/fold2/102871-8-0-7.wav,8,siren,2,"[1, 3, 8]"
34621-4-20-0,/tmp\sound_datasets\urbansound8k\audio/fold2/34621-4-20-0.wav,4,drilling,2,"[2, 4, 4]"
106015-5-0-15,/tmp\sound_datasets\urbansound8k\audio/fold2/106015-5-0-15.wav,5,engine_idling,2,"[1, 2, 5]"
203929-7-3-9,/tmp\sound_datasets\urbansound8k\audio/fold2/203929-7-3-9.wav,7,jackhammer,2,"[2, 4, 7]"
73623-7-2-0,/tmp\sound_datasets\urbansound8k\audio/fold2/73623-7-2-0.wav,7,jackhammer,2,"[2, 4, 7]"
160011-2-0-7,/tmp\sound_datasets\urbansound8k\audio/fold2/160011-2-0-7.wav,2,children_playing,2,"[0, 0, 2]"
201652-5-4-7,/tmp\sound_datasets\urbansound8k\audio/fold2/201652-5-4-7.wav,5,engine_idling,2,"[1, 2, 5]"
159747-8-0-19,/tmp\sound_datasets\urbansound8k\audio/fold2/159747-8-0-19.wav,8,siren,2,"[1, 3, 8]"
196384-9-0-11,/tmp\sound_datasets\urbansound8k\audio/fold2/196384-9-0-11.wav,9,street_music,2,"[3, 7, 9]"
159747-8-0-0,/tmp\sound_datasets\urbansound8k\audio/fold2/159747-8-0-0.wav,8,siren,2,"[1, 3, 8]"
201652-5-2-1,/tmp\sound_datasets\urbansound8k\audio/fold2/201652-5-2-1.wav,5,engine_idling,2,"[1, 2, 5]"
102858-5-0-1,/tmp\sound_datasets\urbansound8k\audio/fold2/102858-5-0-1.wav,5,engine_idling,2,"[1, 2, 5]"
179096-3-0-1,/tmp\sound_datasets\urbansound8k\audio/fold2/179096-3-0-1.wav,3,dog_bark,2,"[0, 1, 3]"
146690-0-0-100,/tmp\sound_datasets\urbansound8k\audio/fold2/146690-0-0-100.wav,0,air_conditioner,2,"[2, 5, 0]"
113201-5-0-6,/tmp\sound_datasets\urbansound8k\audio/fold2/113201-5-0-6.wav,5,engine_idling,2,"[1, 2, 5]"
149370-9-0-15,/tmp\sound_datasets\urbansound8k\audio/fold2/149370-9-0-15.wav,9,street_music,2,"[3, 7, 9]"
192269-2-0-18,/tmp\sound_datasets\urbansound8k\audio/fold2/192269-2-0-18.wav,2,children_playing,2,"[0, 0, 2]"
201652-5-0-3,/tmp\sound_datasets\urbansound8k\audio/fold2/201652-5-0-3.wav,5,engine_idling,2,"[1, 2, 5]"
169098-7-4-8,/tmp\sound_datasets\urbansound8k\audio/fold2/169098-7-4-8.wav,7,jackhammer,2,"[2, 4, 7]"
102871-8-0-11,/tmp\sound_datasets\urbansound8k\audio/fold2/102871-8-0-11.wav,8,siren,2,"[1, 3, 8]"
192269-2-0-24,/tmp\sound_datasets\urbansound8k\audio/fold2/192269-2-0-24.wav,2,children_playing,2,"[0, 0, 2]"
104817-4-0-2,/tmp\sound_datasets\urbansound8k\audio/fold2/104817-4-0-2.wav,4,drilling,2,"[2, 4, 4]"
74507-0-0-3,/tmp\sound_datasets\urbansound8k\audio/fold2/74507-0-0-3.wav,0,air_conditioner,2,"[2, 5, 0]"
147926-0-0-2,/tmp\sound_datasets\urbansound8k\audio/fold2/147926-0-0-2.wav,0,air_conditioner,2,"[2, 5, 0]"
104817-4-0-0,/tmp\sound_datasets\urbansound8k\audio/fold2/104817-4-0-0.wav,4,drilling,2,"[2, 4, 4]"
74507-0-0-1,/tmp\sound_datasets\urbansound8k\audio/fold2/74507-0-0-1.wav,0,air_conditioner,2,"[2, 5, 0]"
98202-9-0-7,/tmp\sound_datasets\urbansound8k\audio/fold2/98202-9-0-7.wav,9,street_music,2,"[3, 7, 9]"
168713-9-0-33,/tmp\sound_datasets\urbansound8k\audio/fold2/168713-9-0-33.wav,9,street_music,2,"[3, 7, 9]"
123688-8-0-8,/tmp\sound_datasets\urbansound8k\audio/fold2/123688-8-0-8.wav,8,siren,2,"[1, 3, 8]"
201652-5-0-1,/tmp\sound_datasets\urbansound8k\audio/fold2/201652-5-0-1.wav,5,engine_idling,2,"[1, 2, 5]"
102871-8-0-13,/tmp\sound_datasets\urbansound8k\audio/fold2/102871-8-0-13.wav,8,siren,2,"[1, 3, 8]"
118962-3-0-0,/tmp\sound_datasets\urbansound8k\audio/fold2/118962-3-0-0.wav,3,dog_bark,2,"[0, 1, 3]"
113201-5-0-4,/tmp\sound_datasets\urbansound8k\audio/fold2/113201-5-0-4.wav,5,engine_idling,2,"[1, 2, 5]"
146690-0-0-116,/tmp\sound_datasets\urbansound8k\audio/fold2/146690-0-0-116.wav,0,air_conditioner,2,"[2, 5, 0]"
174906-2-0-8,/tmp\sound_datasets\urbansound8k\audio/fold2/174906-2-0-8.wav,2,children_playing,2,"[0, 0, 2]"
201652-5-2-3,/tmp\sound_datasets\urbansound8k\audio/fold2/201652-5-2-3.wav,5,engine_idling,2,"[1, 2, 5]"
159747-8-0-2,/tmp\sound_datasets\urbansound8k\audio/fold2/159747-8-0-2.wav,8,siren,2,"[1, 3, 8]"
203929-7-9-0,/tmp\sound_datasets\urbansound8k\audio/fold2/203929-7-9-0.wav,7,jackhammer,2,"[2, 4, 7]"
96475-9-0-9,/tmp\sound_datasets\urbansound8k\audio/fold2/96475-9-0-9.wav,9,street_music,2,"[3, 7, 9]"
22347-3-3-0,/tmp\sound_datasets\urbansound8k\audio/fold2/22347-3-3-0.wav,3,dog_bark,2,"[0, 1, 3]"
34621-4-22-0,/tmp\sound_datasets\urbansound8k\audio/fold2/34621-4-22-0.wav,4,drilling,2,"[2, 4, 4]"
160011-2-0-5,/tmp\sound_datasets\urbansound8k\audio/fold2/160011-2-0-5.wav,2,children_playing,2,"[0, 0, 2]"
201652-5-4-5,/tmp\sound_datasets\urbansound8k\audio/fold2/201652-5-4-5.wav,5,engine_idling,2,"[1, 2, 5]"
49808-3-1-22,/tmp\sound_datasets\urbansound8k\audio/fold2/49808-3-1-22.wav,3,dog_bark,2,"[0, 1, 3]"
203929-7-3-10,/tmp\sound_datasets\urbansound8k\audio/fold2/203929-7-3-10.wav,7,jackhammer,2,"[2, 4, 7]"
22347-3-1-2,/tmp\sound_datasets\urbansound8k\audio/fold2/22347-3-1-2.wav,3,dog_bark,2,"[0, 1, 3]"
106015-5-0-17,/tmp\sound_datasets\urbansound8k\audio/fold2/106015-5-0-17.wav,5,engine_idling,2,"[1, 2, 5]"
102871-8-0-5,/tmp\sound_datasets\urbansound8k\audio/fold2/102871-8-0-5.wav,8,siren,2,"[1, 3, 8]"
74507-0-0-22,/tmp\sound_datasets\urbansound8k\audio/fold2/74507-0-0-22.wav,0,air_conditioner,2,"[2, 5, 0]"
73623-7-0-0,/tmp\sound_datasets\urbansound8k\audio/fold2/73623-7-0-0.wav,7,jackhammer,2,"[2, 4, 7]"
74507-0-0-23,/tmp\sound_datasets\urbansound8k\audio/fold2/74507-0-0-23.wav,0,air_conditioner,2,"[2, 5, 0]"
179864-1-0-0,/tmp\sound_datasets\urbansound8k\audio/fold2/179864-1-0-0.wav,1,car_horn,2,"[1, 2, 1]"
102871-8-0-4,/tmp\sound_datasets\urbansound8k\audio/fold2/102871-8-0-4.wav,8,siren,2,"[1, 3, 8]"
172593-2-0-18,/tmp\sound_datasets\urbansound8k\audio/fold2/172593-2-0-18.wav,2,children_playing,2,"[0, 0, 2]"
106015-5-0-16,/tmp\sound_datasets\urbansound8k\audio/fold2/106015-5-0-16.wav,5,engine_idling,2,"[1, 2, 5]"
155129-1-2-0,/tmp\sound_datasets\urbansound8k\audio/fold2/155129-1-2-0.wav,1,car_horn,2,"[1, 2, 1]"
132073-1-4-0,/tmp\sound_datasets\urbansound8k\audio/fold2/132073-1-4-0.wav,1,car_horn,2,"[1, 2, 1]"
60605-9-0-34,/tmp\sound_datasets\urbansound8k\audio/fold2/60605-9-0-34.wav,9,street_music,2,"[3, 7, 9]"
201652-5-4-4,/tmp\sound_datasets\urbansound8k\audio/fold2/201652-5-4-4.wav,5,engine_idling,2,"[1, 2, 5]"
203929-7-1-8,/tmp\sound_datasets\urbansound8k\audio/fold2/203929-7-1-8.wav,7,jackhammer,2,"[2, 4, 7]"
39970-9-0-46,/tmp\sound_datasets\urbansound8k\audio/fold2/39970-9-0-46.wav,9,street_music,2,"[3, 7, 9]"
159747-8-0-3,/tmp\sound_datasets\urbansound8k\audio/fold2/159747-8-0-3.wav,8,siren,2,"[1, 3, 8]"
201652-5-2-2,/tmp\sound_datasets\urbansound8k\audio/fold2/201652-5-2-2.wav,5,engine_idling,2,"[1, 2, 5]"
71080-4-1-0,/tmp\sound_datasets\urbansound8k\audio/fold2/71080-4-1-0.wav,4,drilling,2,"[2, 4, 4]"
146690-0-0-117,/tmp\sound_datasets\urbansound8k\audio/fold2/146690-0-0-117.wav,0,air_conditioner,2,"[2, 5, 0]"
113201-5-0-5,/tmp\sound_datasets\urbansound8k\audio/fold2/113201-5-0-5.wav,5,engine_idling,2,"[1, 2, 5]"
102871-8-0-12,/tmp\sound_datasets\urbansound8k\audio/fold2/102871-8-0-12.wav,8,siren,2,"[1, 3, 8]"
76086-4-0-38,/tmp\sound_datasets\urbansound8k\audio/fold2/76086-4-0-38.wav,4,drilling,2,"[2, 4, 4]"
201652-5-0-0,/tmp\sound_datasets\urbansound8k\audio/fold2/201652-5-0-0.wav,5,engine_idling,2,"[1, 2, 5]"
123688-8-0-9,/tmp\sound_datasets\urbansound8k\audio/fold2/123688-8-0-9.wav,8,siren,2,"[1, 3, 8]"
74507-0-0-0,/tmp\sound_datasets\urbansound8k\audio/fold2/74507-0-0-0.wav,0,air_conditioner,2,"[2, 5, 0]"
168713-9-0-32,/tmp\sound_datasets\urbansound8k\audio/fold2/168713-9-0-32.wav,9,street_music,2,"[3, 7, 9]"
192269-2-0-1,/tmp\sound_datasets\urbansound8k\audio/fold2/192269-2-0-1.wav,2,children_playing,2,"[0, 0, 2]"
104817-4-0-1,/tmp\sound_datasets\urbansound8k\audio/fold2/104817-4-0-1.wav,4,drilling,2,"[2, 4, 4]"
186339-9-0-7,/tmp\sound_datasets\urbansound8k\audio/fold3/186339-9-0-7.wav,9,street_music,3,"[3, 7, 9]"
199769-1-0-9,/tmp\sound_datasets\urbansound8k\audio/fold3/199769-1-0-9.wav,1,car_horn,3,"[1, 2, 1]"
17853-5-0-11,/tmp\sound_datasets\urbansound8k\audio/fold3/17853-5-0-11.wav,5,engine_idling,3,"[1, 2, 5]"
195451-5-0-4,/tmp\sound_datasets\urbansound8k\audio/fold3/195451-5-0-4.wav,5,engine_idling,3,"[1, 2, 5]"
82811-3-0-1,/tmp\sound_datasets\urbansound8k\audio/fold3/82811-3-0-1.wav,3,dog_bark,3,"[0, 1, 3]"
148838-6-2-0,/tmp\sound_datasets\urbansound8k\audio/fold3/148838-6-2-0.wav,6,gun_shot,3,"[2, 6, 6]"
58857-2-0-14,/tmp\sound_datasets\urbansound8k\audio/fold3/58857-2-0-14.wav,2,children_playing,3,"[0, 0, 2]"
195451-5-0-11,/tmp\sound_datasets\urbansound8k\audio/fold3/195451-5-0-11.wav,5,engine_idling,3,"[1, 2, 5]"
49485-9-0-142,/tmp\sound_datasets\urbansound8k\audio/fold3/49485-9-0-142.wav,9,street_music,3,"[3, 7, 9]"
41372-3-0-36,/tmp\sound_datasets\urbansound8k\audio/fold3/41372-3-0-36.wav,3,dog_bark,3,"[0, 1, 3]"
188824-7-7-0,/tmp\sound_datasets\urbansound8k\audio/fold3/188824-7-7-0.wav,7,jackhammer,3,"[2, 4, 7]"
29721-4-0-1,/tmp\sound_datasets\urbansound8k\audio/fold3/29721-4-0-1.wav,4,drilling,3,"[2, 4, 4]"
18594-1-0-0,/tmp\sound_datasets\urbansound8k\audio/fold3/18594-1-0-0.wav,1,car_horn,3,"[1, 2, 1]"
103199-4-2-0,/tmp\sound_datasets\urbansound8k\audio/fold3/103199-4-2-0.wav,4,drilling,3,"[2, 4, 4]"
185373-9-1-70,/tmp\sound_datasets\urbansound8k\audio/fold3/185373-9-1-70.wav,9,street_music,3,"[3, 7, 9]"
165039-7-10-0,/tmp\sound_datasets\urbansound8k\audio/fold3/165039-7-10-0.wav,7,jackhammer,3,"[2, 4, 7]"
165039-7-5-1,/tmp\sound_datasets\urbansound8k\audio/fold3/165039-7-5-1.wav,7,jackhammer,3,"[2, 4, 7]"
186339-9-0-12,/tmp\sound_datasets\urbansound8k\audio/fold3/186339-9-0-12.wav,9,street_music,3,"[3, 7, 9]"
34708-6-0-0,/tmp\sound_datasets\urbansound8k\audio/fold3/34708-6-0-0.wav,6,gun_shot,3,"[2, 6, 6]"
29721-4-0-13,/tmp\sound_datasets\urbansound8k\audio/fold3/29721-4-0-13.wav,4,drilling,3,"[2, 4, 4]"
107228-5-0-3,/tmp\sound_datasets\urbansound8k\audio/fold3/107228-5-0-3.wav,5,engine_idling,3,"[1, 2, 5]"
17853-5-0-3,/tmp\sound_datasets\urbansound8k\audio/fold3/17853-5-0-3.wav,5,engine_idling,3,"[1, 2, 5]"
13230-0-0-11,/tmp\sound_datasets\urbansound8k\audio/fold3/13230-0-0-11.wav,0,air_conditioner,3,"[2, 5, 0]"
184623-8-0-3,/tmp\sound_datasets\urbansound8k\audio/fold3/184623-8-0-3.wav,8,siren,3,"[1, 3, 8]"
22601-8-0-12,/tmp\sound_datasets\urbansound8k\audio/fold3/22601-8-0-12.wav,8,siren,3,"[1, 3, 8]"
90014-8-0-4,/tmp\sound_datasets\urbansound8k\audio/fold3/90014-8-0-4.wav,8,siren,3,"[1, 3, 8]"
30204-0-0-0,/tmp\sound_datasets\urbansound8k\audio/fold3/30204-0-0-0.wav,0,air_conditioner,3,"[2, 5, 0]"
52077-3-0-3,/tmp\sound_datasets\urbansound8k\audio/fold3/52077-3-0-3.wav,3,dog_bark,3,"[0, 1, 3]"
95562-4-1-0,/tmp\sound_datasets\urbansound8k\audio/fold3/95562-4-1-0.wav,4,drilling,3,"[2, 4, 4]"
62837-7-1-11,/tmp\sound_datasets\urbansound8k\audio/fold3/62837-7-1-11.wav,7,jackhammer,3,"[2, 4, 7]"
188824-7-11-0,/tmp\sound_datasets\urbansound8k\audio/fold3/188824-7-11-0.wav,7,jackhammer,3,"[2, 4, 7]"
62837-7-1-39,/tmp\sound_datasets\urbansound8k\audio/fold3/62837-7-1-39.wav,7,jackhammer,3,"[2, 4, 7]"
88569-2-0-54,/tmp\sound_datasets\urbansound8k\audio/fold3/88569-2-0-54.wav,2,children_playing,3,"[0, 0, 2]"
30204-0-0-1,/tmp\sound_datasets\urbansound8k\audio/fold3/30204-0-0-1.wav,0,air_conditioner,3,"[2, 5, 0]"
90014-8-0-5,/tmp\sound_datasets\urbansound8k\audio/fold3/90014-8-0-5.wav,8,siren,3,"[1, 3, 8]"
22601-8-0-13,/tmp\sound_datasets\urbansound8k\audio/fold3/22601-8-0-13.wav,8,siren,3,"[1, 3, 8]"
184623-8-0-2,/tmp\sound_datasets\urbansound8k\audio/fold3/184623-8-0-2.wav,8,siren,3,"[1, 3, 8]"
13230-0-0-10,/tmp\sound_datasets\urbansound8k\audio/fold3/13230-0-0-10.wav,0,air_conditioner,3,"[2, 5, 0]"
17853-5-0-2,/tmp\sound_datasets\urbansound8k\audio/fold3/17853-5-0-2.wav,5,engine_idling,3,"[1, 2, 5]"
29721-4-0-12,/tmp\sound_datasets\urbansound8k\audio/fold3/29721-4-0-12.wav,4,drilling,3,"[2, 4, 4]"
107228-5-0-2,/tmp\sound_datasets\urbansound8k\audio/fold3/107228-5-0-2.wav,5,engine_idling,3,"[1, 2, 5]"
165039-7-5-0,/tmp\sound_datasets\urbansound8k\audio/fold3/165039-7-5-0.wav,7,jackhammer,3,"[2, 4, 7]"
165039-7-10-1,/tmp\sound_datasets\urbansound8k\audio/fold3/165039-7-10-1.wav,7,jackhammer,3,"[2, 4, 7]"
52077-3-0-13,/tmp\sound_datasets\urbansound8k\audio/fold3/52077-3-0-13.wav,3,dog_bark,3,"[0, 1, 3]"
103199-4-2-1,/tmp\sound_datasets\urbansound8k\audio/fold3/103199-4-2-1.wav,4,drilling,3,"[2, 4, 4]"
146714-0-0-21,/tmp\sound_datasets\urbansound8k\audio/fold3/146714-0-0-21.wav,0,air_conditioner,3,"[2, 5, 0]"
29721-4-0-0,/tmp\sound_datasets\urbansound8k\audio/fold3/29721-4-0-0.wav,4,drilling,3,"[2, 4, 4]"
146714-0-0-35,/tmp\sound_datasets\urbansound8k\audio/fold3/146714-0-0-35.wav,0,air_conditioner,3,"[2, 5, 0]"
195451-5-0-10,/tmp\sound_datasets\urbansound8k\audio/fold3/195451-5-0-10.wav,5,engine_idling,3,"[1, 2, 5]"
63095-4-1-23,/tmp\sound_datasets\urbansound8k\audio/fold3/63095-4-1-23.wav,4,drilling,3,"[2, 4, 4]"
182103-9-0-22,/tmp\sound_datasets\urbansound8k\audio/fold3/182103-9-0-22.wav,9,street_music,3,"[3, 7, 9]"
103199-4-0-3,/tmp\sound_datasets\urbansound8k\audio/fold3/103199-4-0-3.wav,4,drilling,3,"[2, 4, 4]"
195451-5-0-5,/tmp\sound_datasets\urbansound8k\audio/fold3/195451-5-0-5.wav,5,engine_idling,3,"[1, 2, 5]"
17853-5-0-10,/tmp\sound_datasets\urbansound8k\audio/fold3/17853-5-0-10.wav,5,engine_idling,3,"[1, 2, 5]"
155309-3-0-0,/tmp\sound_datasets\urbansound8k\audio/fold3/155309-3-0-0.wav,3,dog_bark,3,"[0, 1, 3]"
199769-1-0-8,/tmp\sound_datasets\urbansound8k\audio/fold3/199769-1-0-8.wav,1,car_horn,3,"[1, 2, 1]"
17853-5-0-12,/tmp\sound_datasets\urbansound8k\audio/fold3/17853-5-0-12.wav,5,engine_idling,3,"[1, 2, 5]"
123399-2-0-22,/tmp\sound_datasets\urbansound8k\audio/fold3/123399-2-0-22.wav,2,children_playing,3,"[0, 0, 2]"
82811-3-0-2,/tmp\sound_datasets\urbansound8k\audio/fold3/82811-3-0-2.wav,3,dog_bark,3,"[0, 1, 3]"
195451-5-0-7,/tmp\sound_datasets\urbansound8k\audio/fold3/195451-5-0-7.wav,5,engine_idling,3,"[1, 2, 5]"
195451-5-0-12,/tmp\sound_datasets\urbansound8k\audio/fold3/195451-5-0-12.wav,5,engine_idling,3,"[1, 2, 5]"
65750-3-3-74,/tmp\sound_datasets\urbansound8k\audio/fold3/65750-3-3-74.wav,3,dog_bark,3,"[0, 1, 3]"
29721-4-0-2,/tmp\sound_datasets\urbansound8k\audio/fold3/29721-4-0-2.wav,4,drilling,3,"[2, 4, 4]"
65750-3-3-48,/tmp\sound_datasets\urbansound8k\audio/fold3/65750-3-3-48.wav,3,dog_bark,3,"[0, 1, 3]"
103199-4-2-3,/tmp\sound_datasets\urbansound8k\audio/fold3/103199-4-2-3.wav,4,drilling,3,"[2, 4, 4]"
107228-5-0-0,/tmp\sound_datasets\urbansound8k\audio/fold3/107228-5-0-0.wav,5,engine_idling,3,"[1, 2, 5]"
29721-4-0-10,/tmp\sound_datasets\urbansound8k\audio/fold3/29721-4-0-10.wav,4,drilling,3,"[2, 4, 4]"
17853-5-0-0,/tmp\sound_datasets\urbansound8k\audio/fold3/17853-5-0-0.wav,5,engine_idling,3,"[1, 2, 5]"
95562-4-3-1,/tmp\sound_datasets\urbansound8k\audio/fold3/95562-4-3-1.wav,4,drilling,3,"[2, 4, 4]"
13230-0-0-12,/tmp\sound_datasets\urbansound8k\audio/fold3/13230-0-0-12.wav,0,air_conditioner,3,"[2, 5, 0]"
186334-2-0-11,/tmp\sound_datasets\urbansound8k\audio/fold3/186334-2-0-11.wav,2,children_playing,3,"[0, 0, 2]"
165039-7-12-1,/tmp\sound_datasets\urbansound8k\audio/fold3/165039-7-12-1.wav,7,jackhammer,3,"[2, 4, 7]"
184623-8-0-0,/tmp\sound_datasets\urbansound8k\audio/fold3/184623-8-0-0.wav,8,siren,3,"[1, 3, 8]"
22601-8-0-11,/tmp\sound_datasets\urbansound8k\audio/fold3/22601-8-0-11.wav,8,siren,3,"[1, 3, 8]"
22601-8-0-39,/tmp\sound_datasets\urbansound8k\audio/fold3/22601-8-0-39.wav,8,siren,3,"[1, 3, 8]"
165039-7-7-0,/tmp\sound_datasets\urbansound8k\audio/fold3/165039-7-7-0.wav,7,jackhammer,3,"[2, 4, 7]"
30204-0-0-3,/tmp\sound_datasets\urbansound8k\audio/fold3/30204-0-0-3.wav,0,air_conditioner,3,"[2, 5, 0]"
117072-3-0-8,/tmp\sound_datasets\urbansound8k\audio/fold3/117072-3-0-8.wav,3,dog_bark,3,"[0, 1, 3]"
95077-5-0-0,/tmp\sound_datasets\urbansound8k\audio/fold3/95077-5-0-0.wav,5,engine_idling,3,"[1, 2, 5]"
62837-7-0-9,/tmp\sound_datasets\urbansound8k\audio/fold3/62837-7-0-9.wav,7,jackhammer,3,"[2, 4, 7]"
62837-7-0-8,/tmp\sound_datasets\urbansound8k\audio/fold3/62837-7-0-8.wav,7,jackhammer,3,"[2, 4, 7]"
30204-0-0-2,/tmp\sound_datasets\urbansound8k\audio/fold3/30204-0-0-2.wav,0,air_conditioner,3,"[2, 5, 0]"
90014-8-0-6,/tmp\sound_datasets\urbansound8k\audio/fold3/90014-8-0-6.wav,8,siren,3,"[1, 3, 8]"
22601-8-0-38,/tmp\sound_datasets\urbansound8k\audio/fold3/22601-8-0-38.wav,8,siren,3,"[1, 3, 8]"
34708-6-2-0,/tmp\sound_datasets\urbansound8k\audio/fold3/34708-6-2-0.wav,6,gun_shot,3,"[2, 6, 6]"
22601-8-0-10,/tmp\sound_datasets\urbansound8k\audio/fold3/22601-8-0-10.wav,8,siren,3,"[1, 3, 8]"
184623-8-0-1,/tmp\sound_datasets\urbansound8k\audio/fold3/184623-8-0-1.wav,8,siren,3,"[1, 3, 8]"
165039-7-12-0,/tmp\sound_datasets\urbansound8k\audio/fold3/165039-7-12-0.wav,7,jackhammer,3,"[2, 4, 7]"
177742-0-0-111,/tmp\sound_datasets\urbansound8k\audio/fold3/177742-0-0-111.wav,0,air_conditioner,3,"[2, 5, 0]"
13230-0-0-13,/tmp\sound_datasets\urbansound8k\audio/fold3/13230-0-0-13.wav,0,air_conditioner,3,"[2, 5, 0]"
95562-4-3-0,/tmp\sound_datasets\urbansound8k\audio/fold3/95562-4-3-0.wav,4,drilling,3,"[2, 4, 4]"
17853-5-0-1,/tmp\sound_datasets\urbansound8k\audio/fold3/17853-5-0-1.wav,5,engine_idling,3,"[1, 2, 5]"
107228-5-0-1,/tmp\sound_datasets\urbansound8k\audio/fold3/107228-5-0-1.wav,5,engine_idling,3,"[1, 2, 5]"
29721-4-0-11,/tmp\sound_datasets\urbansound8k\audio/fold3/29721-4-0-11.wav,4,drilling,3,"[2, 4, 4]"
103199-4-2-2,/tmp\sound_datasets\urbansound8k\audio/fold3/103199-4-2-2.wav,4,drilling,3,"[2, 4, 4]"
146714-0-0-36,/tmp\sound_datasets\urbansound8k\audio/fold3/146714-0-0-36.wav,0,air_conditioner,3,"[2, 5, 0]"
29721-4-0-3,/tmp\sound_datasets\urbansound8k\audio/fold3/29721-4-0-3.wav,4,drilling,3,"[2, 4, 4]"
146714-0-0-22,/tmp\sound_datasets\urbansound8k\audio/fold3/146714-0-0-22.wav,0,air_conditioner,3,"[2, 5, 0]"
148838-6-0-0,/tmp\sound_datasets\urbansound8k\audio/fold3/148838-6-0-0.wav,6,gun_shot,3,"[2, 6, 6]"
195451-5-0-13,/tmp\sound_datasets\urbansound8k\audio/fold3/195451-5-0-13.wav,5,engine_idling,3,"[1, 2, 5]"
49485-9-0-154,/tmp\sound_datasets\urbansound8k\audio/fold3/49485-9-0-154.wav,9,street_music,3,"[3, 7, 9]"
63095-4-1-20,/tmp\sound_datasets\urbansound8k\audio/fold3/63095-4-1-20.wav,4,drilling,3,"[2, 4, 4]"
58857-2-0-16,/tmp\sound_datasets\urbansound8k\audio/fold3/58857-2-0-16.wav,2,children_playing,3,"[0, 0, 2]"
103199-4-0-0,/tmp\sound_datasets\urbansound8k\audio/fold3/103199-4-0-0.wav,4,drilling,3,"[2, 4, 4]"
54067-2-0-60,/tmp\sound_datasets\urbansound8k\audio/fold3/54067-2-0-60.wav,2,children_playing,3,"[0, 0, 2]"
18594-1-2-0,/tmp\sound_datasets\urbansound8k\audio/fold3/18594-1-2-0.wav,1,car_horn,3,"[1, 2, 1]"
54067-2-0-48,/tmp\sound_datasets\urbansound8k\audio/fold3/54067-2-0-48.wav,2,children_playing,3,"[0, 0, 2]"
195451-5-0-6,/tmp\sound_datasets\urbansound8k\audio/fold3/195451-5-0-6.wav,5,engine_idling,3,"[1, 2, 5]"
161195-6-0-0,/tmp\sound_datasets\urbansound8k\audio/fold3/161195-6-0-0.wav,6,gun_shot,3,"[2, 6, 6]"
188824-7-5-0,/tmp\sound_datasets\urbansound8k\audio/fold3/188824-7-5-0.wav,7,jackhammer,3,"[2, 4, 7]"
17853-5-0-13,/tmp\sound_datasets\urbansound8k\audio/fold3/17853-5-0-13.wav,5,engine_idling,3,"[1, 2, 5]"
33696-3-0-0,/tmp\sound_datasets\urbansound8k\audio/fold3/33696-3-0-0.wav,3,dog_bark,3,"[0, 1, 3]"
138473-9-0-5,/tmp\sound_datasets\urbansound8k\audio/fold3/138473-9-0-5.wav,9,street_music,3,"[3, 7, 9]"
186339-9-0-1,/tmp\sound_datasets\urbansound8k\audio/fold3/186339-9-0-1.wav,9,street_music,3,"[3, 7, 9]"
66622-4-0-8,/tmp\sound_datasets\urbansound8k\audio/fold3/66622-4-0-8.wav,4,drilling,3,"[2, 4, 4]"
54067-2-0-70,/tmp\sound_datasets\urbansound8k\audio/fold3/54067-2-0-70.wav,2,children_playing,3,"[0, 0, 2]"
103199-4-0-4,/tmp\sound_datasets\urbansound8k\audio/fold3/103199-4-0-4.wav,4,drilling,3,"[2, 4, 4]"
195451-5-0-2,/tmp\sound_datasets\urbansound8k\audio/fold3/195451-5-0-2.wav,5,engine_idling,3,"[1, 2, 5]"
63095-4-1-18,/tmp\sound_datasets\urbansound8k\audio/fold3/63095-4-1-18.wav,4,drilling,3,"[2, 4, 4]"
195451-5-0-17,/tmp\sound_datasets\urbansound8k\audio/fold3/195451-5-0-17.wav,5,engine_idling,3,"[1, 2, 5]"
58857-2-0-12,/tmp\sound_datasets\urbansound8k\audio/fold3/58857-2-0-12.wav,2,children_playing,3,"[0, 0, 2]"
165039-7-16-0,/tmp\sound_datasets\urbansound8k\audio/fold3/165039-7-16-0.wav,7,jackhammer,3,"[2, 4, 7]"
103199-4-2-6,/tmp\sound_datasets\urbansound8k\audio/fold3/103199-4-2-6.wav,4,drilling,3,"[2, 4, 4]"
196073-2-0-0,/tmp\sound_datasets\urbansound8k\audio/fold3/196073-2-0-0.wav,2,children_playing,3,"[0, 0, 2]"
29721-4-0-7,/tmp\sound_datasets\urbansound8k\audio/fold3/29721-4-0-7.wav,4,drilling,3,"[2, 4, 4]"
107228-5-0-5,/tmp\sound_datasets\urbansound8k\audio/fold3/107228-5-0-5.wav,5,engine_idling,3,"[1, 2, 5]"
179386-3-0-2,/tmp\sound_datasets\urbansound8k\audio/fold3/179386-3-0-2.wav,3,dog_bark,3,"[0, 1, 3]"
188824-7-1-0,/tmp\sound_datasets\urbansound8k\audio/fold3/188824-7-1-0.wav,7,jackhammer,3,"[2, 4, 7]"
42117-8-0-8,/tmp\sound_datasets\urbansound8k\audio/fold3/42117-8-0-8.wav,8,siren,3,"[1, 3, 8]"
33696-3-4-0,/tmp\sound_datasets\urbansound8k\audio/fold3/33696-3-4-0.wav,3,dog_bark,3,"[0, 1, 3]"
103199-4-4-0,/tmp\sound_datasets\urbansound8k\audio/fold3/103199-4-4-0.wav,4,drilling,3,"[2, 4, 4]"
13230-0-0-17,/tmp\sound_datasets\urbansound8k\audio/fold3/13230-0-0-17.wav,0,air_conditioner,3,"[2, 5, 0]"
18594-1-6-0,/tmp\sound_datasets\urbansound8k\audio/fold3/18594-1-6-0.wav,1,car_horn,3,"[1, 2, 1]"
17853-5-0-5,/tmp\sound_datasets\urbansound8k\audio/fold3/17853-5-0-5.wav,5,engine_idling,3,"[1, 2, 5]"
166101-5-3-0,/tmp\sound_datasets\urbansound8k\audio/fold3/166101-5-3-0.wav,5,engine_idling,3,"[1, 2, 5]"
90014-8-0-2,/tmp\sound_datasets\urbansound8k\audio/fold3/90014-8-0-2.wav,8,siren,3,"[1, 3, 8]"
22601-8-0-28,/tmp\sound_datasets\urbansound8k\audio/fold3/22601-8-0-28.wav,8,siren,3,"[1, 3, 8]"
30204-0-0-6,/tmp\sound_datasets\urbansound8k\audio/fold3/30204-0-0-6.wav,0,air_conditioner,3,"[2, 5, 0]"
19496-3-1-1,/tmp\sound_datasets\urbansound8k\audio/fold3/19496-3-1-1.wav,3,dog_bark,3,"[0, 1, 3]"
22601-8-0-14,/tmp\sound_datasets\urbansound8k\audio/fold3/22601-8-0-14.wav,8,siren,3,"[1, 3, 8]"
22601-8-0-15,/tmp\sound_datasets\urbansound8k\audio/fold3/22601-8-0-15.wav,8,siren,3,"[1, 3, 8]"
19496-3-1-0,/tmp\sound_datasets\urbansound8k\audio/fold3/19496-3-1-0.wav,3,dog_bark,3,"[0, 1, 3]"
30204-0-0-7,/tmp\sound_datasets\urbansound8k\audio/fold3/30204-0-0-7.wav,0,air_conditioner,3,"[2, 5, 0]"
22601-8-0-29,/tmp\sound_datasets\urbansound8k\audio/fold3/22601-8-0-29.wav,8,siren,3,"[1, 3, 8]"
90014-8-0-3,/tmp\sound_datasets\urbansound8k\audio/fold3/90014-8-0-3.wav,8,siren,3,"[1, 3, 8]"
88569-2-0-85,/tmp\sound_datasets\urbansound8k\audio/fold3/88569-2-0-85.wav,2,children_playing,3,"[0, 0, 2]"
17853-5-0-4,/tmp\sound_datasets\urbansound8k\audio/fold3/17853-5-0-4.wav,5,engine_idling,3,"[1, 2, 5]"
13230-0-0-16,/tmp\sound_datasets\urbansound8k\audio/fold3/13230-0-0-16.wav,0,air_conditioner,3,"[2, 5, 0]"
135526-6-13-0,/tmp\sound_datasets\urbansound8k\audio/fold3/135526-6-13-0.wav,6,gun_shot,3,"[2, 6, 6]"
33696-3-4-1,/tmp\sound_datasets\urbansound8k\audio/fold3/33696-3-4-1.wav,3,dog_bark,3,"[0, 1, 3]"
42117-8-0-9,/tmp\sound_datasets\urbansound8k\audio/fold3/42117-8-0-9.wav,8,siren,3,"[1, 3, 8]"
77769-9-0-8,/tmp\sound_datasets\urbansound8k\audio/fold3/77769-9-0-8.wav,9,street_music,3,"[3, 7, 9]"
135526-6-9-0,/tmp\sound_datasets\urbansound8k\audio/fold3/135526-6-9-0.wav,6,gun_shot,3,"[2, 6, 6]"
29721-4-0-14,/tmp\sound_datasets\urbansound8k\audio/fold3/29721-4-0-14.wav,4,drilling,3,"[2, 4, 4]"
179386-3-0-3,/tmp\sound_datasets\urbansound8k\audio/fold3/179386-3-0-3.wav,3,dog_bark,3,"[0, 1, 3]"
107228-5-0-4,/tmp\sound_datasets\urbansound8k\audio/fold3/107228-5-0-4.wav,5,engine_idling,3,"[1, 2, 5]"
29721-4-0-6,/tmp\sound_datasets\urbansound8k\audio/fold3/29721-4-0-6.wav,4,drilling,3,"[2, 4, 4]"
146714-0-0-33,/tmp\sound_datasets\urbansound8k\audio/fold3/146714-0-0-33.wav,0,air_conditioner,3,"[2, 5, 0]"
146714-0-0-27,/tmp\sound_datasets\urbansound8k\audio/fold3/146714-0-0-27.wav,0,air_conditioner,3,"[2, 5, 0]"
162431-6-0-0,/tmp\sound_datasets\urbansound8k\audio/fold3/162431-6-0-0.wav,6,gun_shot,3,"[2, 6, 6]"
103199-4-2-7,/tmp\sound_datasets\urbansound8k\audio/fold3/103199-4-2-7.wav,4,drilling,3,"[2, 4, 4]"
90846-8-0-0,/tmp\sound_datasets\urbansound8k\audio/fold3/90846-8-0-0.wav,8,siren,3,"[1, 3, 8]"
58857-2-0-13,/tmp\sound_datasets\urbansound8k\audio/fold3/58857-2-0-13.wav,2,children_playing,3,"[0, 0, 2]"
69598-4-9-0,/tmp\sound_datasets\urbansound8k\audio/fold3/69598-4-9-0.wav,4,drilling,3,"[2, 4, 4]"
195451-5-0-16,/tmp\sound_datasets\urbansound8k\audio/fold3/195451-5-0-16.wav,5,engine_idling,3,"[1, 2, 5]"
63095-4-1-19,/tmp\sound_datasets\urbansound8k\audio/fold3/63095-4-1-19.wav,4,drilling,3,"[2, 4, 4]"
185373-9-0-6,/tmp\sound_datasets\urbansound8k\audio/fold3/185373-9-0-6.wav,9,street_music,3,"[3, 7, 9]"
41372-3-0-25,/tmp\sound_datasets\urbansound8k\audio/fold3/41372-3-0-25.wav,3,dog_bark,3,"[0, 1, 3]"
165039-7-3-0,/tmp\sound_datasets\urbansound8k\audio/fold3/165039-7-3-0.wav,7,jackhammer,3,"[2, 4, 7]"
195451-5-0-3,/tmp\sound_datasets\urbansound8k\audio/fold3/195451-5-0-3.wav,5,engine_idling,3,"[1, 2, 5]"
199769-1-0-18,/tmp\sound_datasets\urbansound8k\audio/fold3/199769-1-0-18.wav,1,car_horn,3,"[1, 2, 1]"
63095-4-0-8,/tmp\sound_datasets\urbansound8k\audio/fold3/63095-4-0-8.wav,4,drilling,3,"[2, 4, 4]"
54067-2-0-71,/tmp\sound_datasets\urbansound8k\audio/fold3/54067-2-0-71.wav,2,children_playing,3,"[0, 0, 2]"
103199-4-0-5,/tmp\sound_datasets\urbansound8k\audio/fold3/103199-4-0-5.wav,4,drilling,3,"[2, 4, 4]"
175847-1-0-0,/tmp\sound_datasets\urbansound8k\audio/fold3/175847-1-0-0.wav,1,car_horn,3,"[1, 2, 1]"
185373-9-0-21,/tmp\sound_datasets\urbansound8k\audio/fold3/185373-9-0-21.wav,9,street_music,3,"[3, 7, 9]"
17853-5-0-14,/tmp\sound_datasets\urbansound8k\audio/fold3/17853-5-0-14.wav,5,engine_idling,3,"[1, 2, 5]"
165039-7-1-0,/tmp\sound_datasets\urbansound8k\audio/fold3/165039-7-1-0.wav,7,jackhammer,3,"[2, 4, 7]"
138473-9-0-6,/tmp\sound_datasets\urbansound8k\audio/fold3/138473-9-0-6.wav,9,street_music,3,"[3, 7, 9]"
162431-6-2-0,/tmp\sound_datasets\urbansound8k\audio/fold3/162431-6-2-0.wav,6,gun_shot,3,"[2, 6, 6]"
177742-0-0-84,/tmp\sound_datasets\urbansound8k\audio/fold3/177742-0-0-84.wav,0,air_conditioner,3,"[2, 5, 0]"
182103-9-0-26,/tmp\sound_datasets\urbansound8k\audio/fold3/182103-9-0-26.wav,9,street_music,3,"[3, 7, 9]"
195451-5-0-1,/tmp\sound_datasets\urbansound8k\audio/fold3/195451-5-0-1.wav,5,engine_idling,3,"[1, 2, 5]"
195451-5-0-14,/tmp\sound_datasets\urbansound8k\audio/fold3/195451-5-0-14.wav,5,engine_idling,3,"[1, 2, 5]"
63095-4-1-27,/tmp\sound_datasets\urbansound8k\audio/fold3/63095-4-1-27.wav,4,drilling,3,"[2, 4, 4]"
63095-4-1-33,/tmp\sound_datasets\urbansound8k\audio/fold3/63095-4-1-33.wav,4,drilling,3,"[2, 4, 4]"
138473-9-0-35,/tmp\sound_datasets\urbansound8k\audio/fold3/138473-9-0-35.wav,9,street_music,3,"[3, 7, 9]"
103199-4-2-5,/tmp\sound_datasets\urbansound8k\audio/fold3/103199-4-2-5.wav,4,drilling,3,"[2, 4, 4]"
52077-3-0-17,/tmp\sound_datasets\urbansound8k\audio/fold3/52077-3-0-17.wav,3,dog_bark,3,"[0, 1, 3]"
29721-4-0-4,/tmp\sound_datasets\urbansound8k\audio/fold3/29721-4-0-4.wav,4,drilling,3,"[2, 4, 4]"
186339-9-0-17,/tmp\sound_datasets\urbansound8k\audio/fold3/186339-9-0-17.wav,9,street_music,3,"[3, 7, 9]"
107228-5-0-6,/tmp\sound_datasets\urbansound8k\audio/fold3/107228-5-0-6.wav,5,engine_idling,3,"[1, 2, 5]"
179386-3-0-1,/tmp\sound_datasets\urbansound8k\audio/fold3/179386-3-0-1.wav,3,dog_bark,3,"[0, 1, 3]"
103199-4-2-11,/tmp\sound_datasets\urbansound8k\audio/fold3/103199-4-2-11.wav,4,drilling,3,"[2, 4, 4]"
177742-0-0-102,/tmp\sound_datasets\urbansound8k\audio/fold3/177742-0-0-102.wav,0,air_conditioner,3,"[2, 5, 0]"
13230-0-0-14,/tmp\sound_datasets\urbansound8k\audio/fold3/13230-0-0-14.wav,0,air_conditioner,3,"[2, 5, 0]"
17853-5-0-6,/tmp\sound_datasets\urbansound8k\audio/fold3/17853-5-0-6.wav,5,engine_idling,3,"[1, 2, 5]"
13230-0-0-28,/tmp\sound_datasets\urbansound8k\audio/fold3/13230-0-0-28.wav,0,air_conditioner,3,"[2, 5, 0]"
82811-3-4-0,/tmp\sound_datasets\urbansound8k\audio/fold3/82811-3-4-0.wav,3,dog_bark,3,"[0, 1, 3]"
90014-8-0-1,/tmp\sound_datasets\urbansound8k\audio/fold3/90014-8-0-1.wav,8,siren,3,"[1, 3, 8]"
30204-0-0-5,/tmp\sound_datasets\urbansound8k\audio/fold3/30204-0-0-5.wav,0,air_conditioner,3,"[2, 5, 0]"
9223-2-0-9,/tmp\sound_datasets\urbansound8k\audio/fold3/9223-2-0-9.wav,2,children_playing,3,"[0, 0, 2]"
135526-6-11-0,/tmp\sound_datasets\urbansound8k\audio/fold3/135526-6-11-0.wav,6,gun_shot,3,"[2, 6, 6]"
22601-8-0-17,/tmp\sound_datasets\urbansound8k\audio/fold3/22601-8-0-17.wav,8,siren,3,"[1, 3, 8]"
33696-3-6-1,/tmp\sound_datasets\urbansound8k\audio/fold3/33696-3-6-1.wav,3,dog_bark,3,"[0, 1, 3]"
62837-7-1-28,/tmp\sound_datasets\urbansound8k\audio/fold3/62837-7-1-28.wav,7,jackhammer,3,"[2, 4, 7]"
62837-7-1-14,/tmp\sound_datasets\urbansound8k\audio/fold3/62837-7-1-14.wav,7,jackhammer,3,"[2, 4, 7]"
18594-1-4-0,/tmp\sound_datasets\urbansound8k\audio/fold3/18594-1-4-0.wav,1,car_horn,3,"[1, 2, 1]"
62837-7-1-15,/tmp\sound_datasets\urbansound8k\audio/fold3/62837-7-1-15.wav,7,jackhammer,3,"[2, 4, 7]"
166101-5-1-0,/tmp\sound_datasets\urbansound8k\audio/fold3/166101-5-1-0.wav,5,engine_idling,3,"[1, 2, 5]"
62837-7-1-29,/tmp\sound_datasets\urbansound8k\audio/fold3/62837-7-1-29.wav,7,jackhammer,3,"[2, 4, 7]"
103199-4-6-0,/tmp\sound_datasets\urbansound8k\audio/fold3/103199-4-6-0.wav,4,drilling,3,"[2, 4, 4]"
22601-8-0-16,/tmp\sound_datasets\urbansound8k\audio/fold3/22601-8-0-16.wav,8,siren,3,"[1, 3, 8]"
188824-7-3-0,/tmp\sound_datasets\urbansound8k\audio/fold3/188824-7-3-0.wav,7,jackhammer,3,"[2, 4, 7]"
30204-0-0-4,/tmp\sound_datasets\urbansound8k\audio/fold3/30204-0-0-4.wav,0,air_conditioner,3,"[2, 5, 0]"
90014-8-0-0,/tmp\sound_datasets\urbansound8k\audio/fold3/90014-8-0-0.wav,8,siren,3,"[1, 3, 8]"
17853-5-0-7,/tmp\sound_datasets\urbansound8k\audio/fold3/17853-5-0-7.wav,5,engine_idling,3,"[1, 2, 5]"
115536-3-0-0,/tmp\sound_datasets\urbansound8k\audio/fold3/115536-3-0-0.wav,3,dog_bark,3,"[0, 1, 3]"
103199-4-2-10,/tmp\sound_datasets\urbansound8k\audio/fold3/103199-4-2-10.wav,4,drilling,3,"[2, 4, 4]"
179386-3-0-0,/tmp\sound_datasets\urbansound8k\audio/fold3/179386-3-0-0.wav,3,dog_bark,3,"[0, 1, 3]"
107228-5-0-7,/tmp\sound_datasets\urbansound8k\audio/fold3/107228-5-0-7.wav,5,engine_idling,3,"[1, 2, 5]"
128030-3-1-0,/tmp\sound_datasets\urbansound8k\audio/fold3/128030-3-1-0.wav,3,dog_bark,3,"[0, 1, 3]"
155263-2-0-12,/tmp\sound_datasets\urbansound8k\audio/fold3/155263-2-0-12.wav,2,children_playing,3,"[0, 0, 2]"
29721-4-0-5,/tmp\sound_datasets\urbansound8k\audio/fold3/29721-4-0-5.wav,4,drilling,3,"[2, 4, 4]"
118961-3-0-0,/tmp\sound_datasets\urbansound8k\audio/fold3/118961-3-0-0.wav,3,dog_bark,3,"[0, 1, 3]"
146714-0-0-18,/tmp\sound_datasets\urbansound8k\audio/fold3/146714-0-0-18.wav,0,air_conditioner,3,"[2, 5, 0]"
103199-4-2-4,/tmp\sound_datasets\urbansound8k\audio/fold3/103199-4-2-4.wav,4,drilling,3,"[2, 4, 4]"
58857-2-0-10,/tmp\sound_datasets\urbansound8k\audio/fold3/58857-2-0-10.wav,2,children_playing,3,"[0, 0, 2]"
195451-5-0-15,/tmp\sound_datasets\urbansound8k\audio/fold3/195451-5-0-15.wav,5,engine_idling,3,"[1, 2, 5]"
195451-5-0-0,/tmp\sound_datasets\urbansound8k\audio/fold3/195451-5-0-0.wav,5,engine_idling,3,"[1, 2, 5]"
132855-2-0-113,/tmp\sound_datasets\urbansound8k\audio/fold3/132855-2-0-113.wav,2,children_playing,3,"[0, 0, 2]"
73373-3-0-0,/tmp\sound_datasets\urbansound8k\audio/fold3/73373-3-0-0.wav,3,dog_bark,3,"[0, 1, 3]"
103199-4-0-6,/tmp\sound_datasets\urbansound8k\audio/fold3/103199-4-0-6.wav,4,drilling,3,"[2, 4, 4]"
123399-2-0-19,/tmp\sound_datasets\urbansound8k\audio/fold3/123399-2-0-19.wav,2,children_playing,3,"[0, 0, 2]"
186339-9-0-3,/tmp\sound_datasets\urbansound8k\audio/fold3/186339-9-0-3.wav,9,street_music,3,"[3, 7, 9]"
165039-7-14-0,/tmp\sound_datasets\urbansound8k\audio/fold3/165039-7-14-0.wav,7,jackhammer,3,"[2, 4, 7]"
17853-5-0-15,/tmp\sound_datasets\urbansound8k\audio/fold3/17853-5-0-15.wav,5,engine_idling,3,"[1, 2, 5]"
34708-6-4-0,/tmp\sound_datasets\urbansound8k\audio/fold3/34708-6-4-0.wav,6,gun_shot,3,"[2, 6, 6]"
17973-2-0-31,/tmp\sound_datasets\urbansound8k\audio/fold3/17973-2-0-31.wav,2,children_playing,3,"[0, 0, 2]"
184623-8-1-0,/tmp\sound_datasets\urbansound8k\audio/fold3/184623-8-1-0.wav,8,siren,3,"[1, 3, 8]"
186334-2-0-1,/tmp\sound_datasets\urbansound8k\audio/fold3/186334-2-0-1.wav,2,children_playing,3,"[0, 0, 2]"
165039-7-6-0,/tmp\sound_datasets\urbansound8k\audio/fold3/165039-7-6-0.wav,7,jackhammer,3,"[2, 4, 7]"
180057-9-0-20,/tmp\sound_datasets\urbansound8k\audio/fold3/180057-9-0-20.wav,9,street_music,3,"[3, 7, 9]"
42117-8-0-13,/tmp\sound_datasets\urbansound8k\audio/fold3/42117-8-0-13.wav,8,siren,3,"[1, 3, 8]"
180057-9-0-34,/tmp\sound_datasets\urbansound8k\audio/fold3/180057-9-0-34.wav,9,street_music,3,"[3, 7, 9]"
62837-7-1-9,/tmp\sound_datasets\urbansound8k\audio/fold3/62837-7-1-9.wav,7,jackhammer,3,"[2, 4, 7]"
6988-5-0-5,/tmp\sound_datasets\urbansound8k\audio/fold3/6988-5-0-5.wav,5,engine_idling,3,"[1, 2, 5]"
22601-8-0-0,/tmp\sound_datasets\urbansound8k\audio/fold3/22601-8-0-0.wav,8,siren,3,"[1, 3, 8]"
162436-6-0-0,/tmp\sound_datasets\urbansound8k\audio/fold3/162436-6-0-0.wav,6,gun_shot,3,"[2, 6, 6]"
165039-7-4-2,/tmp\sound_datasets\urbansound8k\audio/fold3/165039-7-4-2.wav,7,jackhammer,3,"[2, 4, 7]"
14115-4-0-0,/tmp\sound_datasets\urbansound8k\audio/fold3/14115-4-0-0.wav,4,drilling,3,"[2, 4, 4]"
146714-0-0-43,/tmp\sound_datasets\urbansound8k\audio/fold3/146714-0-0-43.wav,0,air_conditioner,3,"[2, 5, 0]"
155263-2-0-61,/tmp\sound_datasets\urbansound8k\audio/fold3/155263-2-0-61.wav,2,children_playing,3,"[0, 0, 2]"
15356-2-0-2,/tmp\sound_datasets\urbansound8k\audio/fold3/15356-2-0-2.wav,2,children_playing,3,"[0, 0, 2]"
94636-8-0-18,/tmp\sound_datasets\urbansound8k\audio/fold3/94636-8-0-18.wav,8,siren,3,"[1, 3, 8]"
94636-8-0-4,/tmp\sound_datasets\urbansound8k\audio/fold3/94636-8-0-4.wav,8,siren,3,"[1, 3, 8]"
132855-2-0-41,/tmp\sound_datasets\urbansound8k\audio/fold3/132855-2-0-41.wav,2,children_playing,3,"[0, 0, 2]"
146714-0-0-0,/tmp\sound_datasets\urbansound8k\audio/fold3/146714-0-0-0.wav,0,air_conditioner,3,"[2, 5, 0]"
144068-5-0-9,/tmp\sound_datasets\urbansound8k\audio/fold3/144068-5-0-9.wav,5,engine_idling,3,"[1, 2, 5]"
54898-8-0-9,/tmp\sound_datasets\urbansound8k\audio/fold3/54898-8-0-9.wav,8,siren,3,"[1, 3, 8]"
37560-4-0-0,/tmp\sound_datasets\urbansound8k\audio/fold3/37560-4-0-0.wav,4,drilling,3,"[2, 4, 4]"
125523-3-0-1,/tmp\sound_datasets\urbansound8k\audio/fold3/125523-3-0-1.wav,3,dog_bark,3,"[0, 1, 3]"
82811-3-3-0,/tmp\sound_datasets\urbansound8k\audio/fold3/82811-3-3-0.wav,3,dog_bark,3,"[0, 1, 3]"
177742-0-0-164,/tmp\sound_datasets\urbansound8k\audio/fold3/177742-0-0-164.wav,0,air_conditioner,3,"[2, 5, 0]"
49485-9-0-28,/tmp\sound_datasets\urbansound8k\audio/fold3/49485-9-0-28.wav,9,street_music,3,"[3, 7, 9]"
63095-4-0-29,/tmp\sound_datasets\urbansound8k\audio/fold3/63095-4-0-29.wav,4,drilling,3,"[2, 4, 4]"
175854-1-0-0,/tmp\sound_datasets\urbansound8k\audio/fold3/175854-1-0-0.wav,1,car_horn,3,"[1, 2, 1]"
151149-2-0-11,/tmp\sound_datasets\urbansound8k\audio/fold3/151149-2-0-11.wav,2,children_playing,3,"[0, 0, 2]"
62837-7-1-72,/tmp\sound_datasets\urbansound8k\audio/fold3/62837-7-1-72.wav,7,jackhammer,3,"[2, 4, 7]"
88569-2-0-36,/tmp\sound_datasets\urbansound8k\audio/fold3/88569-2-0-36.wav,2,children_playing,3,"[0, 0, 2]"
103199-4-1-0,/tmp\sound_datasets\urbansound8k\audio/fold3/103199-4-1-0.wav,4,drilling,3,"[2, 4, 4]"
62837-7-1-73,/tmp\sound_datasets\urbansound8k\audio/fold3/62837-7-1-73.wav,7,jackhammer,3,"[2, 4, 7]"
13230-0-0-3,/tmp\sound_datasets\urbansound8k\audio/fold3/13230-0-0-3.wav,0,air_conditioner,3,"[2, 5, 0]"
18594-1-3-0,/tmp\sound_datasets\urbansound8k\audio/fold3/18594-1-3-0.wav,1,car_horn,3,"[1, 2, 1]"
61791-9-1-44,/tmp\sound_datasets\urbansound8k\audio/fold3/61791-9-1-44.wav,9,street_music,3,"[3, 7, 9]"
63095-4-0-14,/tmp\sound_datasets\urbansound8k\audio/fold3/63095-4-0-14.wav,4,drilling,3,"[2, 4, 4]"
188824-7-4-0,/tmp\sound_datasets\urbansound8k\audio/fold3/188824-7-4-0.wav,7,jackhammer,3,"[2, 4, 7]"
63095-4-0-28,/tmp\sound_datasets\urbansound8k\audio/fold3/63095-4-0-28.wav,4,drilling,3,"[2, 4, 4]"
177742-0-0-165,/tmp\sound_datasets\urbansound8k\audio/fold3/177742-0-0-165.wav,0,air_conditioner,3,"[2, 5, 0]"
94631-9-1-16,/tmp\sound_datasets\urbansound8k\audio/fold3/94631-9-1-16.wav,9,street_music,3,"[3, 7, 9]"
196060-2-0-0,/tmp\sound_datasets\urbansound8k\audio/fold3/196060-2-0-0.wav,2,children_playing,3,"[0, 0, 2]"
148838-6-1-0,/tmp\sound_datasets\urbansound8k\audio/fold3/148838-6-1-0.wav,6,gun_shot,3,"[2, 6, 6]"
37560-4-0-1,/tmp\sound_datasets\urbansound8k\audio/fold3/37560-4-0-1.wav,4,drilling,3,"[2, 4, 4]"
54898-8-0-8,/tmp\sound_datasets\urbansound8k\audio/fold3/54898-8-0-8.wav,8,siren,3,"[1, 3, 8]"
144068-5-0-8,/tmp\sound_datasets\urbansound8k\audio/fold3/144068-5-0-8.wav,5,engine_idling,3,"[1, 2, 5]"
62837-7-0-27,/tmp\sound_datasets\urbansound8k\audio/fold3/62837-7-0-27.wav,7,jackhammer,3,"[2, 4, 7]"
94636-8-0-19,/tmp\sound_datasets\urbansound8k\audio/fold3/94636-8-0-19.wav,8,siren,3,"[1, 3, 8]"
15356-2-0-3,/tmp\sound_datasets\urbansound8k\audio/fold3/15356-2-0-3.wav,2,children_playing,3,"[0, 0, 2]"
94636-8-0-5,/tmp\sound_datasets\urbansound8k\audio/fold3/94636-8-0-5.wav,8,siren,3,"[1, 3, 8]"
166101-5-2-4,/tmp\sound_datasets\urbansound8k\audio/fold3/166101-5-2-4.wav,5,engine_idling,3,"[1, 2, 5]"
95562-4-2-0,/tmp\sound_datasets\urbansound8k\audio/fold3/95562-4-2-0.wav,4,drilling,3,"[2, 4, 4]"
146714-0-0-56,/tmp\sound_datasets\urbansound8k\audio/fold3/146714-0-0-56.wav,0,air_conditioner,3,"[2, 5, 0]"
188824-7-12-0,/tmp\sound_datasets\urbansound8k\audio/fold3/188824-7-12-0.wav,7,jackhammer,3,"[2, 4, 7]"
22601-8-0-1,/tmp\sound_datasets\urbansound8k\audio/fold3/22601-8-0-1.wav,8,siren,3,"[1, 3, 8]"
72537-3-0-6,/tmp\sound_datasets\urbansound8k\audio/fold3/72537-3-0-6.wav,3,dog_bark,3,"[0, 1, 3]"
6988-5-0-4,/tmp\sound_datasets\urbansound8k\audio/fold3/6988-5-0-4.wav,5,engine_idling,3,"[1, 2, 5]"
180057-9-0-5,/tmp\sound_datasets\urbansound8k\audio/fold3/180057-9-0-5.wav,9,street_music,3,"[3, 7, 9]"
42117-8-0-12,/tmp\sound_datasets\urbansound8k\audio/fold3/42117-8-0-12.wav,8,siren,3,"[1, 3, 8]"
165039-7-6-1,/tmp\sound_datasets\urbansound8k\audio/fold3/165039-7-6-1.wav,7,jackhammer,3,"[2, 4, 7]"
34708-6-3-0,/tmp\sound_datasets\urbansound8k\audio/fold3/34708-6-3-0.wav,6,gun_shot,3,"[2, 6, 6]"
165039-7-13-0,/tmp\sound_datasets\urbansound8k\audio/fold3/165039-7-13-0.wav,7,jackhammer,3,"[2, 4, 7]"
17973-2-0-32,/tmp\sound_datasets\urbansound8k\audio/fold3/17973-2-0-32.wav,2,children_playing,3,"[0, 0, 2]"
9223-2-0-10,/tmp\sound_datasets\urbansound8k\audio/fold3/9223-2-0-10.wav,2,children_playing,3,"[0, 0, 2]"
177742-0-0-36,/tmp\sound_datasets\urbansound8k\audio/fold3/177742-0-0-36.wav,0,air_conditioner,3,"[2, 5, 0]"
95562-4-0-0,/tmp\sound_datasets\urbansound8k\audio/fold3/95562-4-0-0.wav,4,drilling,3,"[2, 4, 4]"
42117-8-0-10,/tmp\sound_datasets\urbansound8k\audio/fold3/42117-8-0-10.wav,8,siren,3,"[1, 3, 8]"
188824-7-10-0,/tmp\sound_datasets\urbansound8k\audio/fold3/188824-7-10-0.wav,7,jackhammer,3,"[2, 4, 7]"
169044-2-0-18,/tmp\sound_datasets\urbansound8k\audio/fold3/169044-2-0-18.wav,2,children_playing,3,"[0, 0, 2]"
177742-0-0-211,/tmp\sound_datasets\urbansound8k\audio/fold3/177742-0-0-211.wav,0,air_conditioner,3,"[2, 5, 0]"
180057-9-0-7,/tmp\sound_datasets\urbansound8k\audio/fold3/180057-9-0-7.wav,9,street_music,3,"[3, 7, 9]"
177742-0-0-205,/tmp\sound_datasets\urbansound8k\audio/fold3/177742-0-0-205.wav,0,air_conditioner,3,"[2, 5, 0]"
22601-8-0-3,/tmp\sound_datasets\urbansound8k\audio/fold3/22601-8-0-3.wav,8,siren,3,"[1, 3, 8]"
165039-7-11-0,/tmp\sound_datasets\urbansound8k\audio/fold3/165039-7-11-0.wav,7,jackhammer,3,"[2, 4, 7]"
165039-7-4-1,/tmp\sound_datasets\urbansound8k\audio/fold3/165039-7-4-1.wav,7,jackhammer,3,"[2, 4, 7]"
34708-6-1-0,/tmp\sound_datasets\urbansound8k\audio/fold3/34708-6-1-0.wav,6,gun_shot,3,"[2, 6, 6]"
94636-8-0-7,/tmp\sound_datasets\urbansound8k\audio/fold3/94636-8-0-7.wav,8,siren,3,"[1, 3, 8]"
62837-7-0-31,/tmp\sound_datasets\urbansound8k\audio/fold3/62837-7-0-31.wav,7,jackhammer,3,"[2, 4, 7]"
15356-2-0-1,/tmp\sound_datasets\urbansound8k\audio/fold3/15356-2-0-1.wav,2,children_playing,3,"[0, 0, 2]"
177742-0-0-3,/tmp\sound_datasets\urbansound8k\audio/fold3/177742-0-0-3.wav,0,air_conditioner,3,"[2, 5, 0]"
37560-4-0-3,/tmp\sound_datasets\urbansound8k\audio/fold3/37560-4-0-3.wav,4,drilling,3,"[2, 4, 4]"
188824-7-6-0,/tmp\sound_datasets\urbansound8k\audio/fold3/188824-7-6-0.wav,7,jackhammer,3,"[2, 4, 7]"
18594-1-1-0,/tmp\sound_datasets\urbansound8k\audio/fold3/18594-1-1-0.wav,1,car_horn,3,"[1, 2, 1]"
180960-6-0-0,/tmp\sound_datasets\urbansound8k\audio/fold3/180960-6-0-0.wav,6,gun_shot,3,"[2, 6, 6]"
176631-1-0-0,/tmp\sound_datasets\urbansound8k\audio/fold3/176631-1-0-0.wav,1,car_horn,3,"[1, 2, 1]"
151149-2-0-12,/tmp\sound_datasets\urbansound8k\audio/fold3/151149-2-0-12.wav,2,children_playing,3,"[0, 0, 2]"
63095-4-0-16,/tmp\sound_datasets\urbansound8k\audio/fold3/63095-4-0-16.wav,4,drilling,3,"[2, 4, 4]"
117072-3-0-11,/tmp\sound_datasets\urbansound8k\audio/fold3/117072-3-0-11.wav,3,dog_bark,3,"[0, 1, 3]"
61791-9-1-46,/tmp\sound_datasets\urbansound8k\audio/fold3/61791-9-1-46.wav,9,street_music,3,"[3, 7, 9]"
13230-0-0-1,/tmp\sound_datasets\urbansound8k\audio/fold3/13230-0-0-1.wav,0,air_conditioner,3,"[2, 5, 0]"
62837-7-1-65,/tmp\sound_datasets\urbansound8k\audio/fold3/62837-7-1-65.wav,7,jackhammer,3,"[2, 4, 7]"
88569-2-0-21,/tmp\sound_datasets\urbansound8k\audio/fold3/88569-2-0-21.wav,2,children_playing,3,"[0, 0, 2]"
62837-7-1-64,/tmp\sound_datasets\urbansound8k\audio/fold3/62837-7-1-64.wav,7,jackhammer,3,"[2, 4, 7]"
172315-9-0-224,/tmp\sound_datasets\urbansound8k\audio/fold3/172315-9-0-224.wav,9,street_music,3,"[3, 7, 9]"
93065-9-0-12,/tmp\sound_datasets\urbansound8k\audio/fold3/93065-9-0-12.wav,9,street_music,3,"[3, 7, 9]"
125523-3-0-3,/tmp\sound_datasets\urbansound8k\audio/fold3/125523-3-0-3.wav,3,dog_bark,3,"[0, 1, 3]"
37560-4-0-2,/tmp\sound_datasets\urbansound8k\audio/fold3/37560-4-0-2.wav,4,drilling,3,"[2, 4, 4]"
94636-8-0-6,/tmp\sound_datasets\urbansound8k\audio/fold3/94636-8-0-6.wav,8,siren,3,"[1, 3, 8]"
15356-2-0-0,/tmp\sound_datasets\urbansound8k\audio/fold3/15356-2-0-0.wav,2,children_playing,3,"[0, 0, 2]"
110622-6-0-0,/tmp\sound_datasets\urbansound8k\audio/fold3/110622-6-0-0.wav,6,gun_shot,3,"[2, 6, 6]"
62837-7-0-30,/tmp\sound_datasets\urbansound8k\audio/fold3/62837-7-0-30.wav,7,jackhammer,3,"[2, 4, 7]"
146714-0-0-2,/tmp\sound_datasets\urbansound8k\audio/fold3/146714-0-0-2.wav,0,air_conditioner,3,"[2, 5, 0]"
62837-7-0-24,/tmp\sound_datasets\urbansound8k\audio/fold3/62837-7-0-24.wav,7,jackhammer,3,"[2, 4, 7]"
160093-3-0-0,/tmp\sound_datasets\urbansound8k\audio/fold3/160093-3-0-0.wav,3,dog_bark,3,"[0, 1, 3]"
146714-0-0-55,/tmp\sound_datasets\urbansound8k\audio/fold3/146714-0-0-55.wav,0,air_conditioner,3,"[2, 5, 0]"
62837-7-0-18,/tmp\sound_datasets\urbansound8k\audio/fold3/62837-7-0-18.wav,7,jackhammer,3,"[2, 4, 7]"
146714-0-0-41,/tmp\sound_datasets\urbansound8k\audio/fold3/146714-0-0-41.wav,0,air_conditioner,3,"[2, 5, 0]"
165039-7-4-0,/tmp\sound_datasets\urbansound8k\audio/fold3/165039-7-4-0.wav,7,jackhammer,3,"[2, 4, 7]"
22601-8-0-2,/tmp\sound_datasets\urbansound8k\audio/fold3/22601-8-0-2.wav,8,siren,3,"[1, 3, 8]"
177742-0-0-204,/tmp\sound_datasets\urbansound8k\audio/fold3/177742-0-0-204.wav,0,air_conditioner,3,"[2, 5, 0]"
169044-2-0-25,/tmp\sound_datasets\urbansound8k\audio/fold3/169044-2-0-25.wav,2,children_playing,3,"[0, 0, 2]"
123399-2-0-83,/tmp\sound_datasets\urbansound8k\audio/fold3/123399-2-0-83.wav,2,children_playing,3,"[0, 0, 2]"
180057-9-0-36,/tmp\sound_datasets\urbansound8k\audio/fold3/180057-9-0-36.wav,9,street_music,3,"[3, 7, 9]"
42117-8-0-11,/tmp\sound_datasets\urbansound8k\audio/fold3/42117-8-0-11.wav,8,siren,3,"[1, 3, 8]"
123399-2-0-54,/tmp\sound_datasets\urbansound8k\audio/fold3/123399-2-0-54.wav,2,children_playing,3,"[0, 0, 2]"
9223-2-0-15,/tmp\sound_datasets\urbansound8k\audio/fold3/9223-2-0-15.wav,2,children_playing,3,"[0, 0, 2]"
135526-6-10-0,/tmp\sound_datasets\urbansound8k\audio/fold3/135526-6-10-0.wav,6,gun_shot,3,"[2, 6, 6]"
117048-3-0-17,/tmp\sound_datasets\urbansound8k\audio/fold3/117048-3-0-17.wav,3,dog_bark,3,"[0, 1, 3]"
6988-5-0-3,/tmp\sound_datasets\urbansound8k\audio/fold3/6988-5-0-3.wav,5,engine_idling,3,"[1, 2, 5]"
177742-0-0-214,/tmp\sound_datasets\urbansound8k\audio/fold3/177742-0-0-214.wav,0,air_conditioner,3,"[2, 5, 0]"
169044-2-0-21,/tmp\sound_datasets\urbansound8k\audio/fold3/169044-2-0-21.wav,2,children_playing,3,"[0, 0, 2]"
166101-5-0-1,/tmp\sound_datasets\urbansound8k\audio/fold3/166101-5-0-1.wav,5,engine_idling,3,"[1, 2, 5]"
132855-2-0-90,/tmp\sound_datasets\urbansound8k\audio/fold3/132855-2-0-90.wav,2,children_playing,3,"[0, 0, 2]"
22601-8-0-6,/tmp\sound_datasets\urbansound8k\audio/fold3/22601-8-0-6.wav,8,siren,3,"[1, 3, 8]"
146714-0-0-6,/tmp\sound_datasets\urbansound8k\audio/fold3/146714-0-0-6.wav,0,air_conditioner,3,"[2, 5, 0]"
62837-7-0-20,/tmp\sound_datasets\urbansound8k\audio/fold3/62837-7-0-20.wav,7,jackhammer,3,"[2, 4, 7]"
62837-7-0-34,/tmp\sound_datasets\urbansound8k\audio/fold3/62837-7-0-34.wav,7,jackhammer,3,"[2, 4, 7]"
15356-2-0-4,/tmp\sound_datasets\urbansound8k\audio/fold3/15356-2-0-4.wav,2,children_playing,3,"[0, 0, 2]"
94636-8-0-2,/tmp\sound_datasets\urbansound8k\audio/fold3/94636-8-0-2.wav,8,siren,3,"[1, 3, 8]"
166101-5-2-3,/tmp\sound_datasets\urbansound8k\audio/fold3/166101-5-2-3.wav,5,engine_idling,3,"[1, 2, 5]"
146714-0-0-45,/tmp\sound_datasets\urbansound8k\audio/fold3/146714-0-0-45.wav,0,air_conditioner,3,"[2, 5, 0]"
197074-3-0-5,/tmp\sound_datasets\urbansound8k\audio/fold3/197074-3-0-5.wav,3,dog_bark,3,"[0, 1, 3]"
165039-7-0-0,/tmp\sound_datasets\urbansound8k\audio/fold3/165039-7-0-0.wav,7,jackhammer,3,"[2, 4, 7]"
94631-9-1-3,/tmp\sound_datasets\urbansound8k\audio/fold3/94631-9-1-3.wav,9,street_music,3,"[3, 7, 9]"
117072-3-0-14,/tmp\sound_datasets\urbansound8k\audio/fold3/117072-3-0-14.wav,3,dog_bark,3,"[0, 1, 3]"
165039-7-15-1,/tmp\sound_datasets\urbansound8k\audio/fold3/165039-7-15-1.wav,7,jackhammer,3,"[2, 4, 7]"
159761-0-0-8,/tmp\sound_datasets\urbansound8k\audio/fold3/159761-0-0-8.wav,0,air_conditioner,3,"[2, 5, 0]"
162431-6-3-0,/tmp\sound_datasets\urbansound8k\audio/fold3/162431-6-3-0.wav,6,gun_shot,3,"[2, 6, 6]"
62837-7-1-61,/tmp\sound_datasets\urbansound8k\audio/fold3/62837-7-1-61.wav,7,jackhammer,3,"[2, 4, 7]"
13230-0-0-5,/tmp\sound_datasets\urbansound8k\audio/fold3/13230-0-0-5.wav,0,air_conditioner,3,"[2, 5, 0]"
62837-7-1-49,/tmp\sound_datasets\urbansound8k\audio/fold3/62837-7-1-49.wav,7,jackhammer,3,"[2, 4, 7]"
93065-9-0-17,/tmp\sound_datasets\urbansound8k\audio/fold3/93065-9-0-17.wav,9,street_music,3,"[3, 7, 9]"
165039-7-15-0,/tmp\sound_datasets\urbansound8k\audio/fold3/165039-7-15-0.wav,7,jackhammer,3,"[2, 4, 7]"
9674-1-0-2,/tmp\sound_datasets\urbansound8k\audio/fold3/9674-1-0-2.wav,1,car_horn,3,"[1, 2, 1]"
61791-9-1-42,/tmp\sound_datasets\urbansound8k\audio/fold3/61791-9-1-42.wav,9,street_music,3,"[3, 7, 9]"
94631-9-1-2,/tmp\sound_datasets\urbansound8k\audio/fold3/94631-9-1-2.wav,9,street_music,3,"[3, 7, 9]"
76221-2-0-10,/tmp\sound_datasets\urbansound8k\audio/fold3/76221-2-0-10.wav,2,children_playing,3,"[0, 0, 2]"
144885-3-0-0,/tmp\sound_datasets\urbansound8k\audio/fold3/144885-3-0-0.wav,3,dog_bark,3,"[0, 1, 3]"
34708-6-5-0,/tmp\sound_datasets\urbansound8k\audio/fold3/34708-6-5-0.wav,6,gun_shot,3,"[2, 6, 6]"
174840-1-0-0,/tmp\sound_datasets\urbansound8k\audio/fold3/174840-1-0-0.wav,1,car_horn,3,"[1, 2, 1]"
197074-3-0-4,/tmp\sound_datasets\urbansound8k\audio/fold3/197074-3-0-4.wav,3,dog_bark,3,"[0, 1, 3]"
146714-0-0-50,/tmp\sound_datasets\urbansound8k\audio/fold3/146714-0-0-50.wav,0,air_conditioner,3,"[2, 5, 0]"
166101-5-2-2,/tmp\sound_datasets\urbansound8k\audio/fold3/166101-5-2-2.wav,5,engine_idling,3,"[1, 2, 5]"
94636-8-0-3,/tmp\sound_datasets\urbansound8k\audio/fold3/94636-8-0-3.wav,8,siren,3,"[1, 3, 8]"
62837-7-0-21,/tmp\sound_datasets\urbansound8k\audio/fold3/62837-7-0-21.wav,7,jackhammer,3,"[2, 4, 7]"
22601-8-0-7,/tmp\sound_datasets\urbansound8k\audio/fold3/22601-8-0-7.wav,8,siren,3,"[1, 3, 8]"
128030-3-0-0,/tmp\sound_datasets\urbansound8k\audio/fold3/128030-3-0-0.wav,3,dog_bark,3,"[0, 1, 3]"
18594-1-5-0,/tmp\sound_datasets\urbansound8k\audio/fold3/18594-1-5-0.wav,1,car_horn,3,"[1, 2, 1]"
42117-8-0-14,/tmp\sound_datasets\urbansound8k\audio/fold3/42117-8-0-14.wav,8,siren,3,"[1, 3, 8]"
166101-5-0-0,/tmp\sound_datasets\urbansound8k\audio/fold3/166101-5-0-0.wav,5,engine_idling,3,"[1, 2, 5]"
182103-9-0-53,/tmp\sound_datasets\urbansound8k\audio/fold3/182103-9-0-53.wav,9,street_music,3,"[3, 7, 9]"
6988-5-0-2,/tmp\sound_datasets\urbansound8k\audio/fold3/6988-5-0-2.wav,5,engine_idling,3,"[1, 2, 5]"
182103-9-0-47,/tmp\sound_datasets\urbansound8k\audio/fold3/182103-9-0-47.wav,9,street_music,3,"[3, 7, 9]"
176783-3-0-11,/tmp\sound_datasets\urbansound8k\audio/fold3/176783-3-0-11.wav,3,dog_bark,3,"[0, 1, 3]"
17973-2-0-22,/tmp\sound_datasets\urbansound8k\audio/fold3/17973-2-0-22.wav,2,children_playing,3,"[0, 0, 2]"
188824-7-2-0,/tmp\sound_datasets\urbansound8k\audio/fold3/188824-7-2-0.wav,7,jackhammer,3,"[2, 4, 7]"
58857-2-0-8,/tmp\sound_datasets\urbansound8k\audio/fold3/58857-2-0-8.wav,2,children_playing,3,"[0, 0, 2]"
128030-3-2-0,/tmp\sound_datasets\urbansound8k\audio/fold3/128030-3-2-0.wav,3,dog_bark,3,"[0, 1, 3]"
144068-5-4-8,/tmp\sound_datasets\urbansound8k\audio/fold3/144068-5-4-8.wav,5,engine_idling,3,"[1, 2, 5]"
103199-4-7-2,/tmp\sound_datasets\urbansound8k\audio/fold3/103199-4-7-2.wav,4,drilling,3,"[2, 4, 4]"
177742-0-0-203,/tmp\sound_datasets\urbansound8k\audio/fold3/177742-0-0-203.wav,0,air_conditioner,3,"[2, 5, 0]"
6988-5-0-0,/tmp\sound_datasets\urbansound8k\audio/fold3/6988-5-0-0.wav,5,engine_idling,3,"[1, 2, 5]"
166101-5-0-2,/tmp\sound_datasets\urbansound8k\audio/fold3/166101-5-0-2.wav,5,engine_idling,3,"[1, 2, 5]"
188824-7-0-0,/tmp\sound_datasets\urbansound8k\audio/fold3/188824-7-0-0.wav,7,jackhammer,3,"[2, 4, 7]"
72537-3-0-2,/tmp\sound_datasets\urbansound8k\audio/fold3/72537-3-0-2.wav,3,dog_bark,3,"[0, 1, 3]"
22601-8-0-5,/tmp\sound_datasets\urbansound8k\audio/fold3/22601-8-0-5.wav,8,siren,3,"[1, 3, 8]"
94636-8-0-1,/tmp\sound_datasets\urbansound8k\audio/fold3/94636-8-0-1.wav,8,siren,3,"[1, 3, 8]"
155227-9-0-3,/tmp\sound_datasets\urbansound8k\audio/fold3/155227-9-0-3.wav,9,street_music,3,"[3, 7, 9]"
62837-7-0-37,/tmp\sound_datasets\urbansound8k\audio/fold3/62837-7-0-37.wav,7,jackhammer,3,"[2, 4, 7]"
94636-8-0-21,/tmp\sound_datasets\urbansound8k\audio/fold3/94636-8-0-21.wav,8,siren,3,"[1, 3, 8]"
144068-5-0-18,/tmp\sound_datasets\urbansound8k\audio/fold3/144068-5-0-18.wav,5,engine_idling,3,"[1, 2, 5]"
166101-5-2-0,/tmp\sound_datasets\urbansound8k\audio/fold3/166101-5-2-0.wav,5,engine_idling,3,"[1, 2, 5]"
165039-7-2-1,/tmp\sound_datasets\urbansound8k\audio/fold3/165039-7-2-1.wav,7,jackhammer,3,"[2, 4, 7]"
185373-9-1-7,/tmp\sound_datasets\urbansound8k\audio/fold3/185373-9-1-7.wav,9,street_music,3,"[3, 7, 9]"
37560-4-0-5,/tmp\sound_datasets\urbansound8k\audio/fold3/37560-4-0-5.wav,4,drilling,3,"[2, 4, 4]"
165039-7-17-0,/tmp\sound_datasets\urbansound8k\audio/fold3/165039-7-17-0.wav,7,jackhammer,3,"[2, 4, 7]"
197074-3-0-6,/tmp\sound_datasets\urbansound8k\audio/fold3/197074-3-0-6.wav,3,dog_bark,3,"[0, 1, 3]"
177742-0-0-161,/tmp\sound_datasets\urbansound8k\audio/fold3/177742-0-0-161.wav,0,air_conditioner,3,"[2, 5, 0]"
177742-0-0-149,/tmp\sound_datasets\urbansound8k\audio/fold3/177742-0-0-149.wav,0,air_conditioner,3,"[2, 5, 0]"
22601-8-0-48,/tmp\sound_datasets\urbansound8k\audio/fold3/22601-8-0-48.wav,8,siren,3,"[1, 3, 8]"
63095-4-0-10,/tmp\sound_datasets\urbansound8k\audio/fold3/63095-4-0-10.wav,4,drilling,3,"[2, 4, 4]"
61791-9-1-40,/tmp\sound_datasets\urbansound8k\audio/fold3/61791-9-1-40.wav,9,street_music,3,"[3, 7, 9]"
185375-9-0-61,/tmp\sound_datasets\urbansound8k\audio/fold3/185375-9-0-61.wav,9,street_music,3,"[3, 7, 9]"
9674-1-0-0,/tmp\sound_datasets\urbansound8k\audio/fold3/9674-1-0-0.wav,1,car_horn,3,"[1, 2, 1]"
62837-7-1-63,/tmp\sound_datasets\urbansound8k\audio/fold3/62837-7-1-63.wav,7,jackhammer,3,"[2, 4, 7]"
13230-0-0-7,/tmp\sound_datasets\urbansound8k\audio/fold3/13230-0-0-7.wav,0,air_conditioner,3,"[2, 5, 0]"
13230-0-0-6,/tmp\sound_datasets\urbansound8k\audio/fold3/13230-0-0-6.wav,0,air_conditioner,3,"[2, 5, 0]"
62837-7-1-62,/tmp\sound_datasets\urbansound8k\audio/fold3/62837-7-1-62.wav,7,jackhammer,3,"[2, 4, 7]"
9674-1-0-1,/tmp\sound_datasets\urbansound8k\audio/fold3/9674-1-0-1.wav,1,car_horn,3,"[1, 2, 1]"
93065-9-0-14,/tmp\sound_datasets\urbansound8k\audio/fold3/93065-9-0-14.wav,9,street_music,3,"[3, 7, 9]"
185375-9-0-60,/tmp\sound_datasets\urbansound8k\audio/fold3/185375-9-0-60.wav,9,street_music,3,"[3, 7, 9]"
151149-2-0-15,/tmp\sound_datasets\urbansound8k\audio/fold3/151149-2-0-15.wav,2,children_playing,3,"[0, 0, 2]"
22601-8-0-49,/tmp\sound_datasets\urbansound8k\audio/fold3/22601-8-0-49.wav,8,siren,3,"[1, 3, 8]"
61791-9-1-41,/tmp\sound_datasets\urbansound8k\audio/fold3/61791-9-1-41.wav,9,street_music,3,"[3, 7, 9]"
162431-6-1-0,/tmp\sound_datasets\urbansound8k\audio/fold3/162431-6-1-0.wav,6,gun_shot,3,"[2, 6, 6]"
165039-7-17-1,/tmp\sound_datasets\urbansound8k\audio/fold3/165039-7-17-1.wav,7,jackhammer,3,"[2, 4, 7]"
185373-9-1-17,/tmp\sound_datasets\urbansound8k\audio/fold3/185373-9-1-17.wav,9,street_music,3,"[3, 7, 9]"
182103-9-0-8,/tmp\sound_datasets\urbansound8k\audio/fold3/182103-9-0-8.wav,9,street_music,3,"[3, 7, 9]"
102105-3-0-0,/tmp\sound_datasets\urbansound8k\audio/fold3/102105-3-0-0.wav,3,dog_bark,3,"[0, 1, 3]"
37560-4-0-4,/tmp\sound_datasets\urbansound8k\audio/fold3/37560-4-0-4.wav,4,drilling,3,"[2, 4, 4]"
69598-4-8-0,/tmp\sound_datasets\urbansound8k\audio/fold3/69598-4-8-0.wav,4,drilling,3,"[2, 4, 4]"
165039-7-2-0,/tmp\sound_datasets\urbansound8k\audio/fold3/165039-7-2-0.wav,7,jackhammer,3,"[2, 4, 7]"
146714-0-0-47,/tmp\sound_datasets\urbansound8k\audio/fold3/146714-0-0-47.wav,0,air_conditioner,3,"[2, 5, 0]"
166101-5-2-1,/tmp\sound_datasets\urbansound8k\audio/fold3/166101-5-2-1.wav,5,engine_idling,3,"[1, 2, 5]"
146714-0-0-53,/tmp\sound_datasets\urbansound8k\audio/fold3/146714-0-0-53.wav,0,air_conditioner,3,"[2, 5, 0]"
94636-8-0-20,/tmp\sound_datasets\urbansound8k\audio/fold3/94636-8-0-20.wav,8,siren,3,"[1, 3, 8]"
62837-7-0-22,/tmp\sound_datasets\urbansound8k\audio/fold3/62837-7-0-22.wav,7,jackhammer,3,"[2, 4, 7]"
155227-9-0-2,/tmp\sound_datasets\urbansound8k\audio/fold3/155227-9-0-2.wav,9,street_music,3,"[3, 7, 9]"
94636-8-0-0,/tmp\sound_datasets\urbansound8k\audio/fold3/94636-8-0-0.wav,8,siren,3,"[1, 3, 8]"
135526-6-12-0,/tmp\sound_datasets\urbansound8k\audio/fold3/135526-6-12-0.wav,6,gun_shot,3,"[2, 6, 6]"
22601-8-0-4,/tmp\sound_datasets\urbansound8k\audio/fold3/22601-8-0-4.wav,8,siren,3,"[1, 3, 8]"
196083-2-0-0,/tmp\sound_datasets\urbansound8k\audio/fold3/196083-2-0-0.wav,2,children_playing,3,"[0, 0, 2]"
41372-3-0-51,/tmp\sound_datasets\urbansound8k\audio/fold3/41372-3-0-51.wav,3,dog_bark,3,"[0, 1, 3]"
135526-6-8-0,/tmp\sound_datasets\urbansound8k\audio/fold3/135526-6-8-0.wav,6,gun_shot,3,"[2, 6, 6]"
166101-5-0-3,/tmp\sound_datasets\urbansound8k\audio/fold3/166101-5-0-3.wav,5,engine_idling,3,"[1, 2, 5]"
6988-5-0-1,/tmp\sound_datasets\urbansound8k\audio/fold3/6988-5-0-1.wav,5,engine_idling,3,"[1, 2, 5]"
123399-2-0-91,/tmp\sound_datasets\urbansound8k\audio/fold3/123399-2-0-91.wav,2,children_playing,3,"[0, 0, 2]"
177742-0-0-202,/tmp\sound_datasets\urbansound8k\audio/fold3/177742-0-0-202.wav,0,air_conditioner,3,"[2, 5, 0]"
17973-2-0-21,/tmp\sound_datasets\urbansound8k\audio/fold3/17973-2-0-21.wav,2,children_playing,3,"[0, 0, 2]"
19496-3-0-0,/tmp\sound_datasets\urbansound8k\audio/fold3/19496-3-0-0.wav,3,dog_bark,3,"[0, 1, 3]"
9223-2-0-17,/tmp\sound_datasets\urbansound8k\audio/fold3/9223-2-0-17.wav,2,children_playing,3,"[0, 0, 2]"
144068-5-4-4,/tmp\sound_datasets\urbansound8k\audio/fold3/144068-5-4-4.wav,5,engine_idling,3,"[1, 2, 5]"
135526-6-4-0,/tmp\sound_datasets\urbansound8k\audio/fold3/135526-6-4-0.wav,6,gun_shot,3,"[2, 6, 6]"
20841-3-6-0,/tmp\sound_datasets\urbansound8k\audio/fold3/20841-3-6-0.wav,3,dog_bark,3,"[0, 1, 3]"
22601-8-0-9,/tmp\sound_datasets\urbansound8k\audio/fold3/22601-8-0-9.wav,8,siren,3,"[1, 3, 8]"
94636-8-0-11,/tmp\sound_datasets\urbansound8k\audio/fold3/94636-8-0-11.wav,8,siren,3,"[1, 3, 8]"
144068-5-0-14,/tmp\sound_datasets\urbansound8k\audio/fold3/144068-5-0-14.wav,5,engine_idling,3,"[1, 2, 5]"
54898-8-0-0,/tmp\sound_datasets\urbansound8k\audio/fold3/54898-8-0-0.wav,8,siren,3,"[1, 3, 8]"
156418-3-1-0,/tmp\sound_datasets\urbansound8k\audio/fold3/156418-3-1-0.wav,3,dog_bark,3,"[0, 1, 3]"
144068-5-0-0,/tmp\sound_datasets\urbansound8k\audio/fold3/144068-5-0-0.wav,5,engine_idling,3,"[1, 2, 5]"
74810-9-1-12,/tmp\sound_datasets\urbansound8k\audio/fold3/74810-9-1-12.wav,9,street_music,3,"[3, 7, 9]"
186334-2-0-44,/tmp\sound_datasets\urbansound8k\audio/fold3/186334-2-0-44.wav,2,children_playing,3,"[0, 0, 2]"
62837-7-1-84,/tmp\sound_datasets\urbansound8k\audio/fold3/62837-7-1-84.wav,7,jackhammer,3,"[2, 4, 7]"
22601-8-0-50,/tmp\sound_datasets\urbansound8k\audio/fold3/22601-8-0-50.wav,8,siren,3,"[1, 3, 8]"
22601-8-0-44,/tmp\sound_datasets\urbansound8k\audio/fold3/22601-8-0-44.wav,8,siren,3,"[1, 3, 8]"
98681-9-0-11,/tmp\sound_datasets\urbansound8k\audio/fold3/98681-9-0-11.wav,9,street_music,3,"[3, 7, 9]"
159761-0-0-7,/tmp\sound_datasets\urbansound8k\audio/fold3/159761-0-0-7.wav,0,air_conditioner,3,"[2, 5, 0]"
63095-4-0-20,/tmp\sound_datasets\urbansound8k\audio/fold3/63095-4-0-20.wav,4,drilling,3,"[2, 4, 4]"
62837-7-1-53,/tmp\sound_datasets\urbansound8k\audio/fold3/62837-7-1-53.wav,7,jackhammer,3,"[2, 4, 7]"
69598-4-4-0,/tmp\sound_datasets\urbansound8k\audio/fold3/69598-4-4-0.wav,4,drilling,3,"[2, 4, 4]"
63095-4-1-4,/tmp\sound_datasets\urbansound8k\audio/fold3/63095-4-1-4.wav,4,drilling,3,"[2, 4, 4]"
186336-9-0-4,/tmp\sound_datasets\urbansound8k\audio/fold3/186336-9-0-4.wav,9,street_music,3,"[3, 7, 9]"
207124-3-1-0,/tmp\sound_datasets\urbansound8k\audio/fold3/207124-3-1-0.wav,3,dog_bark,3,"[0, 1, 3]"
172315-9-0-212,/tmp\sound_datasets\urbansound8k\audio/fold3/172315-9-0-212.wav,9,street_music,3,"[3, 7, 9]"
62837-7-1-46,/tmp\sound_datasets\urbansound8k\audio/fold3/62837-7-1-46.wav,7,jackhammer,3,"[2, 4, 7]"
159761-0-0-6,/tmp\sound_datasets\urbansound8k\audio/fold3/159761-0-0-6.wav,0,air_conditioner,3,"[2, 5, 0]"
63095-4-0-21,/tmp\sound_datasets\urbansound8k\audio/fold3/63095-4-0-21.wav,4,drilling,3,"[2, 4, 4]"
22601-8-0-45,/tmp\sound_datasets\urbansound8k\audio/fold3/22601-8-0-45.wav,8,siren,3,"[1, 3, 8]"
22601-8-0-51,/tmp\sound_datasets\urbansound8k\audio/fold3/22601-8-0-51.wav,8,siren,3,"[1, 3, 8]"
177742-0-0-178,/tmp\sound_datasets\urbansound8k\audio/fold3/177742-0-0-178.wav,0,air_conditioner,3,"[2, 5, 0]"
19338-5-2-0,/tmp\sound_datasets\urbansound8k\audio/fold3/19338-5-2-0.wav,5,engine_idling,3,"[1, 2, 5]"
144068-5-0-1,/tmp\sound_datasets\urbansound8k\audio/fold3/144068-5-0-1.wav,5,engine_idling,3,"[1, 2, 5]"
54898-8-0-1,/tmp\sound_datasets\urbansound8k\audio/fold3/54898-8-0-1.wav,8,siren,3,"[1, 3, 8]"
62837-7-0-12,/tmp\sound_datasets\urbansound8k\audio/fold3/62837-7-0-12.wav,7,jackhammer,3,"[2, 4, 7]"
144068-5-0-15,/tmp\sound_datasets\urbansound8k\audio/fold3/144068-5-0-15.wav,5,engine_idling,3,"[1, 2, 5]"
200161-3-6-0,/tmp\sound_datasets\urbansound8k\audio/fold3/200161-3-6-0.wav,3,dog_bark,3,"[0, 1, 3]"
94636-8-0-10,/tmp\sound_datasets\urbansound8k\audio/fold3/94636-8-0-10.wav,8,siren,3,"[1, 3, 8]"
151359-1-2-0,/tmp\sound_datasets\urbansound8k\audio/fold3/151359-1-2-0.wav,1,car_horn,3,"[1, 2, 1]"
98681-9-0-5,/tmp\sound_datasets\urbansound8k\audio/fold3/98681-9-0-5.wav,9,street_music,3,"[3, 7, 9]"
22601-8-0-8,/tmp\sound_datasets\urbansound8k\audio/fold3/22601-8-0-8.wav,8,siren,3,"[1, 3, 8]"
169044-2-0-13,/tmp\sound_datasets\urbansound8k\audio/fold3/169044-2-0-13.wav,2,children_playing,3,"[0, 0, 2]"
74810-9-0-5,/tmp\sound_datasets\urbansound8k\audio/fold3/74810-9-0-5.wav,9,street_music,3,"[3, 7, 9]"
62837-7-1-1,/tmp\sound_datasets\urbansound8k\audio/fold3/62837-7-1-1.wav,7,jackhammer,3,"[2, 4, 7]"
144068-5-4-5,/tmp\sound_datasets\urbansound8k\audio/fold3/144068-5-4-5.wav,5,engine_idling,3,"[1, 2, 5]"
117048-3-0-25,/tmp\sound_datasets\urbansound8k\audio/fold3/117048-3-0-25.wav,3,dog_bark,3,"[0, 1, 3]"
49769-5-0-0,/tmp\sound_datasets\urbansound8k\audio/fold3/49769-5-0-0.wav,5,engine_idling,3,"[1, 2, 5]"
58857-2-0-7,/tmp\sound_datasets\urbansound8k\audio/fold3/58857-2-0-7.wav,2,children_playing,3,"[0, 0, 2]"
177742-0-0-17,/tmp\sound_datasets\urbansound8k\audio/fold3/177742-0-0-17.wav,0,air_conditioner,3,"[2, 5, 0]"
123399-2-0-74,/tmp\sound_datasets\urbansound8k\audio/fold3/123399-2-0-74.wav,2,children_playing,3,"[0, 0, 2]"
144068-5-4-7,/tmp\sound_datasets\urbansound8k\audio/fold3/144068-5-4-7.wav,5,engine_idling,3,"[1, 2, 5]"
62837-7-1-3,/tmp\sound_datasets\urbansound8k\audio/fold3/62837-7-1-3.wav,7,jackhammer,3,"[2, 4, 7]"
151359-1-0-0,/tmp\sound_datasets\urbansound8k\audio/fold3/151359-1-0-0.wav,1,car_horn,3,"[1, 2, 1]"
169044-2-0-5,/tmp\sound_datasets\urbansound8k\audio/fold3/169044-2-0-5.wav,2,children_playing,3,"[0, 0, 2]"
54067-2-0-23,/tmp\sound_datasets\urbansound8k\audio/fold3/54067-2-0-23.wav,2,children_playing,3,"[0, 0, 2]"
132855-2-0-88,/tmp\sound_datasets\urbansound8k\audio/fold3/132855-2-0-88.wav,2,children_playing,3,"[0, 0, 2]"
98681-9-0-7,/tmp\sound_datasets\urbansound8k\audio/fold3/98681-9-0-7.wav,9,street_music,3,"[3, 7, 9]"
94636-8-0-12,/tmp\sound_datasets\urbansound8k\audio/fold3/94636-8-0-12.wav,8,siren,3,"[1, 3, 8]"
155263-2-0-43,/tmp\sound_datasets\urbansound8k\audio/fold3/155263-2-0-43.wav,2,children_playing,3,"[0, 0, 2]"
155263-2-0-57,/tmp\sound_datasets\urbansound8k\audio/fold3/155263-2-0-57.wav,2,children_playing,3,"[0, 0, 2]"
132855-2-0-77,/tmp\sound_datasets\urbansound8k\audio/fold3/132855-2-0-77.wav,2,children_playing,3,"[0, 0, 2]"
144068-5-0-17,/tmp\sound_datasets\urbansound8k\audio/fold3/144068-5-0-17.wav,5,engine_idling,3,"[1, 2, 5]"
146714-0-0-49,/tmp\sound_datasets\urbansound8k\audio/fold3/146714-0-0-49.wav,0,air_conditioner,3,"[2, 5, 0]"
44831-3-1-0,/tmp\sound_datasets\urbansound8k\audio/fold3/44831-3-1-0.wav,3,dog_bark,3,"[0, 1, 3]"
116400-3-0-2,/tmp\sound_datasets\urbansound8k\audio/fold3/116400-3-0-2.wav,3,dog_bark,3,"[0, 1, 3]"
54898-8-0-3,/tmp\sound_datasets\urbansound8k\audio/fold3/54898-8-0-3.wav,8,siren,3,"[1, 3, 8]"
144068-5-0-3,/tmp\sound_datasets\urbansound8k\audio/fold3/144068-5-0-3.wav,5,engine_idling,3,"[1, 2, 5]"
69598-4-6-1,/tmp\sound_datasets\urbansound8k\audio/fold3/69598-4-6-1.wav,4,drilling,3,"[2, 4, 4]"
31884-7-1-4,/tmp\sound_datasets\urbansound8k\audio/fold3/31884-7-1-4.wav,7,jackhammer,3,"[2, 4, 7]"
22601-8-0-47,/tmp\sound_datasets\urbansound8k\audio/fold3/22601-8-0-47.wav,8,siren,3,"[1, 3, 8]"
179863-1-0-0,/tmp\sound_datasets\urbansound8k\audio/fold3/179863-1-0-0.wav,1,car_horn,3,"[1, 2, 1]"
22601-8-0-53,/tmp\sound_datasets\urbansound8k\audio/fold3/22601-8-0-53.wav,8,siren,3,"[1, 3, 8]"
159761-0-0-4,/tmp\sound_datasets\urbansound8k\audio/fold3/159761-0-0-4.wav,0,air_conditioner,3,"[2, 5, 0]"
98681-9-0-12,/tmp\sound_datasets\urbansound8k\audio/fold3/98681-9-0-12.wav,9,street_music,3,"[3, 7, 9]"
62837-7-1-44,/tmp\sound_datasets\urbansound8k\audio/fold3/62837-7-1-44.wav,7,jackhammer,3,"[2, 4, 7]"
19338-5-0-0,/tmp\sound_datasets\urbansound8k\audio/fold3/19338-5-0-0.wav,5,engine_idling,3,"[1, 2, 5]"
88569-2-0-14,/tmp\sound_datasets\urbansound8k\audio/fold3/88569-2-0-14.wav,2,children_playing,3,"[0, 0, 2]"
121528-8-1-1,/tmp\sound_datasets\urbansound8k\audio/fold3/121528-8-1-1.wav,8,siren,3,"[1, 3, 8]"
63095-4-1-6,/tmp\sound_datasets\urbansound8k\audio/fold3/63095-4-1-6.wav,4,drilling,3,"[2, 4, 4]"
13230-0-0-8,/tmp\sound_datasets\urbansound8k\audio/fold3/13230-0-0-8.wav,0,air_conditioner,3,"[2, 5, 0]"
165786-4-0-0,/tmp\sound_datasets\urbansound8k\audio/fold3/165786-4-0-0.wav,4,drilling,3,"[2, 4, 4]"
13230-0-0-9,/tmp\sound_datasets\urbansound8k\audio/fold3/13230-0-0-9.wav,0,air_conditioner,3,"[2, 5, 0]"
62837-7-1-79,/tmp\sound_datasets\urbansound8k\audio/fold3/62837-7-1-79.wav,7,jackhammer,3,"[2, 4, 7]"
63095-4-1-7,/tmp\sound_datasets\urbansound8k\audio/fold3/63095-4-1-7.wav,4,drilling,3,"[2, 4, 4]"
121528-8-1-0,/tmp\sound_datasets\urbansound8k\audio/fold3/121528-8-1-0.wav,8,siren,3,"[1, 3, 8]"
62837-7-1-45,/tmp\sound_datasets\urbansound8k\audio/fold3/62837-7-1-45.wav,7,jackhammer,3,"[2, 4, 7]"
185375-9-0-84,/tmp\sound_datasets\urbansound8k\audio/fold3/185375-9-0-84.wav,9,street_music,3,"[3, 7, 9]"
176783-3-1-0,/tmp\sound_datasets\urbansound8k\audio/fold3/176783-3-1-0.wav,3,dog_bark,3,"[0, 1, 3]"
172315-9-0-211,/tmp\sound_datasets\urbansound8k\audio/fold3/172315-9-0-211.wav,9,street_music,3,"[3, 7, 9]"
62837-7-1-51,/tmp\sound_datasets\urbansound8k\audio/fold3/62837-7-1-51.wav,7,jackhammer,3,"[2, 4, 7]"
144068-5-2-0,/tmp\sound_datasets\urbansound8k\audio/fold3/144068-5-2-0.wav,5,engine_idling,3,"[1, 2, 5]"
159761-0-0-5,/tmp\sound_datasets\urbansound8k\audio/fold3/159761-0-0-5.wav,0,air_conditioner,3,"[2, 5, 0]"
22601-8-0-52,/tmp\sound_datasets\urbansound8k\audio/fold3/22601-8-0-52.wav,8,siren,3,"[1, 3, 8]"
117072-3-0-19,/tmp\sound_datasets\urbansound8k\audio/fold3/117072-3-0-19.wav,3,dog_bark,3,"[0, 1, 3]"
22601-8-0-46,/tmp\sound_datasets\urbansound8k\audio/fold3/22601-8-0-46.wav,8,siren,3,"[1, 3, 8]"
49809-3-4-0,/tmp\sound_datasets\urbansound8k\audio/fold3/49809-3-4-0.wav,3,dog_bark,3,"[0, 1, 3]"
69598-4-6-0,/tmp\sound_datasets\urbansound8k\audio/fold3/69598-4-6-0.wav,4,drilling,3,"[2, 4, 4]"
151149-2-0-4,/tmp\sound_datasets\urbansound8k\audio/fold3/151149-2-0-4.wav,2,children_playing,3,"[0, 0, 2]"
144068-5-0-2,/tmp\sound_datasets\urbansound8k\audio/fold3/144068-5-0-2.wav,5,engine_idling,3,"[1, 2, 5]"
123399-2-0-5,/tmp\sound_datasets\urbansound8k\audio/fold3/123399-2-0-5.wav,2,children_playing,3,"[0, 0, 2]"
54898-8-0-2,/tmp\sound_datasets\urbansound8k\audio/fold3/54898-8-0-2.wav,8,siren,3,"[1, 3, 8]"
144068-5-0-16,/tmp\sound_datasets\urbansound8k\audio/fold3/144068-5-0-16.wav,5,engine_idling,3,"[1, 2, 5]"
135526-6-6-0,/tmp\sound_datasets\urbansound8k\audio/fold3/135526-6-6-0.wav,6,gun_shot,3,"[2, 6, 6]"
20841-3-4-0,/tmp\sound_datasets\urbansound8k\audio/fold3/20841-3-4-0.wav,3,dog_bark,3,"[0, 1, 3]"
94636-8-0-13,/tmp\sound_datasets\urbansound8k\audio/fold3/94636-8-0-13.wav,8,siren,3,"[1, 3, 8]"
200161-3-6-3,/tmp\sound_datasets\urbansound8k\audio/fold3/200161-3-6-3.wav,3,dog_bark,3,"[0, 1, 3]"
98681-9-0-6,/tmp\sound_datasets\urbansound8k\audio/fold3/98681-9-0-6.wav,9,street_music,3,"[3, 7, 9]"
76094-6-1-0,/tmp\sound_datasets\urbansound8k\audio/fold3/76094-6-1-0.wav,6,gun_shot,3,"[2, 6, 6]"
169044-2-0-10,/tmp\sound_datasets\urbansound8k\audio/fold3/169044-2-0-10.wav,2,children_playing,3,"[0, 0, 2]"
62837-7-1-2,/tmp\sound_datasets\urbansound8k\audio/fold3/62837-7-1-2.wav,7,jackhammer,3,"[2, 4, 7]"
144068-5-4-6,/tmp\sound_datasets\urbansound8k\audio/fold3/144068-5-4-6.wav,5,engine_idling,3,"[1, 2, 5]"
144068-5-4-2,/tmp\sound_datasets\urbansound8k\audio/fold3/144068-5-4-2.wav,5,engine_idling,3,"[1, 2, 5]"
118496-1-1-0,/tmp\sound_datasets\urbansound8k\audio/fold3/118496-1-1-0.wav,1,car_horn,3,"[1, 2, 1]"
165039-7-8-0,/tmp\sound_datasets\urbansound8k\audio/fold3/165039-7-8-0.wav,7,jackhammer,3,"[2, 4, 7]"
49809-3-0-0,/tmp\sound_datasets\urbansound8k\audio/fold3/49809-3-0-0.wav,3,dog_bark,3,"[0, 1, 3]"
62837-7-1-6,/tmp\sound_datasets\urbansound8k\audio/fold3/62837-7-1-6.wav,7,jackhammer,3,"[2, 4, 7]"
69598-4-2-0,/tmp\sound_datasets\urbansound8k\audio/fold3/69598-4-2-0.wav,4,drilling,3,"[2, 4, 4]"
72537-3-0-8,/tmp\sound_datasets\urbansound8k\audio/fold3/72537-3-0-8.wav,3,dog_bark,3,"[0, 1, 3]"
30204-0-0-10,/tmp\sound_datasets\urbansound8k\audio/fold3/30204-0-0-10.wav,0,air_conditioner,3,"[2, 5, 0]"
132855-2-0-99,/tmp\sound_datasets\urbansound8k\audio/fold3/132855-2-0-99.wav,2,children_playing,3,"[0, 0, 2]"
146714-0-0-58,/tmp\sound_datasets\urbansound8k\audio/fold3/146714-0-0-58.wav,0,air_conditioner,3,"[2, 5, 0]"
62837-7-0-15,/tmp\sound_datasets\urbansound8k\audio/fold3/62837-7-0-15.wav,7,jackhammer,3,"[2, 4, 7]"
144068-5-0-12,/tmp\sound_datasets\urbansound8k\audio/fold3/144068-5-0-12.wav,5,engine_idling,3,"[1, 2, 5]"
94636-8-0-17,/tmp\sound_datasets\urbansound8k\audio/fold3/94636-8-0-17.wav,8,siren,3,"[1, 3, 8]"
144068-5-0-6,/tmp\sound_datasets\urbansound8k\audio/fold3/144068-5-0-6.wav,5,engine_idling,3,"[1, 2, 5]"
54898-8-0-6,/tmp\sound_datasets\urbansound8k\audio/fold3/54898-8-0-6.wav,8,siren,3,"[1, 3, 8]"
31884-7-1-1,/tmp\sound_datasets\urbansound8k\audio/fold3/31884-7-1-1.wav,7,jackhammer,3,"[2, 4, 7]"
159761-0-0-1,/tmp\sound_datasets\urbansound8k\audio/fold3/159761-0-0-1.wav,0,air_conditioner,3,"[2, 5, 0]"
63095-4-0-26,/tmp\sound_datasets\urbansound8k\audio/fold3/63095-4-0-26.wav,4,drilling,3,"[2, 4, 4]"
151149-2-0-22,/tmp\sound_datasets\urbansound8k\audio/fold3/151149-2-0-22.wav,2,children_playing,3,"[0, 0, 2]"
22601-8-0-42,/tmp\sound_datasets\urbansound8k\audio/fold3/22601-8-0-42.wav,8,siren,3,"[1, 3, 8]"
12647-3-2-0,/tmp\sound_datasets\urbansound8k\audio/fold3/12647-3-2-0.wav,3,dog_bark,3,"[0, 1, 3]"
62837-7-1-69,/tmp\sound_datasets\urbansound8k\audio/fold3/62837-7-1-69.wav,7,jackhammer,3,"[2, 4, 7]"
62837-7-1-55,/tmp\sound_datasets\urbansound8k\audio/fold3/62837-7-1-55.wav,7,jackhammer,3,"[2, 4, 7]"
186336-9-0-3,/tmp\sound_datasets\urbansound8k\audio/fold3/186336-9-0-3.wav,9,street_music,3,"[3, 7, 9]"
135526-6-2-0,/tmp\sound_datasets\urbansound8k\audio/fold3/135526-6-2-0.wav,6,gun_shot,3,"[2, 6, 6]"
62837-7-1-41,/tmp\sound_datasets\urbansound8k\audio/fold3/62837-7-1-41.wav,7,jackhammer,3,"[2, 4, 7]"
186336-9-0-2,/tmp\sound_datasets\urbansound8k\audio/fold3/186336-9-0-2.wav,9,street_music,3,"[3, 7, 9]"
62837-7-1-54,/tmp\sound_datasets\urbansound8k\audio/fold3/62837-7-1-54.wav,7,jackhammer,3,"[2, 4, 7]"
22601-8-0-43,/tmp\sound_datasets\urbansound8k\audio/fold3/22601-8-0-43.wav,8,siren,3,"[1, 3, 8]"
159761-0-0-0,/tmp\sound_datasets\urbansound8k\audio/fold3/159761-0-0-0.wav,0,air_conditioner,3,"[2, 5, 0]"
118070-1-0-0,/tmp\sound_datasets\urbansound8k\audio/fold3/118070-1-0-0.wav,1,car_horn,3,"[1, 2, 1]"
94631-9-1-25,/tmp\sound_datasets\urbansound8k\audio/fold3/94631-9-1-25.wav,9,street_music,3,"[3, 7, 9]"
31884-7-1-0,/tmp\sound_datasets\urbansound8k\audio/fold3/31884-7-1-0.wav,7,jackhammer,3,"[2, 4, 7]"
54898-8-0-7,/tmp\sound_datasets\urbansound8k\audio/fold3/54898-8-0-7.wav,8,siren,3,"[1, 3, 8]"
58806-0-0-0,/tmp\sound_datasets\urbansound8k\audio/fold3/58806-0-0-0.wav,0,air_conditioner,3,"[2, 5, 0]"
144068-5-0-7,/tmp\sound_datasets\urbansound8k\audio/fold3/144068-5-0-7.wav,5,engine_idling,3,"[1, 2, 5]"
62837-7-0-28,/tmp\sound_datasets\urbansound8k\audio/fold3/62837-7-0-28.wav,7,jackhammer,3,"[2, 4, 7]"
94636-8-0-16,/tmp\sound_datasets\urbansound8k\audio/fold3/94636-8-0-16.wav,8,siren,3,"[1, 3, 8]"
144068-5-0-13,/tmp\sound_datasets\urbansound8k\audio/fold3/144068-5-0-13.wav,5,engine_idling,3,"[1, 2, 5]"
30204-0-0-11,/tmp\sound_datasets\urbansound8k\audio/fold3/30204-0-0-11.wav,0,air_conditioner,3,"[2, 5, 0]"
69598-4-2-1,/tmp\sound_datasets\urbansound8k\audio/fold3/69598-4-2-1.wav,4,drilling,3,"[2, 4, 4]"
165039-7-8-1,/tmp\sound_datasets\urbansound8k\audio/fold3/165039-7-8-1.wav,7,jackhammer,3,"[2, 4, 7]"
54067-2-0-33,/tmp\sound_datasets\urbansound8k\audio/fold3/54067-2-0-33.wav,2,children_playing,3,"[0, 0, 2]"
17973-2-0-17,/tmp\sound_datasets\urbansound8k\audio/fold3/17973-2-0-17.wav,2,children_playing,3,"[0, 0, 2]"
117048-3-0-23,/tmp\sound_datasets\urbansound8k\audio/fold3/117048-3-0-23.wav,3,dog_bark,3,"[0, 1, 3]"
144068-5-4-3,/tmp\sound_datasets\urbansound8k\audio/fold3/144068-5-4-3.wav,5,engine_idling,3,"[1, 2, 5]"
17973-2-0-29,/tmp\sound_datasets\urbansound8k\audio/fold3/17973-2-0-29.wav,2,children_playing,3,"[0, 0, 2]"
144068-5-4-1,/tmp\sound_datasets\urbansound8k\audio/fold3/144068-5-4-1.wav,5,engine_idling,3,"[1, 2, 5]"
117048-3-0-35,/tmp\sound_datasets\urbansound8k\audio/fold3/117048-3-0-35.wav,3,dog_bark,3,"[0, 1, 3]"
125523-3-0-11,/tmp\sound_datasets\urbansound8k\audio/fold3/125523-3-0-11.wav,3,dog_bark,3,"[0, 1, 3]"
169044-2-0-3,/tmp\sound_datasets\urbansound8k\audio/fold3/169044-2-0-3.wav,2,children_playing,3,"[0, 0, 2]"
62837-7-1-5,/tmp\sound_datasets\urbansound8k\audio/fold3/62837-7-1-5.wav,7,jackhammer,3,"[2, 4, 7]"
30204-0-0-13,/tmp\sound_datasets\urbansound8k\audio/fold3/30204-0-0-13.wav,0,air_conditioner,3,"[2, 5, 0]"
144068-5-0-11,/tmp\sound_datasets\urbansound8k\audio/fold3/144068-5-0-11.wav,5,engine_idling,3,"[1, 2, 5]"
62837-7-0-16,/tmp\sound_datasets\urbansound8k\audio/fold3/62837-7-0-16.wav,7,jackhammer,3,"[2, 4, 7]"
94636-8-0-14,/tmp\sound_datasets\urbansound8k\audio/fold3/94636-8-0-14.wav,8,siren,3,"[1, 3, 8]"
94636-8-0-8,/tmp\sound_datasets\urbansound8k\audio/fold3/94636-8-0-8.wav,8,siren,3,"[1, 3, 8]"
200161-3-6-4,/tmp\sound_datasets\urbansound8k\audio/fold3/200161-3-6-4.wav,3,dog_bark,3,"[0, 1, 3]"
151149-2-0-3,/tmp\sound_datasets\urbansound8k\audio/fold3/151149-2-0-3.wav,2,children_playing,3,"[0, 0, 2]"
144068-5-0-5,/tmp\sound_datasets\urbansound8k\audio/fold3/144068-5-0-5.wav,5,engine_idling,3,"[1, 2, 5]"
182103-9-0-0,/tmp\sound_datasets\urbansound8k\audio/fold3/182103-9-0-0.wav,9,street_music,3,"[3, 7, 9]"
54898-8-0-5,/tmp\sound_datasets\urbansound8k\audio/fold3/54898-8-0-5.wav,8,siren,3,"[1, 3, 8]"
31884-7-1-2,/tmp\sound_datasets\urbansound8k\audio/fold3/31884-7-1-2.wav,7,jackhammer,3,"[2, 4, 7]"
49485-9-0-24,/tmp\sound_datasets\urbansound8k\audio/fold3/49485-9-0-24.wav,9,street_music,3,"[3, 7, 9]"
17973-2-0-8,/tmp\sound_datasets\urbansound8k\audio/fold3/17973-2-0-8.wav,2,children_playing,3,"[0, 0, 2]"
188824-7-8-0,/tmp\sound_datasets\urbansound8k\audio/fold3/188824-7-8-0.wav,7,jackhammer,3,"[2, 4, 7]"
103357-4-0-0,/tmp\sound_datasets\urbansound8k\audio/fold3/103357-4-0-0.wav,4,drilling,3,"[2, 4, 4]"
159761-0-0-2,/tmp\sound_datasets\urbansound8k\audio/fold3/159761-0-0-2.wav,0,air_conditioner,3,"[2, 5, 0]"
62837-7-1-81,/tmp\sound_datasets\urbansound8k\audio/fold3/62837-7-1-81.wav,7,jackhammer,3,"[2, 4, 7]"
22601-8-0-41,/tmp\sound_datasets\urbansound8k\audio/fold3/22601-8-0-41.wav,8,siren,3,"[1, 3, 8]"
62837-7-1-56,/tmp\sound_datasets\urbansound8k\audio/fold3/62837-7-1-56.wav,7,jackhammer,3,"[2, 4, 7]"
186336-9-0-0,/tmp\sound_datasets\urbansound8k\audio/fold3/186336-9-0-0.wav,9,street_music,3,"[3, 7, 9]"
172315-9-0-203,/tmp\sound_datasets\urbansound8k\audio/fold3/172315-9-0-203.wav,9,street_music,3,"[3, 7, 9]"
186336-9-0-1,/tmp\sound_datasets\urbansound8k\audio/fold3/186336-9-0-1.wav,9,street_music,3,"[3, 7, 9]"
22601-8-0-40,/tmp\sound_datasets\urbansound8k\audio/fold3/22601-8-0-40.wav,8,siren,3,"[1, 3, 8]"
22601-8-0-54,/tmp\sound_datasets\urbansound8k\audio/fold3/22601-8-0-54.wav,8,siren,3,"[1, 3, 8]"
62837-7-1-80,/tmp\sound_datasets\urbansound8k\audio/fold3/62837-7-1-80.wav,7,jackhammer,3,"[2, 4, 7]"
103357-4-0-1,/tmp\sound_datasets\urbansound8k\audio/fold3/103357-4-0-1.wav,4,drilling,3,"[2, 4, 4]"
159761-0-0-3,/tmp\sound_datasets\urbansound8k\audio/fold3/159761-0-0-3.wav,0,air_conditioner,3,"[2, 5, 0]"
20841-3-2-0,/tmp\sound_datasets\urbansound8k\audio/fold3/20841-3-2-0.wav,3,dog_bark,3,"[0, 1, 3]"
135526-6-0-0,/tmp\sound_datasets\urbansound8k\audio/fold3/135526-6-0-0.wav,6,gun_shot,3,"[2, 6, 6]"
17973-2-0-9,/tmp\sound_datasets\urbansound8k\audio/fold3/17973-2-0-9.wav,2,children_playing,3,"[0, 0, 2]"
31884-7-1-3,/tmp\sound_datasets\urbansound8k\audio/fold3/31884-7-1-3.wav,7,jackhammer,3,"[2, 4, 7]"
12647-3-0-0,/tmp\sound_datasets\urbansound8k\audio/fold3/12647-3-0-0.wav,3,dog_bark,3,"[0, 1, 3]"
54898-8-0-4,/tmp\sound_datasets\urbansound8k\audio/fold3/54898-8-0-4.wav,8,siren,3,"[1, 3, 8]"
144068-5-0-4,/tmp\sound_datasets\urbansound8k\audio/fold3/144068-5-0-4.wav,5,engine_idling,3,"[1, 2, 5]"
177742-0-0-196,/tmp\sound_datasets\urbansound8k\audio/fold3/177742-0-0-196.wav,0,air_conditioner,3,"[2, 5, 0]"
170015-3-0-0,/tmp\sound_datasets\urbansound8k\audio/fold3/170015-3-0-0.wav,3,dog_bark,3,"[0, 1, 3]"
94636-8-0-15,/tmp\sound_datasets\urbansound8k\audio/fold3/94636-8-0-15.wav,8,siren,3,"[1, 3, 8]"
94636-8-0-9,/tmp\sound_datasets\urbansound8k\audio/fold3/94636-8-0-9.wav,8,siren,3,"[1, 3, 8]"
132855-2-0-58,/tmp\sound_datasets\urbansound8k\audio/fold3/132855-2-0-58.wav,2,children_playing,3,"[0, 0, 2]"
155263-2-0-50,/tmp\sound_datasets\urbansound8k\audio/fold3/155263-2-0-50.wav,2,children_playing,3,"[0, 0, 2]"
69598-4-0-0,/tmp\sound_datasets\urbansound8k\audio/fold3/69598-4-0-0.wav,4,drilling,3,"[2, 4, 4]"
132855-2-0-70,/tmp\sound_datasets\urbansound8k\audio/fold3/132855-2-0-70.wav,2,children_playing,3,"[0, 0, 2]"
144068-5-0-10,/tmp\sound_datasets\urbansound8k\audio/fold3/144068-5-0-10.wav,5,engine_idling,3,"[1, 2, 5]"
62837-7-0-17,/tmp\sound_datasets\urbansound8k\audio/fold3/62837-7-0-17.wav,7,jackhammer,3,"[2, 4, 7]"
179865-1-0-0,/tmp\sound_datasets\urbansound8k\audio/fold3/179865-1-0-0.wav,1,car_horn,3,"[1, 2, 1]"
30204-0-0-12,/tmp\sound_datasets\urbansound8k\audio/fold3/30204-0-0-12.wav,0,air_conditioner,3,"[2, 5, 0]"
42117-8-1-0,/tmp\sound_datasets\urbansound8k\audio/fold3/42117-8-1-0.wav,8,siren,3,"[1, 3, 8]"
49485-9-0-138,/tmp\sound_datasets\urbansound8k\audio/fold3/49485-9-0-138.wav,9,street_music,3,"[3, 7, 9]"
98681-9-0-0,/tmp\sound_datasets\urbansound8k\audio/fold3/98681-9-0-0.wav,9,street_music,3,"[3, 7, 9]"
62837-7-1-4,/tmp\sound_datasets\urbansound8k\audio/fold3/62837-7-1-4.wav,7,jackhammer,3,"[2, 4, 7]"
165039-7-8-2,/tmp\sound_datasets\urbansound8k\audio/fold3/165039-7-8-2.wav,7,jackhammer,3,"[2, 4, 7]"
180057-9-0-11,/tmp\sound_datasets\urbansound8k\audio/fold3/180057-9-0-11.wav,9,street_music,3,"[3, 7, 9]"
177742-0-0-10,/tmp\sound_datasets\urbansound8k\audio/fold3/177742-0-0-10.wav,0,air_conditioner,3,"[2, 5, 0]"
144068-5-4-0,/tmp\sound_datasets\urbansound8k\audio/fold3/144068-5-4-0.wav,5,engine_idling,3,"[1, 2, 5]"
65750-3-0-5,/tmp\sound_datasets\urbansound8k\audio/fold3/65750-3-0-5.wav,3,dog_bark,3,"[0, 1, 3]"
199769-1-0-0,/tmp\sound_datasets\urbansound8k\audio/fold3/199769-1-0-0.wav,1,car_horn,3,"[1, 2, 1]"
66622-4-0-7,/tmp\sound_datasets\urbansound8k\audio/fold3/66622-4-0-7.wav,4,drilling,3,"[2, 4, 4]"
54067-2-0-80,/tmp\sound_datasets\urbansound8k\audio/fold3/54067-2-0-80.wav,2,children_playing,3,"[0, 0, 2]"
19338-5-1-0,/tmp\sound_datasets\urbansound8k\audio/fold3/19338-5-1-0.wav,5,engine_idling,3,"[1, 2, 5]"
199769-1-0-16,/tmp\sound_datasets\urbansound8k\audio/fold3/199769-1-0-16.wav,1,car_horn,3,"[1, 2, 1]"
63095-4-0-6,/tmp\sound_datasets\urbansound8k\audio/fold3/63095-4-0-6.wav,4,drilling,3,"[2, 4, 4]"
93065-9-0-4,/tmp\sound_datasets\urbansound8k\audio/fold3/93065-9-0-4.wav,9,street_music,3,"[3, 7, 9]"
116400-3-1-2,/tmp\sound_datasets\urbansound8k\audio/fold3/116400-3-1-2.wav,3,dog_bark,3,"[0, 1, 3]"
44831-3-0-0,/tmp\sound_datasets\urbansound8k\audio/fold3/44831-3-0-0.wav,3,dog_bark,3,"[0, 1, 3]"
195451-5-0-18,/tmp\sound_datasets\urbansound8k\audio/fold3/195451-5-0-18.wav,5,engine_idling,3,"[1, 2, 5]"
17615-3-0-6,/tmp\sound_datasets\urbansound8k\audio/fold3/17615-3-0-6.wav,3,dog_bark,3,"[0, 1, 3]"
155263-2-0-23,/tmp\sound_datasets\urbansound8k\audio/fold3/155263-2-0-23.wav,2,children_playing,3,"[0, 0, 2]"
207124-3-2-0,/tmp\sound_datasets\urbansound8k\audio/fold3/207124-3-2-0.wav,3,dog_bark,3,"[0, 1, 3]"
103199-4-2-9,/tmp\sound_datasets\urbansound8k\audio/fold3/103199-4-2-9.wav,4,drilling,3,"[2, 4, 4]"
29721-4-0-8,/tmp\sound_datasets\urbansound8k\audio/fold3/29721-4-0-8.wav,4,drilling,3,"[2, 4, 4]"
42117-8-0-7,/tmp\sound_datasets\urbansound8k\audio/fold3/42117-8-0-7.wav,8,siren,3,"[1, 3, 8]"
13230-0-0-18,/tmp\sound_datasets\urbansound8k\audio/fold3/13230-0-0-18.wav,0,air_conditioner,3,"[2, 5, 0]"
13230-0-0-24,/tmp\sound_datasets\urbansound8k\audio/fold3/13230-0-0-24.wav,0,air_conditioner,3,"[2, 5, 0]"
77769-9-0-12,/tmp\sound_datasets\urbansound8k\audio/fold3/77769-9-0-12.wav,9,street_music,3,"[3, 7, 9]"
186334-2-0-33,/tmp\sound_datasets\urbansound8k\audio/fold3/186334-2-0-33.wav,2,children_playing,3,"[0, 0, 2]"
22601-8-0-33,/tmp\sound_datasets\urbansound8k\audio/fold3/22601-8-0-33.wav,8,siren,3,"[1, 3, 8]"
184725-3-0-5,/tmp\sound_datasets\urbansound8k\audio/fold3/184725-3-0-5.wav,3,dog_bark,3,"[0, 1, 3]"
9223-2-0-5,/tmp\sound_datasets\urbansound8k\audio/fold3/9223-2-0-5.wav,2,children_playing,3,"[0, 0, 2]"
185375-9-0-26,/tmp\sound_datasets\urbansound8k\audio/fold3/185375-9-0-26.wav,9,street_music,3,"[3, 7, 9]"
30204-0-0-9,/tmp\sound_datasets\urbansound8k\audio/fold3/30204-0-0-9.wav,0,air_conditioner,3,"[2, 5, 0]"
22601-8-0-27,/tmp\sound_datasets\urbansound8k\audio/fold3/22601-8-0-27.wav,8,siren,3,"[1, 3, 8]"
42097-7-0-1,/tmp\sound_datasets\urbansound8k\audio/fold3/42097-7-0-1.wav,7,jackhammer,3,"[2, 4, 7]"
62837-7-1-24,/tmp\sound_datasets\urbansound8k\audio/fold3/62837-7-1-24.wav,7,jackhammer,3,"[2, 4, 7]"
62837-7-0-3,/tmp\sound_datasets\urbansound8k\audio/fold3/62837-7-0-3.wav,7,jackhammer,3,"[2, 4, 7]"
151359-1-1-0,/tmp\sound_datasets\urbansound8k\audio/fold3/151359-1-1-0.wav,1,car_horn,3,"[1, 2, 1]"
62837-7-1-18,/tmp\sound_datasets\urbansound8k\audio/fold3/62837-7-1-18.wav,7,jackhammer,3,"[2, 4, 7]"
62837-7-1-31,/tmp\sound_datasets\urbansound8k\audio/fold3/62837-7-1-31.wav,7,jackhammer,3,"[2, 4, 7]"
62837-7-0-2,/tmp\sound_datasets\urbansound8k\audio/fold3/62837-7-0-2.wav,7,jackhammer,3,"[2, 4, 7]"
42097-7-0-0,/tmp\sound_datasets\urbansound8k\audio/fold3/42097-7-0-0.wav,7,jackhammer,3,"[2, 4, 7]"
155227-9-0-23,/tmp\sound_datasets\urbansound8k\audio/fold3/155227-9-0-23.wav,9,street_music,3,"[3, 7, 9]"
185375-9-0-33,/tmp\sound_datasets\urbansound8k\audio/fold3/185375-9-0-33.wav,9,street_music,3,"[3, 7, 9]"
22601-8-0-26,/tmp\sound_datasets\urbansound8k\audio/fold3/22601-8-0-26.wav,8,siren,3,"[1, 3, 8]"
30204-0-0-8,/tmp\sound_datasets\urbansound8k\audio/fold3/30204-0-0-8.wav,0,air_conditioner,3,"[2, 5, 0]"
22601-8-0-32,/tmp\sound_datasets\urbansound8k\audio/fold3/22601-8-0-32.wav,8,siren,3,"[1, 3, 8]"
9223-2-0-4,/tmp\sound_datasets\urbansound8k\audio/fold3/9223-2-0-4.wav,2,children_playing,3,"[0, 0, 2]"
184725-3-0-4,/tmp\sound_datasets\urbansound8k\audio/fold3/184725-3-0-4.wav,3,dog_bark,3,"[0, 1, 3]"
13230-0-0-25,/tmp\sound_datasets\urbansound8k\audio/fold3/13230-0-0-25.wav,0,air_conditioner,3,"[2, 5, 0]"
135526-6-7-0,/tmp\sound_datasets\urbansound8k\audio/fold3/135526-6-7-0.wav,6,gun_shot,3,"[2, 6, 6]"
13230-0-0-19,/tmp\sound_datasets\urbansound8k\audio/fold3/13230-0-0-19.wav,0,air_conditioner,3,"[2, 5, 0]"
42117-8-0-6,/tmp\sound_datasets\urbansound8k\audio/fold3/42117-8-0-6.wav,8,siren,3,"[1, 3, 8]"
76094-6-0-0,/tmp\sound_datasets\urbansound8k\audio/fold3/76094-6-0-0.wav,6,gun_shot,3,"[2, 6, 6]"
29721-4-0-9,/tmp\sound_datasets\urbansound8k\audio/fold3/29721-4-0-9.wav,4,drilling,3,"[2, 4, 4]"
155263-2-0-22,/tmp\sound_datasets\urbansound8k\audio/fold3/155263-2-0-22.wav,2,children_playing,3,"[0, 0, 2]"
103199-4-2-8,/tmp\sound_datasets\urbansound8k\audio/fold3/103199-4-2-8.wav,4,drilling,3,"[2, 4, 4]"
172315-9-0-113,/tmp\sound_datasets\urbansound8k\audio/fold3/172315-9-0-113.wav,9,street_music,3,"[3, 7, 9]"
69598-4-7-0,/tmp\sound_datasets\urbansound8k\audio/fold3/69598-4-7-0.wav,4,drilling,3,"[2, 4, 4]"
138473-9-0-38,/tmp\sound_datasets\urbansound8k\audio/fold3/138473-9-0-38.wav,9,street_music,3,"[3, 7, 9]"
195451-5-0-19,/tmp\sound_datasets\urbansound8k\audio/fold3/195451-5-0-19.wav,5,engine_idling,3,"[1, 2, 5]"
151071-6-0-0,/tmp\sound_datasets\urbansound8k\audio/fold3/151071-6-0-0.wav,6,gun_shot,3,"[2, 6, 6]"
199769-1-0-17,/tmp\sound_datasets\urbansound8k\audio/fold3/199769-1-0-17.wav,1,car_horn,3,"[1, 2, 1]"
76221-2-0-6,/tmp\sound_datasets\urbansound8k\audio/fold3/76221-2-0-6.wav,2,children_playing,3,"[0, 0, 2]"
156418-3-2-0,/tmp\sound_datasets\urbansound8k\audio/fold3/156418-3-2-0.wav,3,dog_bark,3,"[0, 1, 3]"
66622-4-0-6,/tmp\sound_datasets\urbansound8k\audio/fold3/66622-4-0-6.wav,4,drilling,3,"[2, 4, 4]"
78326-9-0-5,/tmp\sound_datasets\urbansound8k\audio/fold3/78326-9-0-5.wav,9,street_music,3,"[3, 7, 9]"
144068-5-3-0,/tmp\sound_datasets\urbansound8k\audio/fold3/144068-5-3-0.wav,5,engine_idling,3,"[1, 2, 5]"
199769-1-0-1,/tmp\sound_datasets\urbansound8k\audio/fold3/199769-1-0-1.wav,1,car_horn,3,"[1, 2, 1]"
78326-9-0-7,/tmp\sound_datasets\urbansound8k\audio/fold3/78326-9-0-7.wav,9,street_music,3,"[3, 7, 9]"
66622-4-0-4,/tmp\sound_datasets\urbansound8k\audio/fold3/66622-4-0-4.wav,4,drilling,3,"[2, 4, 4]"
199769-1-0-3,/tmp\sound_datasets\urbansound8k\audio/fold3/199769-1-0-3.wav,1,car_horn,3,"[1, 2, 1]"
76221-2-0-4,/tmp\sound_datasets\urbansound8k\audio/fold3/76221-2-0-4.wav,2,children_playing,3,"[0, 0, 2]"
69598-4-5-0,/tmp\sound_datasets\urbansound8k\audio/fold3/69598-4-5-0.wav,4,drilling,3,"[2, 4, 4]"
94631-9-0-16,/tmp\sound_datasets\urbansound8k\audio/fold3/94631-9-0-16.wav,9,street_music,3,"[3, 7, 9]"
74810-9-0-32,/tmp\sound_datasets\urbansound8k\audio/fold3/74810-9-0-32.wav,9,street_music,3,"[3, 7, 9]"
93065-9-0-7,/tmp\sound_datasets\urbansound8k\audio/fold3/93065-9-0-7.wav,9,street_music,3,"[3, 7, 9]"
199769-1-0-15,/tmp\sound_datasets\urbansound8k\audio/fold3/199769-1-0-15.wav,1,car_horn,3,"[1, 2, 1]"
138473-9-0-12,/tmp\sound_datasets\urbansound8k\audio/fold3/138473-9-0-12.wav,9,street_music,3,"[3, 7, 9]"
116400-3-1-1,/tmp\sound_datasets\urbansound8k\audio/fold3/116400-3-1-1.wav,3,dog_bark,3,"[0, 1, 3]"
156418-3-0-0,/tmp\sound_datasets\urbansound8k\audio/fold3/156418-3-0-0.wav,3,dog_bark,3,"[0, 1, 3]"
61791-9-1-1,/tmp\sound_datasets\urbansound8k\audio/fold3/61791-9-1-1.wav,9,street_music,3,"[3, 7, 9]"
144068-5-1-0,/tmp\sound_datasets\urbansound8k\audio/fold3/144068-5-1-0.wav,5,engine_idling,3,"[1, 2, 5]"
155263-2-0-34,/tmp\sound_datasets\urbansound8k\audio/fold3/155263-2-0-34.wav,2,children_playing,3,"[0, 0, 2]"
172315-9-0-105,/tmp\sound_datasets\urbansound8k\audio/fold3/172315-9-0-105.wav,9,street_music,3,"[3, 7, 9]"
185373-9-1-46,/tmp\sound_datasets\urbansound8k\audio/fold3/185373-9-1-46.wav,9,street_music,3,"[3, 7, 9]"
186339-9-0-18,/tmp\sound_datasets\urbansound8k\audio/fold3/186339-9-0-18.wav,9,street_music,3,"[3, 7, 9]"
42117-8-0-4,/tmp\sound_datasets\urbansound8k\audio/fold3/42117-8-0-4.wav,8,siren,3,"[1, 3, 8]"
63292-3-0-0,/tmp\sound_datasets\urbansound8k\audio/fold3/63292-3-0-0.wav,3,dog_bark,3,"[0, 1, 3]"
17853-5-0-9,/tmp\sound_datasets\urbansound8k\audio/fold3/17853-5-0-9.wav,5,engine_idling,3,"[1, 2, 5]"
13230-0-0-27,/tmp\sound_datasets\urbansound8k\audio/fold3/13230-0-0-27.wav,0,air_conditioner,3,"[2, 5, 0]"
22601-8-0-24,/tmp\sound_datasets\urbansound8k\audio/fold3/22601-8-0-24.wav,8,siren,3,"[1, 3, 8]"
22601-8-0-30,/tmp\sound_datasets\urbansound8k\audio/fold3/22601-8-0-30.wav,8,siren,3,"[1, 3, 8]"
22601-8-0-18,/tmp\sound_datasets\urbansound8k\audio/fold3/22601-8-0-18.wav,8,siren,3,"[1, 3, 8]"
42097-7-0-2,/tmp\sound_datasets\urbansound8k\audio/fold3/42097-7-0-2.wav,7,jackhammer,3,"[2, 4, 7]"
135526-6-5-0,/tmp\sound_datasets\urbansound8k\audio/fold3/135526-6-5-0.wav,6,gun_shot,3,"[2, 6, 6]"
62837-7-1-33,/tmp\sound_datasets\urbansound8k\audio/fold3/62837-7-1-33.wav,7,jackhammer,3,"[2, 4, 7]"
62837-7-1-27,/tmp\sound_datasets\urbansound8k\audio/fold3/62837-7-1-27.wav,7,jackhammer,3,"[2, 4, 7]"
88569-2-0-77,/tmp\sound_datasets\urbansound8k\audio/fold3/88569-2-0-77.wav,2,children_playing,3,"[0, 0, 2]"
74810-9-1-5,/tmp\sound_datasets\urbansound8k\audio/fold3/74810-9-1-5.wav,9,street_music,3,"[3, 7, 9]"
62837-7-1-26,/tmp\sound_datasets\urbansound8k\audio/fold3/62837-7-1-26.wav,7,jackhammer,3,"[2, 4, 7]"
62837-7-1-32,/tmp\sound_datasets\urbansound8k\audio/fold3/62837-7-1-32.wav,7,jackhammer,3,"[2, 4, 7]"
22601-8-0-19,/tmp\sound_datasets\urbansound8k\audio/fold3/22601-8-0-19.wav,8,siren,3,"[1, 3, 8]"
155227-9-0-20,/tmp\sound_datasets\urbansound8k\audio/fold3/155227-9-0-20.wav,9,street_music,3,"[3, 7, 9]"
52077-3-0-8,/tmp\sound_datasets\urbansound8k\audio/fold3/52077-3-0-8.wav,3,dog_bark,3,"[0, 1, 3]"
49769-5-1-0,/tmp\sound_datasets\urbansound8k\audio/fold3/49769-5-1-0.wav,5,engine_idling,3,"[1, 2, 5]"
22601-8-0-31,/tmp\sound_datasets\urbansound8k\audio/fold3/22601-8-0-31.wav,8,siren,3,"[1, 3, 8]"
22601-8-0-25,/tmp\sound_datasets\urbansound8k\audio/fold3/22601-8-0-25.wav,8,siren,3,"[1, 3, 8]"
17853-5-0-8,/tmp\sound_datasets\urbansound8k\audio/fold3/17853-5-0-8.wav,5,engine_idling,3,"[1, 2, 5]"
13230-0-0-26,/tmp\sound_datasets\urbansound8k\audio/fold3/13230-0-0-26.wav,0,air_conditioner,3,"[2, 5, 0]"
63292-3-0-1,/tmp\sound_datasets\urbansound8k\audio/fold3/63292-3-0-1.wav,3,dog_bark,3,"[0, 1, 3]"
200161-3-7-0,/tmp\sound_datasets\urbansound8k\audio/fold3/200161-3-7-0.wav,3,dog_bark,3,"[0, 1, 3]"
52357-6-0-0,/tmp\sound_datasets\urbansound8k\audio/fold3/52357-6-0-0.wav,6,gun_shot,3,"[2, 6, 6]"
151359-1-3-0,/tmp\sound_datasets\urbansound8k\audio/fold3/151359-1-3-0.wav,1,car_horn,3,"[1, 2, 1]"
77769-9-0-4,/tmp\sound_datasets\urbansound8k\audio/fold3/77769-9-0-4.wav,9,street_music,3,"[3, 7, 9]"
42117-8-0-5,/tmp\sound_datasets\urbansound8k\audio/fold3/42117-8-0-5.wav,8,siren,3,"[1, 3, 8]"
65750-3-3-68,/tmp\sound_datasets\urbansound8k\audio/fold3/65750-3-3-68.wav,3,dog_bark,3,"[0, 1, 3]"
146714-0-0-17,/tmp\sound_datasets\urbansound8k\audio/fold3/146714-0-0-17.wav,0,air_conditioner,3,"[2, 5, 0]"
19338-5-3-0,/tmp\sound_datasets\urbansound8k\audio/fold3/19338-5-3-0.wav,5,engine_idling,3,"[1, 2, 5]"
156418-3-0-1,/tmp\sound_datasets\urbansound8k\audio/fold3/156418-3-0-1.wav,3,dog_bark,3,"[0, 1, 3]"
116400-3-1-0,/tmp\sound_datasets\urbansound8k\audio/fold3/116400-3-1-0.wav,3,dog_bark,3,"[0, 1, 3]"
17615-3-0-4,/tmp\sound_datasets\urbansound8k\audio/fold3/17615-3-0-4.wav,3,dog_bark,3,"[0, 1, 3]"
63095-4-0-4,/tmp\sound_datasets\urbansound8k\audio/fold3/63095-4-0-4.wav,4,drilling,3,"[2, 4, 4]"
74810-9-0-27,/tmp\sound_datasets\urbansound8k\audio/fold3/74810-9-0-27.wav,9,street_music,3,"[3, 7, 9]"
199769-1-0-14,/tmp\sound_datasets\urbansound8k\audio/fold3/199769-1-0-14.wav,1,car_horn,3,"[1, 2, 1]"
76221-2-0-5,/tmp\sound_datasets\urbansound8k\audio/fold3/76221-2-0-5.wav,2,children_playing,3,"[0, 0, 2]"
176783-3-0-3,/tmp\sound_datasets\urbansound8k\audio/fold3/176783-3-0-3.wav,3,dog_bark,3,"[0, 1, 3]"
207124-3-0-0,/tmp\sound_datasets\urbansound8k\audio/fold3/207124-3-0-0.wav,3,dog_bark,3,"[0, 1, 3]"
199769-1-0-2,/tmp\sound_datasets\urbansound8k\audio/fold3/199769-1-0-2.wav,1,car_horn,3,"[1, 2, 1]"
78326-9-0-6,/tmp\sound_datasets\urbansound8k\audio/fold3/78326-9-0-6.wav,9,street_music,3,"[3, 7, 9]"
66622-4-0-5,/tmp\sound_datasets\urbansound8k\audio/fold3/66622-4-0-5.wav,4,drilling,3,"[2, 4, 4]"
44831-3-2-0,/tmp\sound_datasets\urbansound8k\audio/fold3/44831-3-2-0.wav,3,dog_bark,3,"[0, 1, 3]"
177742-0-0-49,/tmp\sound_datasets\urbansound8k\audio/fold3/177742-0-0-49.wav,0,air_conditioner,3,"[2, 5, 0]"
66622-4-0-1,/tmp\sound_datasets\urbansound8k\audio/fold3/66622-4-0-1.wav,4,drilling,3,"[2, 4, 4]"
199769-1-0-6,/tmp\sound_datasets\urbansound8k\audio/fold3/199769-1-0-6.wav,1,car_horn,3,"[1, 2, 1]"
93065-9-0-2,/tmp\sound_datasets\urbansound8k\audio/fold3/93065-9-0-2.wav,9,street_music,3,"[3, 7, 9]"
199769-1-0-10,/tmp\sound_datasets\urbansound8k\audio/fold3/199769-1-0-10.wav,1,car_horn,3,"[1, 2, 1]"
76221-2-0-1,/tmp\sound_datasets\urbansound8k\audio/fold3/76221-2-0-1.wav,2,children_playing,3,"[0, 0, 2]"
112075-5-0-2,/tmp\sound_datasets\urbansound8k\audio/fold3/112075-5-0-2.wav,5,engine_idling,3,"[1, 2, 5]"
17615-3-0-0,/tmp\sound_datasets\urbansound8k\audio/fold3/17615-3-0-0.wav,3,dog_bark,3,"[0, 1, 3]"
41372-3-0-39,/tmp\sound_datasets\urbansound8k\audio/fold3/41372-3-0-39.wav,3,dog_bark,3,"[0, 1, 3]"
31884-7-0-2,/tmp\sound_datasets\urbansound8k\audio/fold3/31884-7-0-2.wav,7,jackhammer,3,"[2, 4, 7]"
188824-7-9-0,/tmp\sound_datasets\urbansound8k\audio/fold3/188824-7-9-0.wav,7,jackhammer,3,"[2, 4, 7]"
146714-0-0-13,/tmp\sound_datasets\urbansound8k\audio/fold3/146714-0-0-13.wav,0,air_conditioner,3,"[2, 5, 0]"
42117-8-0-1,/tmp\sound_datasets\urbansound8k\audio/fold3/42117-8-0-1.wav,8,siren,3,"[1, 3, 8]"
77769-9-0-0,/tmp\sound_datasets\urbansound8k\audio/fold3/77769-9-0-0.wav,9,street_music,3,"[3, 7, 9]"
153261-0-0-0,/tmp\sound_datasets\urbansound8k\audio/fold3/153261-0-0-0.wav,0,air_conditioner,3,"[2, 5, 0]"
186334-2-0-35,/tmp\sound_datasets\urbansound8k\audio/fold3/186334-2-0-35.wav,2,children_playing,3,"[0, 0, 2]"
13230-0-0-22,/tmp\sound_datasets\urbansound8k\audio/fold3/13230-0-0-22.wav,0,air_conditioner,3,"[2, 5, 0]"
144068-5-5-1,/tmp\sound_datasets\urbansound8k\audio/fold3/144068-5-5-1.wav,5,engine_idling,3,"[1, 2, 5]"
155227-9-0-24,/tmp\sound_datasets\urbansound8k\audio/fold3/155227-9-0-24.wav,9,street_music,3,"[3, 7, 9]"
42937-4-0-0,/tmp\sound_datasets\urbansound8k\audio/fold3/42937-4-0-0.wav,4,drilling,3,"[2, 4, 4]"
22601-8-0-21,/tmp\sound_datasets\urbansound8k\audio/fold3/22601-8-0-21.wav,8,siren,3,"[1, 3, 8]"
22601-8-0-35,/tmp\sound_datasets\urbansound8k\audio/fold3/22601-8-0-35.wav,8,siren,3,"[1, 3, 8]"
62837-7-1-22,/tmp\sound_datasets\urbansound8k\audio/fold3/62837-7-1-22.wav,7,jackhammer,3,"[2, 4, 7]"
62837-7-0-4,/tmp\sound_datasets\urbansound8k\audio/fold3/62837-7-0-4.wav,7,jackhammer,3,"[2, 4, 7]"
88569-2-0-67,/tmp\sound_datasets\urbansound8k\audio/fold3/88569-2-0-67.wav,2,children_playing,3,"[0, 0, 2]"
22601-8-0-34,/tmp\sound_datasets\urbansound8k\audio/fold3/22601-8-0-34.wav,8,siren,3,"[1, 3, 8]"
9223-2-0-2,/tmp\sound_datasets\urbansound8k\audio/fold3/9223-2-0-2.wav,2,children_playing,3,"[0, 0, 2]"
184725-3-0-2,/tmp\sound_datasets\urbansound8k\audio/fold3/184725-3-0-2.wav,3,dog_bark,3,"[0, 1, 3]"
42937-4-0-1,/tmp\sound_datasets\urbansound8k\audio/fold3/42937-4-0-1.wav,4,drilling,3,"[2, 4, 4]"
22601-8-0-20,/tmp\sound_datasets\urbansound8k\audio/fold3/22601-8-0-20.wav,8,siren,3,"[1, 3, 8]"
144068-5-5-0,/tmp\sound_datasets\urbansound8k\audio/fold3/144068-5-5-0.wav,5,engine_idling,3,"[1, 2, 5]"
151149-2-0-54,/tmp\sound_datasets\urbansound8k\audio/fold3/151149-2-0-54.wav,2,children_playing,3,"[0, 0, 2]"
49809-3-3-0,/tmp\sound_datasets\urbansound8k\audio/fold3/49809-3-3-0.wav,3,dog_bark,3,"[0, 1, 3]"
69598-4-1-0,/tmp\sound_datasets\urbansound8k\audio/fold3/69598-4-1-0.wav,4,drilling,3,"[2, 4, 4]"
186334-2-0-20,/tmp\sound_datasets\urbansound8k\audio/fold3/186334-2-0-20.wav,2,children_playing,3,"[0, 0, 2]"
13230-0-0-23,/tmp\sound_datasets\urbansound8k\audio/fold3/13230-0-0-23.wav,0,air_conditioner,3,"[2, 5, 0]"
153261-0-0-1,/tmp\sound_datasets\urbansound8k\audio/fold3/153261-0-0-1.wav,0,air_conditioner,3,"[2, 5, 0]"
42117-8-0-0,/tmp\sound_datasets\urbansound8k\audio/fold3/42117-8-0-0.wav,8,siren,3,"[1, 3, 8]"
135526-6-1-0,/tmp\sound_datasets\urbansound8k\audio/fold3/135526-6-1-0.wav,6,gun_shot,3,"[2, 6, 6]"
20841-3-3-0,/tmp\sound_datasets\urbansound8k\audio/fold3/20841-3-3-0.wav,3,dog_bark,3,"[0, 1, 3]"
146714-0-0-12,/tmp\sound_datasets\urbansound8k\audio/fold3/146714-0-0-12.wav,0,air_conditioner,3,"[2, 5, 0]"
185801-4-0-2,/tmp\sound_datasets\urbansound8k\audio/fold3/185801-4-0-2.wav,4,drilling,3,"[2, 4, 4]"
31884-7-0-3,/tmp\sound_datasets\urbansound8k\audio/fold3/31884-7-0-3.wav,7,jackhammer,3,"[2, 4, 7]"
12647-3-1-0,/tmp\sound_datasets\urbansound8k\audio/fold3/12647-3-1-0.wav,3,dog_bark,3,"[0, 1, 3]"
63095-4-1-10,/tmp\sound_datasets\urbansound8k\audio/fold3/63095-4-1-10.wav,4,drilling,3,"[2, 4, 4]"
94631-9-0-12,/tmp\sound_datasets\urbansound8k\audio/fold3/94631-9-0-12.wav,9,street_music,3,"[3, 7, 9]"
76221-2-0-0,/tmp\sound_datasets\urbansound8k\audio/fold3/76221-2-0-0.wav,2,children_playing,3,"[0, 0, 2]"
63095-4-0-1,/tmp\sound_datasets\urbansound8k\audio/fold3/63095-4-0-1.wav,4,drilling,3,"[2, 4, 4]"
199769-1-0-11,/tmp\sound_datasets\urbansound8k\audio/fold3/199769-1-0-11.wav,1,car_horn,3,"[1, 2, 1]"
177742-0-0-58,/tmp\sound_datasets\urbansound8k\audio/fold3/177742-0-0-58.wav,0,air_conditioner,3,"[2, 5, 0]"
123399-2-0-13,/tmp\sound_datasets\urbansound8k\audio/fold3/123399-2-0-13.wav,2,children_playing,3,"[0, 0, 2]"
199769-1-0-7,/tmp\sound_datasets\urbansound8k\audio/fold3/199769-1-0-7.wav,1,car_horn,3,"[1, 2, 1]"
66622-4-0-0,/tmp\sound_datasets\urbansound8k\audio/fold3/66622-4-0-0.wav,4,drilling,3,"[2, 4, 4]"
78326-9-0-3,/tmp\sound_datasets\urbansound8k\audio/fold3/78326-9-0-3.wav,9,street_music,3,"[3, 7, 9]"
32417-1-0-0,/tmp\sound_datasets\urbansound8k\audio/fold3/32417-1-0-0.wav,1,car_horn,3,"[1, 2, 1]"
199769-1-0-5,/tmp\sound_datasets\urbansound8k\audio/fold3/199769-1-0-5.wav,1,car_horn,3,"[1, 2, 1]"
78326-9-0-1,/tmp\sound_datasets\urbansound8k\audio/fold3/78326-9-0-1.wav,9,street_music,3,"[3, 7, 9]"
66622-4-0-2,/tmp\sound_datasets\urbansound8k\audio/fold3/66622-4-0-2.wav,4,drilling,3,"[2, 4, 4]"
12647-3-3-0,/tmp\sound_datasets\urbansound8k\audio/fold3/12647-3-3-0.wav,3,dog_bark,3,"[0, 1, 3]"
199769-1-0-13,/tmp\sound_datasets\urbansound8k\audio/fold3/199769-1-0-13.wav,1,car_horn,3,"[1, 2, 1]"
195451-5-0-8,/tmp\sound_datasets\urbansound8k\audio/fold3/195451-5-0-8.wav,5,engine_idling,3,"[1, 2, 5]"
135526-6-3-0,/tmp\sound_datasets\urbansound8k\audio/fold3/135526-6-3-0.wav,6,gun_shot,3,"[2, 6, 6]"
177742-0-0-99,/tmp\sound_datasets\urbansound8k\audio/fold3/177742-0-0-99.wav,0,air_conditioner,3,"[2, 5, 0]"
76221-2-0-2,/tmp\sound_datasets\urbansound8k\audio/fold3/76221-2-0-2.wav,2,children_playing,3,"[0, 0, 2]"
195451-5-0-21,/tmp\sound_datasets\urbansound8k\audio/fold3/195451-5-0-21.wav,5,engine_idling,3,"[1, 2, 5]"
17615-3-0-3,/tmp\sound_datasets\urbansound8k\audio/fold3/17615-3-0-3.wav,3,dog_bark,3,"[0, 1, 3]"
112075-5-0-1,/tmp\sound_datasets\urbansound8k\audio/fold3/112075-5-0-1.wav,5,engine_idling,3,"[1, 2, 5]"
31884-7-0-1,/tmp\sound_datasets\urbansound8k\audio/fold3/31884-7-0-1.wav,7,jackhammer,3,"[2, 4, 7]"
146714-0-0-38,/tmp\sound_datasets\urbansound8k\audio/fold3/146714-0-0-38.wav,0,air_conditioner,3,"[2, 5, 0]"
185801-4-0-0,/tmp\sound_datasets\urbansound8k\audio/fold3/185801-4-0-0.wav,4,drilling,3,"[2, 4, 4]"
32318-3-0-1,/tmp\sound_datasets\urbansound8k\audio/fold3/32318-3-0-1.wav,3,dog_bark,3,"[0, 1, 3]"
42117-8-0-2,/tmp\sound_datasets\urbansound8k\audio/fold3/42117-8-0-2.wav,8,siren,3,"[1, 3, 8]"
77769-9-0-17,/tmp\sound_datasets\urbansound8k\audio/fold3/77769-9-0-17.wav,9,street_music,3,"[3, 7, 9]"
186334-2-0-36,/tmp\sound_datasets\urbansound8k\audio/fold3/186334-2-0-36.wav,2,children_playing,3,"[0, 0, 2]"
153261-0-0-3,/tmp\sound_datasets\urbansound8k\audio/fold3/153261-0-0-3.wav,0,air_conditioner,3,"[2, 5, 0]"
155227-9-0-27,/tmp\sound_datasets\urbansound8k\audio/fold3/155227-9-0-27.wav,9,street_music,3,"[3, 7, 9]"
151149-2-0-56,/tmp\sound_datasets\urbansound8k\audio/fold3/151149-2-0-56.wav,2,children_playing,3,"[0, 0, 2]"
144068-5-5-2,/tmp\sound_datasets\urbansound8k\audio/fold3/144068-5-5-2.wav,5,engine_idling,3,"[1, 2, 5]"
185375-9-0-23,/tmp\sound_datasets\urbansound8k\audio/fold3/185375-9-0-23.wav,9,street_music,3,"[3, 7, 9]"
22601-8-0-36,/tmp\sound_datasets\urbansound8k\audio/fold3/22601-8-0-36.wav,8,siren,3,"[1, 3, 8]"
118496-1-0-0,/tmp\sound_datasets\urbansound8k\audio/fold3/118496-1-0-0.wav,1,car_horn,3,"[1, 2, 1]"
22601-8-0-22,/tmp\sound_datasets\urbansound8k\audio/fold3/22601-8-0-22.wav,8,siren,3,"[1, 3, 8]"
62837-7-1-21,/tmp\sound_datasets\urbansound8k\audio/fold3/62837-7-1-21.wav,7,jackhammer,3,"[2, 4, 7]"
165039-7-9-0,/tmp\sound_datasets\urbansound8k\audio/fold3/165039-7-9-0.wav,7,jackhammer,3,"[2, 4, 7]"
69598-4-3-0,/tmp\sound_datasets\urbansound8k\audio/fold3/69598-4-3-0.wav,4,drilling,3,"[2, 4, 4]"
62837-7-1-35,/tmp\sound_datasets\urbansound8k\audio/fold3/62837-7-1-35.wav,7,jackhammer,3,"[2, 4, 7]"
62837-7-0-7,/tmp\sound_datasets\urbansound8k\audio/fold3/62837-7-0-7.wav,7,jackhammer,3,"[2, 4, 7]"
22601-8-0-23,/tmp\sound_datasets\urbansound8k\audio/fold3/22601-8-0-23.wav,8,siren,3,"[1, 3, 8]"
42937-4-0-2,/tmp\sound_datasets\urbansound8k\audio/fold3/42937-4-0-2.wav,4,drilling,3,"[2, 4, 4]"
184725-3-0-1,/tmp\sound_datasets\urbansound8k\audio/fold3/184725-3-0-1.wav,3,dog_bark,3,"[0, 1, 3]"
22601-8-0-37,/tmp\sound_datasets\urbansound8k\audio/fold3/22601-8-0-37.wav,8,siren,3,"[1, 3, 8]"
186334-2-0-37,/tmp\sound_datasets\urbansound8k\audio/fold3/186334-2-0-37.wav,2,children_playing,3,"[0, 0, 2]"
153261-0-0-2,/tmp\sound_datasets\urbansound8k\audio/fold3/153261-0-0-2.wav,0,air_conditioner,3,"[2, 5, 0]"
13230-0-0-20,/tmp\sound_datasets\urbansound8k\audio/fold3/13230-0-0-20.wav,0,air_conditioner,3,"[2, 5, 0]"
49485-9-0-91,/tmp\sound_datasets\urbansound8k\audio/fold3/49485-9-0-91.wav,9,street_music,3,"[3, 7, 9]"
77769-9-0-2,/tmp\sound_datasets\urbansound8k\audio/fold3/77769-9-0-2.wav,9,street_music,3,"[3, 7, 9]"
42117-8-0-3,/tmp\sound_datasets\urbansound8k\audio/fold3/42117-8-0-3.wav,8,siren,3,"[1, 3, 8]"
32318-3-0-0,/tmp\sound_datasets\urbansound8k\audio/fold3/32318-3-0-0.wav,3,dog_bark,3,"[0, 1, 3]"
31884-7-0-0,/tmp\sound_datasets\urbansound8k\audio/fold3/31884-7-0-0.wav,7,jackhammer,3,"[2, 4, 7]"
185801-4-0-1,/tmp\sound_datasets\urbansound8k\audio/fold3/185801-4-0-1.wav,4,drilling,3,"[2, 4, 4]"
78776-6-0-0,/tmp\sound_datasets\urbansound8k\audio/fold3/78776-6-0-0.wav,6,gun_shot,3,"[2, 6, 6]"
112075-5-0-0,/tmp\sound_datasets\urbansound8k\audio/fold3/112075-5-0-0.wav,5,engine_idling,3,"[1, 2, 5]"
54898-8-0-10,/tmp\sound_datasets\urbansound8k\audio/fold3/54898-8-0-10.wav,8,siren,3,"[1, 3, 8]"
58857-2-0-25,/tmp\sound_datasets\urbansound8k\audio/fold3/58857-2-0-25.wav,2,children_playing,3,"[0, 0, 2]"
195451-5-0-20,/tmp\sound_datasets\urbansound8k\audio/fold3/195451-5-0-20.wav,5,engine_idling,3,"[1, 2, 5]"
138473-9-0-29,/tmp\sound_datasets\urbansound8k\audio/fold3/138473-9-0-29.wav,9,street_music,3,"[3, 7, 9]"
76221-2-0-3,/tmp\sound_datasets\urbansound8k\audio/fold3/76221-2-0-3.wav,2,children_playing,3,"[0, 0, 2]"
176783-3-0-5,/tmp\sound_datasets\urbansound8k\audio/fold3/176783-3-0-5.wav,3,dog_bark,3,"[0, 1, 3]"
195451-5-0-9,/tmp\sound_datasets\urbansound8k\audio/fold3/195451-5-0-9.wav,5,engine_idling,3,"[1, 2, 5]"
199769-1-0-12,/tmp\sound_datasets\urbansound8k\audio/fold3/199769-1-0-12.wav,1,car_horn,3,"[1, 2, 1]"
78326-9-0-0,/tmp\sound_datasets\urbansound8k\audio/fold3/78326-9-0-0.wav,9,street_music,3,"[3, 7, 9]"
177742-0-0-67,/tmp\sound_datasets\urbansound8k\audio/fold3/177742-0-0-67.wav,0,air_conditioner,3,"[2, 5, 0]"
66622-4-0-3,/tmp\sound_datasets\urbansound8k\audio/fold3/66622-4-0-3.wav,4,drilling,3,"[2, 4, 4]"
199769-1-0-4,/tmp\sound_datasets\urbansound8k\audio/fold3/199769-1-0-4.wav,1,car_horn,3,"[1, 2, 1]"
177742-0-0-73,/tmp\sound_datasets\urbansound8k\audio/fold3/177742-0-0-73.wav,0,air_conditioner,3,"[2, 5, 0]"
180977-3-1-5,/tmp\sound_datasets\urbansound8k\audio/fold4/180977-3-1-5.wav,3,dog_bark,4,"[0, 1, 3]"
24347-8-0-77,/tmp\sound_datasets\urbansound8k\audio/fold4/24347-8-0-77.wav,8,siren,4,"[1, 3, 8]"
22883-7-63-0,/tmp\sound_datasets\urbansound8k\audio/fold4/22883-7-63-0.wav,7,jackhammer,4,"[2, 4, 7]"
24347-8-0-63,/tmp\sound_datasets\urbansound8k\audio/fold4/24347-8-0-63.wav,8,siren,4,"[1, 3, 8]"
24347-8-0-88,/tmp\sound_datasets\urbansound8k\audio/fold4/24347-8-0-88.wav,8,siren,4,"[1, 3, 8]"
146709-0-0-59,/tmp\sound_datasets\urbansound8k\audio/fold4/146709-0-0-59.wav,0,air_conditioner,4,"[2, 5, 0]"
174032-2-0-18,/tmp\sound_datasets\urbansound8k\audio/fold4/174032-2-0-18.wav,2,children_playing,4,"[0, 0, 2]"
128160-5-0-15,/tmp\sound_datasets\urbansound8k\audio/fold4/128160-5-0-15.wav,5,engine_idling,4,"[1, 2, 5]"
107653-9-0-14,/tmp\sound_datasets\urbansound8k\audio/fold4/107653-9-0-14.wav,9,street_music,4,"[3, 7, 9]"
146709-0-0-65,/tmp\sound_datasets\urbansound8k\audio/fold4/146709-0-0-65.wav,0,air_conditioner,4,"[2, 5, 0]"
174026-3-1-0,/tmp\sound_datasets\urbansound8k\audio/fold4/174026-3-1-0.wav,3,dog_bark,4,"[0, 1, 3]"
175855-1-0-0,/tmp\sound_datasets\urbansound8k\audio/fold4/175855-1-0-0.wav,1,car_horn,4,"[1, 2, 1]"
99157-9-0-16,/tmp\sound_datasets\urbansound8k\audio/fold4/99157-9-0-16.wav,9,street_music,4,"[3, 7, 9]"
50618-6-0-0,/tmp\sound_datasets\urbansound8k\audio/fold4/50618-6-0-0.wav,6,gun_shot,4,"[2, 6, 6]"
107653-9-0-5,/tmp\sound_datasets\urbansound8k\audio/fold4/107653-9-0-5.wav,9,street_music,4,"[3, 7, 9]"
81068-5-0-1,/tmp\sound_datasets\urbansound8k\audio/fold4/81068-5-0-1.wav,5,engine_idling,4,"[1, 2, 5]"
169466-4-1-3,/tmp\sound_datasets\urbansound8k\audio/fold4/169466-4-1-3.wav,4,drilling,4,"[2, 4, 4]"
177756-2-0-16,/tmp\sound_datasets\urbansound8k\audio/fold4/177756-2-0-16.wav,2,children_playing,4,"[0, 0, 2]"
201207-3-29-0,/tmp\sound_datasets\urbansound8k\audio/fold4/201207-3-29-0.wav,3,dog_bark,4,"[0, 1, 3]"
206037-2-0-3,/tmp\sound_datasets\urbansound8k\audio/fold4/206037-2-0-3.wav,2,children_playing,4,"[0, 0, 2]"
16692-5-0-7,/tmp\sound_datasets\urbansound8k\audio/fold4/16692-5-0-7.wav,5,engine_idling,4,"[1, 2, 5]"
171249-1-1-0,/tmp\sound_datasets\urbansound8k\audio/fold4/171249-1-1-0.wav,1,car_horn,4,"[1, 2, 1]"
144007-5-0-9,/tmp\sound_datasets\urbansound8k\audio/fold4/144007-5-0-9.wav,5,engine_idling,4,"[1, 2, 5]"
148463-7-2-2,/tmp\sound_datasets\urbansound8k\audio/fold4/148463-7-2-2.wav,7,jackhammer,4,"[2, 4, 7]"
128607-4-0-4,/tmp\sound_datasets\urbansound8k\audio/fold4/128607-4-0-4.wav,4,drilling,4,"[2, 4, 4]"
169466-4-3-1,/tmp\sound_datasets\urbansound8k\audio/fold4/169466-4-3-1.wav,4,drilling,4,"[2, 4, 4]"
195969-0-0-21,/tmp\sound_datasets\urbansound8k\audio/fold4/195969-0-0-21.wav,0,air_conditioner,4,"[2, 5, 0]"
55018-0-0-106,/tmp\sound_datasets\urbansound8k\audio/fold4/55018-0-0-106.wav,0,air_conditioner,4,"[2, 5, 0]"
154758-5-0-21,/tmp\sound_datasets\urbansound8k\audio/fold4/154758-5-0-21.wav,5,engine_idling,4,"[1, 2, 5]"
22883-7-78-2,/tmp\sound_datasets\urbansound8k\audio/fold4/22883-7-78-2.wav,7,jackhammer,4,"[2, 4, 7]"
154758-5-0-20,/tmp\sound_datasets\urbansound8k\audio/fold4/154758-5-0-20.wav,5,engine_idling,4,"[1, 2, 5]"
177756-2-0-7,/tmp\sound_datasets\urbansound8k\audio/fold4/177756-2-0-7.wav,2,children_playing,4,"[0, 0, 2]"
195969-0-0-20,/tmp\sound_datasets\urbansound8k\audio/fold4/195969-0-0-20.wav,0,air_conditioner,4,"[2, 5, 0]"
144007-5-0-8,/tmp\sound_datasets\urbansound8k\audio/fold4/144007-5-0-8.wav,5,engine_idling,4,"[1, 2, 5]"
16692-5-0-6,/tmp\sound_datasets\urbansound8k\audio/fold4/16692-5-0-6.wav,5,engine_idling,4,"[1, 2, 5]"
54173-2-0-2,/tmp\sound_datasets\urbansound8k\audio/fold4/54173-2-0-2.wav,2,children_playing,4,"[0, 0, 2]"
194458-9-1-91,/tmp\sound_datasets\urbansound8k\audio/fold4/194458-9-1-91.wav,9,street_music,4,"[3, 7, 9]"
135528-6-5-0,/tmp\sound_datasets\urbansound8k\audio/fold4/135528-6-5-0.wav,6,gun_shot,4,"[2, 6, 6]"
177756-2-0-17,/tmp\sound_datasets\urbansound8k\audio/fold4/177756-2-0-17.wav,2,children_playing,4,"[0, 0, 2]"
22883-7-87-0,/tmp\sound_datasets\urbansound8k\audio/fold4/22883-7-87-0.wav,7,jackhammer,4,"[2, 4, 7]"
81068-5-0-0,/tmp\sound_datasets\urbansound8k\audio/fold4/81068-5-0-0.wav,5,engine_idling,4,"[1, 2, 5]"
171305-7-29-0,/tmp\sound_datasets\urbansound8k\audio/fold4/171305-7-29-0.wav,7,jackhammer,4,"[2, 4, 7]"
165785-4-1-0,/tmp\sound_datasets\urbansound8k\audio/fold4/165785-4-1-0.wav,4,drilling,4,"[2, 4, 4]"
148463-7-3-10,/tmp\sound_datasets\urbansound8k\audio/fold4/148463-7-3-10.wav,7,jackhammer,4,"[2, 4, 7]"
171305-7-14-0,/tmp\sound_datasets\urbansound8k\audio/fold4/171305-7-14-0.wav,7,jackhammer,4,"[2, 4, 7]"
174026-3-1-1,/tmp\sound_datasets\urbansound8k\audio/fold4/174026-3-1-1.wav,3,dog_bark,4,"[0, 1, 3]"
187356-1-5-0,/tmp\sound_datasets\urbansound8k\audio/fold4/187356-1-5-0.wav,1,car_horn,4,"[1, 2, 1]"
128160-5-0-14,/tmp\sound_datasets\urbansound8k\audio/fold4/128160-5-0-14.wav,5,engine_idling,4,"[1, 2, 5]"
169466-4-3-12,/tmp\sound_datasets\urbansound8k\audio/fold4/169466-4-3-12.wav,4,drilling,4,"[2, 4, 4]"
196061-2-0-0,/tmp\sound_datasets\urbansound8k\audio/fold4/196061-2-0-0.wav,2,children_playing,4,"[0, 0, 2]"
24347-8-0-89,/tmp\sound_datasets\urbansound8k\audio/fold4/24347-8-0-89.wav,8,siren,4,"[1, 3, 8]"
24347-8-0-62,/tmp\sound_datasets\urbansound8k\audio/fold4/24347-8-0-62.wav,8,siren,4,"[1, 3, 8]"
24347-8-0-76,/tmp\sound_datasets\urbansound8k\audio/fold4/24347-8-0-76.wav,8,siren,4,"[1, 3, 8]"
201207-3-0-0,/tmp\sound_datasets\urbansound8k\audio/fold4/201207-3-0-0.wav,3,dog_bark,4,"[0, 1, 3]"
55018-0-0-84,/tmp\sound_datasets\urbansound8k\audio/fold4/55018-0-0-84.wav,0,air_conditioner,4,"[2, 5, 0]"
55018-0-0-92,/tmp\sound_datasets\urbansound8k\audio/fold4/55018-0-0-92.wav,0,air_conditioner,4,"[2, 5, 0]"
72724-3-2-8,/tmp\sound_datasets\urbansound8k\audio/fold4/72724-3-2-8.wav,3,dog_bark,4,"[0, 1, 3]"
24347-8-0-48,/tmp\sound_datasets\urbansound8k\audio/fold4/24347-8-0-48.wav,8,siren,4,"[1, 3, 8]"
24347-8-0-60,/tmp\sound_datasets\urbansound8k\audio/fold4/24347-8-0-60.wav,8,siren,4,"[1, 3, 8]"
24347-8-0-74,/tmp\sound_datasets\urbansound8k\audio/fold4/24347-8-0-74.wav,8,siren,4,"[1, 3, 8]"
169466-4-3-10,/tmp\sound_datasets\urbansound8k\audio/fold4/169466-4-3-10.wav,4,drilling,4,"[2, 4, 4]"
60608-9-0-4,/tmp\sound_datasets\urbansound8k\audio/fold4/60608-9-0-4.wav,9,street_music,4,"[3, 7, 9]"
170564-2-1-9,/tmp\sound_datasets\urbansound8k\audio/fold4/170564-2-1-9.wav,2,children_playing,4,"[0, 0, 2]"
171305-7-16-0,/tmp\sound_datasets\urbansound8k\audio/fold4/171305-7-16-0.wav,7,jackhammer,4,"[2, 4, 7]"
165785-4-3-0,/tmp\sound_datasets\urbansound8k\audio/fold4/165785-4-3-0.wav,4,drilling,4,"[2, 4, 4]"
146709-0-0-66,/tmp\sound_datasets\urbansound8k\audio/fold4/146709-0-0-66.wav,0,air_conditioner,4,"[2, 5, 0]"
26256-3-4-0,/tmp\sound_datasets\urbansound8k\audio/fold4/26256-3-4-0.wav,3,dog_bark,4,"[0, 1, 3]"
157695-3-0-2,/tmp\sound_datasets\urbansound8k\audio/fold4/157695-3-0-2.wav,3,dog_bark,4,"[0, 1, 3]"
22883-7-47-2,/tmp\sound_datasets\urbansound8k\audio/fold4/22883-7-47-2.wav,7,jackhammer,4,"[2, 4, 7]"
22883-7-61-1,/tmp\sound_datasets\urbansound8k\audio/fold4/22883-7-61-1.wav,7,jackhammer,4,"[2, 4, 7]"
171305-7-9-0,/tmp\sound_datasets\urbansound8k\audio/fold4/171305-7-9-0.wav,7,jackhammer,4,"[2, 4, 7]"
173994-3-0-3,/tmp\sound_datasets\urbansound8k\audio/fold4/173994-3-0-3.wav,3,dog_bark,4,"[0, 1, 3]"
183989-3-1-18,/tmp\sound_datasets\urbansound8k\audio/fold4/183989-3-1-18.wav,3,dog_bark,4,"[0, 1, 3]"
99157-9-0-15,/tmp\sound_datasets\urbansound8k\audio/fold4/99157-9-0-15.wav,9,street_music,4,"[3, 7, 9]"
172338-9-0-7,/tmp\sound_datasets\urbansound8k\audio/fold4/172338-9-0-7.wav,9,street_music,4,"[3, 7, 9]"
81068-5-0-2,/tmp\sound_datasets\urbansound8k\audio/fold4/81068-5-0-2.wav,5,engine_idling,4,"[1, 2, 5]"
140824-4-0-0,/tmp\sound_datasets\urbansound8k\audio/fold4/140824-4-0-0.wav,4,drilling,4,"[2, 4, 4]"
16692-5-0-4,/tmp\sound_datasets\urbansound8k\audio/fold4/16692-5-0-4.wav,5,engine_idling,4,"[1, 2, 5]"
102102-3-0-0,/tmp\sound_datasets\urbansound8k\audio/fold4/102102-3-0-0.wav,3,dog_bark,4,"[0, 1, 3]"
52441-3-1-2,/tmp\sound_datasets\urbansound8k\audio/fold4/52441-3-1-2.wav,3,dog_bark,4,"[0, 1, 3]"
81068-5-2-0,/tmp\sound_datasets\urbansound8k\audio/fold4/81068-5-2-0.wav,5,engine_idling,4,"[1, 2, 5]"
148463-7-2-1,/tmp\sound_datasets\urbansound8k\audio/fold4/148463-7-2-1.wav,7,jackhammer,4,"[2, 4, 7]"
195969-0-0-22,/tmp\sound_datasets\urbansound8k\audio/fold4/195969-0-0-22.wav,0,air_conditioner,4,"[2, 5, 0]"
185909-2-0-17,/tmp\sound_datasets\urbansound8k\audio/fold4/185909-2-0-17.wav,2,children_playing,4,"[0, 0, 2]"
177756-2-0-5,/tmp\sound_datasets\urbansound8k\audio/fold4/177756-2-0-5.wav,2,children_playing,4,"[0, 0, 2]"
135528-6-7-0,/tmp\sound_datasets\urbansound8k\audio/fold4/135528-6-7-0.wav,6,gun_shot,4,"[2, 6, 6]"
144351-4-3-15,/tmp\sound_datasets\urbansound8k\audio/fold4/144351-4-3-15.wav,4,drilling,4,"[2, 4, 4]"
144351-4-3-14,/tmp\sound_datasets\urbansound8k\audio/fold4/144351-4-3-14.wav,4,drilling,4,"[2, 4, 4]"
55728-9-0-67,/tmp\sound_datasets\urbansound8k\audio/fold4/55728-9-0-67.wav,9,street_music,4,"[3, 7, 9]"
55018-0-0-110,/tmp\sound_datasets\urbansound8k\audio/fold4/55018-0-0-110.wav,0,air_conditioner,4,"[2, 5, 0]"
61790-9-0-20,/tmp\sound_datasets\urbansound8k\audio/fold4/61790-9-0-20.wav,9,street_music,4,"[3, 7, 9]"
177756-2-0-4,/tmp\sound_datasets\urbansound8k\audio/fold4/177756-2-0-4.wav,2,children_playing,4,"[0, 0, 2]"
169466-4-3-3,/tmp\sound_datasets\urbansound8k\audio/fold4/169466-4-3-3.wav,4,drilling,4,"[2, 4, 4]"
148463-7-2-0,/tmp\sound_datasets\urbansound8k\audio/fold4/148463-7-2-0.wav,7,jackhammer,4,"[2, 4, 7]"
22883-7-19-0,/tmp\sound_datasets\urbansound8k\audio/fold4/22883-7-19-0.wav,7,jackhammer,4,"[2, 4, 7]"
157799-6-0-0,/tmp\sound_datasets\urbansound8k\audio/fold4/157799-6-0-0.wav,6,gun_shot,4,"[2, 6, 6]"
16692-5-0-5,/tmp\sound_datasets\urbansound8k\audio/fold4/16692-5-0-5.wav,5,engine_idling,4,"[1, 2, 5]"
81068-5-0-3,/tmp\sound_datasets\urbansound8k\audio/fold4/81068-5-0-3.wav,5,engine_idling,4,"[1, 2, 5]"
172338-9-0-6,/tmp\sound_datasets\urbansound8k\audio/fold4/172338-9-0-6.wav,9,street_music,4,"[3, 7, 9]"
24652-6-0-0,/tmp\sound_datasets\urbansound8k\audio/fold4/24652-6-0-0.wav,6,gun_shot,4,"[2, 6, 6]"
151877-5-0-0,/tmp\sound_datasets\urbansound8k\audio/fold4/151877-5-0-0.wav,5,engine_idling,4,"[1, 2, 5]"
183989-3-1-25,/tmp\sound_datasets\urbansound8k\audio/fold4/183989-3-1-25.wav,3,dog_bark,4,"[0, 1, 3]"
107653-9-0-7,/tmp\sound_datasets\urbansound8k\audio/fold4/107653-9-0-7.wav,9,street_music,4,"[3, 7, 9]"
199929-4-1-0,/tmp\sound_datasets\urbansound8k\audio/fold4/199929-4-1-0.wav,4,drilling,4,"[2, 4, 4]"
22883-7-61-0,/tmp\sound_datasets\urbansound8k\audio/fold4/22883-7-61-0.wav,7,jackhammer,4,"[2, 4, 7]"
22883-7-24-0,/tmp\sound_datasets\urbansound8k\audio/fold4/22883-7-24-0.wav,7,jackhammer,4,"[2, 4, 7]"
42954-9-0-5,/tmp\sound_datasets\urbansound8k\audio/fold4/42954-9-0-5.wav,9,street_music,4,"[3, 7, 9]"
55018-0-0-2,/tmp\sound_datasets\urbansound8k\audio/fold4/55018-0-0-2.wav,0,air_conditioner,4,"[2, 5, 0]"
174032-2-0-26,/tmp\sound_datasets\urbansound8k\audio/fold4/174032-2-0-26.wav,2,children_playing,4,"[0, 0, 2]"
55018-0-0-44,/tmp\sound_datasets\urbansound8k\audio/fold4/55018-0-0-44.wav,0,air_conditioner,4,"[2, 5, 0]"
60608-9-0-5,/tmp\sound_datasets\urbansound8k\audio/fold4/60608-9-0-5.wav,9,street_music,4,"[3, 7, 9]"
24347-8-0-75,/tmp\sound_datasets\urbansound8k\audio/fold4/24347-8-0-75.wav,8,siren,4,"[1, 3, 8]"
24347-8-0-61,/tmp\sound_datasets\urbansound8k\audio/fold4/24347-8-0-61.wav,8,siren,4,"[1, 3, 8]"
24347-8-0-49,/tmp\sound_datasets\urbansound8k\audio/fold4/24347-8-0-49.wav,8,siren,4,"[1, 3, 8]"
72724-3-2-9,/tmp\sound_datasets\urbansound8k\audio/fold4/72724-3-2-9.wav,3,dog_bark,4,"[0, 1, 3]"
55018-0-0-87,/tmp\sound_datasets\urbansound8k\audio/fold4/55018-0-0-87.wav,0,air_conditioner,4,"[2, 5, 0]"
55018-0-0-93,/tmp\sound_datasets\urbansound8k\audio/fold4/55018-0-0-93.wav,0,air_conditioner,4,"[2, 5, 0]"
34056-2-0-40,/tmp\sound_datasets\urbansound8k\audio/fold4/34056-2-0-40.wav,2,children_playing,4,"[0, 0, 2]"
24347-8-0-65,/tmp\sound_datasets\urbansound8k\audio/fold4/24347-8-0-65.wav,8,siren,4,"[1, 3, 8]"
24347-8-0-71,/tmp\sound_datasets\urbansound8k\audio/fold4/24347-8-0-71.wav,8,siren,4,"[1, 3, 8]"
176638-5-0-1,/tmp\sound_datasets\urbansound8k\audio/fold4/176638-5-0-1.wav,5,engine_idling,4,"[1, 2, 5]"
24347-8-0-59,/tmp\sound_datasets\urbansound8k\audio/fold4/24347-8-0-59.wav,8,siren,4,"[1, 3, 8]"
174032-2-0-22,/tmp\sound_datasets\urbansound8k\audio/fold4/174032-2-0-22.wav,2,children_playing,4,"[0, 0, 2]"
22883-7-58-0,/tmp\sound_datasets\urbansound8k\audio/fold4/22883-7-58-0.wav,7,jackhammer,4,"[2, 4, 7]"
128160-5-0-13,/tmp\sound_datasets\urbansound8k\audio/fold4/128160-5-0-13.wav,5,engine_idling,4,"[1, 2, 5]"
151005-4-3-2,/tmp\sound_datasets\urbansound8k\audio/fold4/151005-4-3-2.wav,4,drilling,4,"[2, 4, 4]"
146709-0-0-63,/tmp\sound_datasets\urbansound8k\audio/fold4/146709-0-0-63.wav,0,air_conditioner,4,"[2, 5, 0]"
107653-9-0-12,/tmp\sound_datasets\urbansound8k\audio/fold4/107653-9-0-12.wav,9,street_music,4,"[3, 7, 9]"
60608-9-0-1,/tmp\sound_datasets\urbansound8k\audio/fold4/60608-9-0-1.wav,9,street_music,4,"[3, 7, 9]"
22883-7-9-0,/tmp\sound_datasets\urbansound8k\audio/fold4/22883-7-9-0.wav,7,jackhammer,4,"[2, 4, 7]"
107653-9-0-3,/tmp\sound_datasets\urbansound8k\audio/fold4/107653-9-0-3.wav,9,street_music,4,"[3, 7, 9]"
183989-3-1-21,/tmp\sound_datasets\urbansound8k\audio/fold4/183989-3-1-21.wav,3,dog_bark,4,"[0, 1, 3]"
22883-7-39-1,/tmp\sound_datasets\urbansound8k\audio/fold4/22883-7-39-1.wav,7,jackhammer,4,"[2, 4, 7]"
151005-4-1-0,/tmp\sound_datasets\urbansound8k\audio/fold4/151005-4-1-0.wav,4,drilling,4,"[2, 4, 4]"
99157-9-0-10,/tmp\sound_datasets\urbansound8k\audio/fold4/99157-9-0-10.wav,9,street_music,4,"[3, 7, 9]"
177756-2-0-10,/tmp\sound_datasets\urbansound8k\audio/fold4/177756-2-0-10.wav,2,children_playing,4,"[0, 0, 2]"
169466-4-1-5,/tmp\sound_datasets\urbansound8k\audio/fold4/169466-4-1-5.wav,4,drilling,4,"[2, 4, 4]"
54173-2-0-5,/tmp\sound_datasets\urbansound8k\audio/fold4/54173-2-0-5.wav,2,children_playing,4,"[0, 0, 2]"
16692-5-0-1,/tmp\sound_datasets\urbansound8k\audio/fold4/16692-5-0-1.wav,5,engine_idling,4,"[1, 2, 5]"
131428-9-1-19,/tmp\sound_datasets\urbansound8k\audio/fold4/131428-9-1-19.wav,9,street_music,4,"[3, 7, 9]"
132108-9-1-26,/tmp\sound_datasets\urbansound8k\audio/fold4/132108-9-1-26.wav,9,street_music,4,"[3, 7, 9]"
137971-2-0-8,/tmp\sound_datasets\urbansound8k\audio/fold4/137971-2-0-8.wav,2,children_playing,4,"[0, 0, 2]"
128607-4-0-2,/tmp\sound_datasets\urbansound8k\audio/fold4/128607-4-0-2.wav,4,drilling,4,"[2, 4, 4]"
169466-4-3-7,/tmp\sound_datasets\urbansound8k\audio/fold4/169466-4-3-7.wav,4,drilling,4,"[2, 4, 4]"
144351-4-3-10,/tmp\sound_datasets\urbansound8k\audio/fold4/144351-4-3-10.wav,4,drilling,4,"[2, 4, 4]"
24347-8-0-9,/tmp\sound_datasets\urbansound8k\audio/fold4/24347-8-0-9.wav,8,siren,4,"[1, 3, 8]"
22883-7-98-1,/tmp\sound_datasets\urbansound8k\audio/fold4/22883-7-98-1.wav,7,jackhammer,4,"[2, 4, 7]"
24347-8-0-8,/tmp\sound_datasets\urbansound8k\audio/fold4/24347-8-0-8.wav,8,siren,4,"[1, 3, 8]"
144351-4-3-11,/tmp\sound_datasets\urbansound8k\audio/fold4/144351-4-3-11.wav,4,drilling,4,"[2, 4, 4]"
187356-1-3-0,/tmp\sound_datasets\urbansound8k\audio/fold4/187356-1-3-0.wav,1,car_horn,4,"[1, 2, 1]"
22883-7-110-1,/tmp\sound_datasets\urbansound8k\audio/fold4/22883-7-110-1.wav,7,jackhammer,4,"[2, 4, 7]"
128607-4-0-3,/tmp\sound_datasets\urbansound8k\audio/fold4/128607-4-0-3.wav,4,drilling,4,"[2, 4, 4]"
203956-1-0-0,/tmp\sound_datasets\urbansound8k\audio/fold4/203956-1-0-0.wav,1,car_horn,4,"[1, 2, 1]"
22883-7-43-2,/tmp\sound_datasets\urbansound8k\audio/fold4/22883-7-43-2.wav,7,jackhammer,4,"[2, 4, 7]"
132108-9-1-27,/tmp\sound_datasets\urbansound8k\audio/fold4/132108-9-1-27.wav,9,street_music,4,"[3, 7, 9]"
47926-3-1-0,/tmp\sound_datasets\urbansound8k\audio/fold4/47926-3-1-0.wav,3,dog_bark,4,"[0, 1, 3]"
185909-2-0-13,/tmp\sound_datasets\urbansound8k\audio/fold4/185909-2-0-13.wav,2,children_playing,4,"[0, 0, 2]"
35549-9-0-58,/tmp\sound_datasets\urbansound8k\audio/fold4/35549-9-0-58.wav,9,street_music,4,"[3, 7, 9]"
195969-0-0-26,/tmp\sound_datasets\urbansound8k\audio/fold4/195969-0-0-26.wav,0,air_conditioner,4,"[2, 5, 0]"
206037-2-0-4,/tmp\sound_datasets\urbansound8k\audio/fold4/206037-2-0-4.wav,2,children_playing,4,"[0, 0, 2]"
16692-5-0-0,/tmp\sound_datasets\urbansound8k\audio/fold4/16692-5-0-0.wav,5,engine_idling,4,"[1, 2, 5]"
54173-2-0-4,/tmp\sound_datasets\urbansound8k\audio/fold4/54173-2-0-4.wav,2,children_playing,4,"[0, 0, 2]"
171305-7-12-0,/tmp\sound_datasets\urbansound8k\audio/fold4/171305-7-12-0.wav,7,jackhammer,4,"[2, 4, 7]"
35629-3-3-0,/tmp\sound_datasets\urbansound8k\audio/fold4/35629-3-3-0.wav,3,dog_bark,4,"[0, 1, 3]"
116484-3-0-6,/tmp\sound_datasets\urbansound8k\audio/fold4/116484-3-0-6.wav,3,dog_bark,4,"[0, 1, 3]"
85544-3-5-0,/tmp\sound_datasets\urbansound8k\audio/fold4/85544-3-5-0.wav,3,dog_bark,4,"[0, 1, 3]"
175904-2-0-12,/tmp\sound_datasets\urbansound8k\audio/fold4/175904-2-0-12.wav,2,children_playing,4,"[0, 0, 2]"
22883-7-39-0,/tmp\sound_datasets\urbansound8k\audio/fold4/22883-7-39-0.wav,7,jackhammer,4,"[2, 4, 7]"
26256-3-6-6,/tmp\sound_datasets\urbansound8k\audio/fold4/26256-3-6-6.wav,3,dog_bark,4,"[0, 1, 3]"
151005-4-1-1,/tmp\sound_datasets\urbansound8k\audio/fold4/151005-4-1-1.wav,4,drilling,4,"[2, 4, 4]"
76585-9-0-69,/tmp\sound_datasets\urbansound8k\audio/fold4/76585-9-0-69.wav,9,street_music,4,"[3, 7, 9]"
47019-2-0-65,/tmp\sound_datasets\urbansound8k\audio/fold4/47019-2-0-65.wav,2,children_playing,4,"[0, 0, 2]"
22883-7-81-0,/tmp\sound_datasets\urbansound8k\audio/fold4/22883-7-81-0.wav,7,jackhammer,4,"[2, 4, 7]"
135528-6-3-0,/tmp\sound_datasets\urbansound8k\audio/fold4/135528-6-3-0.wav,6,gun_shot,4,"[2, 6, 6]"
174841-1-0-0,/tmp\sound_datasets\urbansound8k\audio/fold4/174841-1-0-0.wav,1,car_horn,4,"[1, 2, 1]"
60608-9-0-0,/tmp\sound_datasets\urbansound8k\audio/fold4/60608-9-0-0.wav,9,street_music,4,"[3, 7, 9]"
169466-4-3-14,/tmp\sound_datasets\urbansound8k\audio/fold4/169466-4-3-14.wav,4,drilling,4,"[2, 4, 4]"
128160-5-0-12,/tmp\sound_datasets\urbansound8k\audio/fold4/128160-5-0-12.wav,5,engine_idling,4,"[1, 2, 5]"
176638-5-0-0,/tmp\sound_datasets\urbansound8k\audio/fold4/176638-5-0-0.wav,5,engine_idling,4,"[1, 2, 5]"
24347-8-0-58,/tmp\sound_datasets\urbansound8k\audio/fold4/24347-8-0-58.wav,8,siren,4,"[1, 3, 8]"
24347-8-0-70,/tmp\sound_datasets\urbansound8k\audio/fold4/24347-8-0-70.wav,8,siren,4,"[1, 3, 8]"
24347-8-0-64,/tmp\sound_datasets\urbansound8k\audio/fold4/24347-8-0-64.wav,8,siren,4,"[1, 3, 8]"
24347-8-0-72,/tmp\sound_datasets\urbansound8k\audio/fold4/24347-8-0-72.wav,8,siren,4,"[1, 3, 8]"
135528-6-1-0,/tmp\sound_datasets\urbansound8k\audio/fold4/135528-6-1-0.wav,6,gun_shot,4,"[2, 6, 6]"
24347-8-0-66,/tmp\sound_datasets\urbansound8k\audio/fold4/24347-8-0-66.wav,8,siren,4,"[1, 3, 8]"
109711-3-1-0,/tmp\sound_datasets\urbansound8k\audio/fold4/109711-3-1-0.wav,3,dog_bark,4,"[0, 1, 3]"
22883-7-83-0,/tmp\sound_datasets\urbansound8k\audio/fold4/22883-7-83-0.wav,7,jackhammer,4,"[2, 4, 7]"
180977-3-1-0,/tmp\sound_datasets\urbansound8k\audio/fold4/180977-3-1-0.wav,3,dog_bark,4,"[0, 1, 3]"
176638-5-0-2,/tmp\sound_datasets\urbansound8k\audio/fold4/176638-5-0-2.wav,5,engine_idling,4,"[1, 2, 5]"
131428-9-1-8,/tmp\sound_datasets\urbansound8k\audio/fold4/131428-9-1-8.wav,9,street_music,4,"[3, 7, 9]"
128160-5-0-10,/tmp\sound_datasets\urbansound8k\audio/fold4/128160-5-0-10.wav,5,engine_idling,4,"[1, 2, 5]"
151005-4-3-1,/tmp\sound_datasets\urbansound8k\audio/fold4/151005-4-3-1.wav,4,drilling,4,"[2, 4, 4]"
34056-2-0-80,/tmp\sound_datasets\urbansound8k\audio/fold4/34056-2-0-80.wav,2,children_playing,4,"[0, 0, 2]"
85544-3-7-0,/tmp\sound_datasets\urbansound8k\audio/fold4/85544-3-7-0.wav,3,dog_bark,4,"[0, 1, 3]"
24347-8-0-99,/tmp\sound_datasets\urbansound8k\audio/fold4/24347-8-0-99.wav,8,siren,4,"[1, 3, 8]"
60608-9-0-2,/tmp\sound_datasets\urbansound8k\audio/fold4/60608-9-0-2.wav,9,street_music,4,"[3, 7, 9]"
146709-0-0-48,/tmp\sound_datasets\urbansound8k\audio/fold4/146709-0-0-48.wav,0,air_conditioner,4,"[2, 5, 0]"
174026-3-1-5,/tmp\sound_datasets\urbansound8k\audio/fold4/174026-3-1-5.wav,3,dog_bark,4,"[0, 1, 3]"
42954-9-0-2,/tmp\sound_datasets\urbansound8k\audio/fold4/42954-9-0-2.wav,9,street_music,4,"[3, 7, 9]"
63932-3-1-1,/tmp\sound_datasets\urbansound8k\audio/fold4/63932-3-1-1.wav,3,dog_bark,4,"[0, 1, 3]"
47019-2-0-73,/tmp\sound_datasets\urbansound8k\audio/fold4/47019-2-0-73.wav,2,children_playing,4,"[0, 0, 2]"
76585-9-0-57,/tmp\sound_datasets\urbansound8k\audio/fold4/76585-9-0-57.wav,9,street_music,4,"[3, 7, 9]"
144007-5-1-10,/tmp\sound_datasets\urbansound8k\audio/fold4/144007-5-1-10.wav,5,engine_idling,4,"[1, 2, 5]"
47926-3-3-0,/tmp\sound_datasets\urbansound8k\audio/fold4/47926-3-3-0.wav,3,dog_bark,4,"[0, 1, 3]"
81068-5-0-4,/tmp\sound_datasets\urbansound8k\audio/fold4/81068-5-0-4.wav,5,engine_idling,4,"[1, 2, 5]"
172338-9-0-1,/tmp\sound_datasets\urbansound8k\audio/fold4/172338-9-0-1.wav,9,street_music,4,"[3, 7, 9]"
187356-1-1-0,/tmp\sound_datasets\urbansound8k\audio/fold4/187356-1-1-0.wav,1,car_horn,4,"[1, 2, 1]"
16692-5-0-2,/tmp\sound_datasets\urbansound8k\audio/fold4/16692-5-0-2.wav,5,engine_idling,4,"[1, 2, 5]"
195969-0-0-24,/tmp\sound_datasets\urbansound8k\audio/fold4/195969-0-0-24.wav,0,air_conditioner,4,"[2, 5, 0]"
128607-4-0-1,/tmp\sound_datasets\urbansound8k\audio/fold4/128607-4-0-1.wav,4,drilling,4,"[2, 4, 4]"
195969-0-0-18,/tmp\sound_datasets\urbansound8k\audio/fold4/195969-0-0-18.wav,0,air_conditioner,4,"[2, 5, 0]"
35629-3-1-0,/tmp\sound_datasets\urbansound8k\audio/fold4/35629-3-1-0.wav,3,dog_bark,4,"[0, 1, 3]"
154758-5-0-18,/tmp\sound_datasets\urbansound8k\audio/fold4/154758-5-0-18.wav,5,engine_idling,4,"[1, 2, 5]"
171305-7-10-0,/tmp\sound_datasets\urbansound8k\audio/fold4/171305-7-10-0.wav,7,jackhammer,4,"[2, 4, 7]"
154758-5-0-19,/tmp\sound_datasets\urbansound8k\audio/fold4/154758-5-0-19.wav,5,engine_idling,4,"[1, 2, 5]"
206037-2-0-40,/tmp\sound_datasets\urbansound8k\audio/fold4/206037-2-0-40.wav,2,children_playing,4,"[0, 0, 2]"
55018-0-0-116,/tmp\sound_datasets\urbansound8k\audio/fold4/55018-0-0-116.wav,0,air_conditioner,4,"[2, 5, 0]"
55018-0-0-102,/tmp\sound_datasets\urbansound8k\audio/fold4/55018-0-0-102.wav,0,air_conditioner,4,"[2, 5, 0]"
179212-4-0-0,/tmp\sound_datasets\urbansound8k\audio/fold4/179212-4-0-0.wav,4,drilling,4,"[2, 4, 4]"
144351-4-3-12,/tmp\sound_datasets\urbansound8k\audio/fold4/144351-4-3-12.wav,4,drilling,4,"[2, 4, 4]"
195969-0-0-19,/tmp\sound_datasets\urbansound8k\audio/fold4/195969-0-0-19.wav,0,air_conditioner,4,"[2, 5, 0]"
156362-4-3-8,/tmp\sound_datasets\urbansound8k\audio/fold4/156362-4-3-8.wav,4,drilling,4,"[2, 4, 4]"
128607-4-0-0,/tmp\sound_datasets\urbansound8k\audio/fold4/128607-4-0-0.wav,4,drilling,4,"[2, 4, 4]"
192382-2-0-12,/tmp\sound_datasets\urbansound8k\audio/fold4/192382-2-0-12.wav,2,children_playing,4,"[0, 0, 2]"
195969-0-0-25,/tmp\sound_datasets\urbansound8k\audio/fold4/195969-0-0-25.wav,0,air_conditioner,4,"[2, 5, 0]"
132108-9-1-24,/tmp\sound_datasets\urbansound8k\audio/fold4/132108-9-1-24.wav,9,street_music,4,"[3, 7, 9]"
16692-5-0-3,/tmp\sound_datasets\urbansound8k\audio/fold4/16692-5-0-3.wav,5,engine_idling,4,"[1, 2, 5]"
177756-2-0-12,/tmp\sound_datasets\urbansound8k\audio/fold4/177756-2-0-12.wav,2,children_playing,4,"[0, 0, 2]"
81068-5-0-5,/tmp\sound_datasets\urbansound8k\audio/fold4/81068-5-0-5.wav,5,engine_idling,4,"[1, 2, 5]"
22883-7-67-0,/tmp\sound_datasets\urbansound8k\audio/fold4/22883-7-67-0.wav,7,jackhammer,4,"[2, 4, 7]"
175904-2-0-11,/tmp\sound_datasets\urbansound8k\audio/fold4/175904-2-0-11.wav,2,children_playing,4,"[0, 0, 2]"
144007-5-1-11,/tmp\sound_datasets\urbansound8k\audio/fold4/144007-5-1-11.wav,5,engine_idling,4,"[1, 2, 5]"
183989-3-1-23,/tmp\sound_datasets\urbansound8k\audio/fold4/183989-3-1-23.wav,3,dog_bark,4,"[0, 1, 3]"
151005-4-1-2,/tmp\sound_datasets\urbansound8k\audio/fold4/151005-4-1-2.wav,4,drilling,4,"[2, 4, 4]"
158608-8-0-10,/tmp\sound_datasets\urbansound8k\audio/fold4/158608-8-0-10.wav,8,siren,4,"[1, 3, 8]"
55018-0-0-248,/tmp\sound_datasets\urbansound8k\audio/fold4/55018-0-0-248.wav,0,air_conditioner,4,"[2, 5, 0]"
47019-2-0-66,/tmp\sound_datasets\urbansound8k\audio/fold4/47019-2-0-66.wav,2,children_playing,4,"[0, 0, 2]"
63932-3-1-0,/tmp\sound_datasets\urbansound8k\audio/fold4/63932-3-1-0.wav,3,dog_bark,4,"[0, 1, 3]"
24347-8-0-98,/tmp\sound_datasets\urbansound8k\audio/fold4/24347-8-0-98.wav,8,siren,4,"[1, 3, 8]"
60608-9-0-3,/tmp\sound_datasets\urbansound8k\audio/fold4/60608-9-0-3.wav,9,street_music,4,"[3, 7, 9]"
151005-4-3-0,/tmp\sound_datasets\urbansound8k\audio/fold4/151005-4-3-0.wav,4,drilling,4,"[2, 4, 4]"
128160-5-0-11,/tmp\sound_datasets\urbansound8k\audio/fold4/128160-5-0-11.wav,5,engine_idling,4,"[1, 2, 5]"
131428-9-1-9,/tmp\sound_datasets\urbansound8k\audio/fold4/131428-9-1-9.wav,9,street_music,4,"[3, 7, 9]"
180977-3-1-1,/tmp\sound_datasets\urbansound8k\audio/fold4/180977-3-1-1.wav,3,dog_bark,4,"[0, 1, 3]"
24347-8-0-67,/tmp\sound_datasets\urbansound8k\audio/fold4/24347-8-0-67.wav,8,siren,4,"[1, 3, 8]"
194458-9-1-122,/tmp\sound_datasets\urbansound8k\audio/fold4/194458-9-1-122.wav,9,street_music,4,"[3, 7, 9]"
34056-2-0-42,/tmp\sound_datasets\urbansound8k\audio/fold4/34056-2-0-42.wav,2,children_playing,4,"[0, 0, 2]"
24347-8-0-73,/tmp\sound_datasets\urbansound8k\audio/fold4/24347-8-0-73.wav,8,siren,4,"[1, 3, 8]"
24347-8-0-28,/tmp\sound_datasets\urbansound8k\audio/fold4/24347-8-0-28.wav,8,siren,4,"[1, 3, 8]"
148463-7-3-1,/tmp\sound_datasets\urbansound8k\audio/fold4/148463-7-3-1.wav,7,jackhammer,4,"[2, 4, 7]"
169466-4-2-2,/tmp\sound_datasets\urbansound8k\audio/fold4/169466-4-2-2.wav,4,drilling,4,"[2, 4, 4]"
7389-1-4-9,/tmp\sound_datasets\urbansound8k\audio/fold4/7389-1-4-9.wav,1,car_horn,4,"[1, 2, 1]"
158977-6-0-0,/tmp\sound_datasets\urbansound8k\audio/fold4/158977-6-0-0.wav,6,gun_shot,4,"[2, 6, 6]"
24347-8-0-14,/tmp\sound_datasets\urbansound8k\audio/fold4/24347-8-0-14.wav,8,siren,4,"[1, 3, 8]"
135528-6-6-0,/tmp\sound_datasets\urbansound8k\audio/fold4/135528-6-6-0.wav,6,gun_shot,4,"[2, 6, 6]"
132016-7-0-3,/tmp\sound_datasets\urbansound8k\audio/fold4/132016-7-0-3.wav,7,jackhammer,4,"[2, 4, 7]"
34931-3-0-0,/tmp\sound_datasets\urbansound8k\audio/fold4/34931-3-0-0.wav,3,dog_bark,4,"[0, 1, 3]"
146709-0-0-12,/tmp\sound_datasets\urbansound8k\audio/fold4/146709-0-0-12.wav,0,air_conditioner,4,"[2, 5, 0]"
128160-5-0-1,/tmp\sound_datasets\urbansound8k\audio/fold4/128160-5-0-1.wav,5,engine_idling,4,"[1, 2, 5]"
42954-9-0-22,/tmp\sound_datasets\urbansound8k\audio/fold4/42954-9-0-22.wav,9,street_music,4,"[3, 7, 9]"
135528-6-4-2,/tmp\sound_datasets\urbansound8k\audio/fold4/135528-6-4-2.wav,6,gun_shot,4,"[2, 6, 6]"
159751-8-0-6,/tmp\sound_datasets\urbansound8k\audio/fold4/159751-8-0-6.wav,8,siren,4,"[1, 3, 8]"
175904-2-0-76,/tmp\sound_datasets\urbansound8k\audio/fold4/175904-2-0-76.wav,2,children_playing,4,"[0, 0, 2]"
132108-9-1-1,/tmp\sound_datasets\urbansound8k\audio/fold4/132108-9-1-1.wav,9,street_music,4,"[3, 7, 9]"
166942-0-0-6,/tmp\sound_datasets\urbansound8k\audio/fold4/166942-0-0-6.wav,0,air_conditioner,4,"[2, 5, 0]"
17480-2-0-11,/tmp\sound_datasets\urbansound8k\audio/fold4/17480-2-0-11.wav,2,children_playing,4,"[0, 0, 2]"
158608-8-0-5,/tmp\sound_datasets\urbansound8k\audio/fold4/158608-8-0-5.wav,8,siren,4,"[1, 3, 8]"
109711-3-2-4,/tmp\sound_datasets\urbansound8k\audio/fold4/109711-3-2-4.wav,3,dog_bark,4,"[0, 1, 3]"
192382-2-0-8,/tmp\sound_datasets\urbansound8k\audio/fold4/192382-2-0-8.wav,2,children_playing,4,"[0, 0, 2]"
171305-7-8-0,/tmp\sound_datasets\urbansound8k\audio/fold4/171305-7-8-0.wav,7,jackhammer,4,"[2, 4, 7]"
169466-4-2-18,/tmp\sound_datasets\urbansound8k\audio/fold4/169466-4-2-18.wav,4,drilling,4,"[2, 4, 4]"
187356-1-6-0,/tmp\sound_datasets\urbansound8k\audio/fold4/187356-1-6-0.wav,1,car_horn,4,"[1, 2, 1]"
35549-9-0-14,/tmp\sound_datasets\urbansound8k\audio/fold4/35549-9-0-14.wav,9,street_music,4,"[3, 7, 9]"
159751-8-0-11,/tmp\sound_datasets\urbansound8k\audio/fold4/159751-8-0-11.wav,8,siren,4,"[1, 3, 8]"
17480-2-0-5,/tmp\sound_datasets\urbansound8k\audio/fold4/17480-2-0-5.wav,2,children_playing,4,"[0, 0, 2]"
35549-9-0-28,/tmp\sound_datasets\urbansound8k\audio/fold4/35549-9-0-28.wav,9,street_music,4,"[3, 7, 9]"
22883-7-44-0,/tmp\sound_datasets\urbansound8k\audio/fold4/22883-7-44-0.wav,7,jackhammer,4,"[2, 4, 7]"
154758-5-0-5,/tmp\sound_datasets\urbansound8k\audio/fold4/154758-5-0-5.wav,5,engine_idling,4,"[1, 2, 5]"
209864-5-0-0,/tmp\sound_datasets\urbansound8k\audio/fold4/209864-5-0-0.wav,5,engine_idling,4,"[1, 2, 5]"
171305-7-17-0,/tmp\sound_datasets\urbansound8k\audio/fold4/171305-7-17-0.wav,7,jackhammer,4,"[2, 4, 7]"
115415-9-0-0,/tmp\sound_datasets\urbansound8k\audio/fold4/115415-9-0-0.wav,9,street_music,4,"[3, 7, 9]"
165785-4-2-0,/tmp\sound_datasets\urbansound8k\audio/fold4/165785-4-2-0.wav,4,drilling,4,"[2, 4, 4]"
115415-9-0-1,/tmp\sound_datasets\urbansound8k\audio/fold4/115415-9-0-1.wav,9,street_music,4,"[3, 7, 9]"
20688-2-0-4,/tmp\sound_datasets\urbansound8k\audio/fold4/20688-2-0-4.wav,2,children_playing,4,"[0, 0, 2]"
76568-9-0-14,/tmp\sound_datasets\urbansound8k\audio/fold4/76568-9-0-14.wav,9,street_music,4,"[3, 7, 9]"
154758-5-0-4,/tmp\sound_datasets\urbansound8k\audio/fold4/154758-5-0-4.wav,5,engine_idling,4,"[1, 2, 5]"
209864-5-0-1,/tmp\sound_datasets\urbansound8k\audio/fold4/209864-5-0-1.wav,5,engine_idling,4,"[1, 2, 5]"
159751-8-0-10,/tmp\sound_datasets\urbansound8k\audio/fold4/159751-8-0-10.wav,8,siren,4,"[1, 3, 8]"
199929-4-0-0,/tmp\sound_datasets\urbansound8k\audio/fold4/199929-4-0-0.wav,4,drilling,4,"[2, 4, 4]"
192382-2-0-9,/tmp\sound_datasets\urbansound8k\audio/fold4/192382-2-0-9.wav,2,children_playing,4,"[0, 0, 2]"
171305-7-8-1,/tmp\sound_datasets\urbansound8k\audio/fold4/171305-7-8-1.wav,7,jackhammer,4,"[2, 4, 7]"
39968-9-0-69,/tmp\sound_datasets\urbansound8k\audio/fold4/39968-9-0-69.wav,9,street_music,4,"[3, 7, 9]"
121888-3-0-0,/tmp\sound_datasets\urbansound8k\audio/fold4/121888-3-0-0.wav,3,dog_bark,4,"[0, 1, 3]"
158608-8-0-4,/tmp\sound_datasets\urbansound8k\audio/fold4/158608-8-0-4.wav,8,siren,4,"[1, 3, 8]"
22883-7-18-0,/tmp\sound_datasets\urbansound8k\audio/fold4/22883-7-18-0.wav,7,jackhammer,4,"[2, 4, 7]"
166942-0-0-7,/tmp\sound_datasets\urbansound8k\audio/fold4/166942-0-0-7.wav,0,air_conditioner,4,"[2, 5, 0]"
159751-8-0-7,/tmp\sound_datasets\urbansound8k\audio/fold4/159751-8-0-7.wav,8,siren,4,"[1, 3, 8]"
195969-0-0-1,/tmp\sound_datasets\urbansound8k\audio/fold4/195969-0-0-1.wav,0,air_conditioner,4,"[2, 5, 0]"
128160-5-0-0,/tmp\sound_datasets\urbansound8k\audio/fold4/128160-5-0-0.wav,5,engine_idling,4,"[1, 2, 5]"
151877-5-1-0,/tmp\sound_datasets\urbansound8k\audio/fold4/151877-5-1-0.wav,5,engine_idling,4,"[1, 2, 5]"
171249-1-2-0,/tmp\sound_datasets\urbansound8k\audio/fold4/171249-1-2-0.wav,1,car_horn,4,"[1, 2, 1]"
132016-7-0-2,/tmp\sound_datasets\urbansound8k\audio/fold4/132016-7-0-2.wav,7,jackhammer,4,"[2, 4, 7]"
7389-1-4-8,/tmp\sound_datasets\urbansound8k\audio/fold4/7389-1-4-8.wav,1,car_horn,4,"[1, 2, 1]"
24347-8-0-15,/tmp\sound_datasets\urbansound8k\audio/fold4/24347-8-0-15.wav,8,siren,4,"[1, 3, 8]"
54173-2-0-28,/tmp\sound_datasets\urbansound8k\audio/fold4/54173-2-0-28.wav,2,children_playing,4,"[0, 0, 2]"
148463-7-3-0,/tmp\sound_datasets\urbansound8k\audio/fold4/148463-7-3-0.wav,7,jackhammer,4,"[2, 4, 7]"
24347-8-0-29,/tmp\sound_datasets\urbansound8k\audio/fold4/24347-8-0-29.wav,8,siren,4,"[1, 3, 8]"
148463-7-3-2,/tmp\sound_datasets\urbansound8k\audio/fold4/148463-7-3-2.wav,7,jackhammer,4,"[2, 4, 7]"
24347-8-0-17,/tmp\sound_datasets\urbansound8k\audio/fold4/24347-8-0-17.wav,8,siren,4,"[1, 3, 8]"
55018-0-0-26,/tmp\sound_datasets\urbansound8k\audio/fold4/55018-0-0-26.wav,0,air_conditioner,4,"[2, 5, 0]"
132016-7-0-0,/tmp\sound_datasets\urbansound8k\audio/fold4/132016-7-0-0.wav,7,jackhammer,4,"[2, 4, 7]"
146709-0-0-11,/tmp\sound_datasets\urbansound8k\audio/fold4/146709-0-0-11.wav,0,air_conditioner,4,"[2, 5, 0]"
128160-5-0-2,/tmp\sound_datasets\urbansound8k\audio/fold4/128160-5-0-2.wav,5,engine_idling,4,"[1, 2, 5]"
135528-6-4-1,/tmp\sound_datasets\urbansound8k\audio/fold4/135528-6-4-1.wav,6,gun_shot,4,"[2, 6, 6]"
76568-9-0-2,/tmp\sound_datasets\urbansound8k\audio/fold4/76568-9-0-2.wav,9,street_music,4,"[3, 7, 9]"
159751-8-0-5,/tmp\sound_datasets\urbansound8k\audio/fold4/159751-8-0-5.wav,8,siren,4,"[1, 3, 8]"
166942-0-0-5,/tmp\sound_datasets\urbansound8k\audio/fold4/166942-0-0-5.wav,0,air_conditioner,4,"[2, 5, 0]"
144007-5-1-9,/tmp\sound_datasets\urbansound8k\audio/fold4/144007-5-1-9.wav,5,engine_idling,4,"[1, 2, 5]"
171249-1-0-0,/tmp\sound_datasets\urbansound8k\audio/fold4/171249-1-0-0.wav,1,car_horn,4,"[1, 2, 1]"
158608-8-0-6,/tmp\sound_datasets\urbansound8k\audio/fold4/158608-8-0-6.wav,8,siren,4,"[1, 3, 8]"
39968-9-0-181,/tmp\sound_datasets\urbansound8k\audio/fold4/39968-9-0-181.wav,9,street_music,4,"[3, 7, 9]"
194458-9-0-2,/tmp\sound_datasets\urbansound8k\audio/fold4/194458-9-0-2.wav,9,street_music,4,"[3, 7, 9]"
17480-2-0-6,/tmp\sound_datasets\urbansound8k\audio/fold4/17480-2-0-6.wav,2,children_playing,4,"[0, 0, 2]"
159751-8-0-12,/tmp\sound_datasets\urbansound8k\audio/fold4/159751-8-0-12.wav,8,siren,4,"[1, 3, 8]"
174026-3-2-2,/tmp\sound_datasets\urbansound8k\audio/fold4/174026-3-2-2.wav,3,dog_bark,4,"[0, 1, 3]"
22883-7-27-0,/tmp\sound_datasets\urbansound8k\audio/fold4/22883-7-27-0.wav,7,jackhammer,4,"[2, 4, 7]"
22883-7-62-0,/tmp\sound_datasets\urbansound8k\audio/fold4/22883-7-62-0.wav,7,jackhammer,4,"[2, 4, 7]"
199929-4-2-0,/tmp\sound_datasets\urbansound8k\audio/fold4/199929-4-2-0.wav,4,drilling,4,"[2, 4, 4]"
209864-5-0-3,/tmp\sound_datasets\urbansound8k\audio/fold4/209864-5-0-3.wav,5,engine_idling,4,"[1, 2, 5]"
154758-5-0-6,/tmp\sound_datasets\urbansound8k\audio/fold4/154758-5-0-6.wav,5,engine_idling,4,"[1, 2, 5]"
172338-9-0-21,/tmp\sound_datasets\urbansound8k\audio/fold4/172338-9-0-21.wav,9,street_music,4,"[3, 7, 9]"
144007-5-0-21,/tmp\sound_datasets\urbansound8k\audio/fold4/144007-5-0-21.wav,5,engine_idling,4,"[1, 2, 5]"
187356-1-4-0,/tmp\sound_datasets\urbansound8k\audio/fold4/187356-1-4-0.wav,1,car_horn,4,"[1, 2, 1]"
172338-9-0-20,/tmp\sound_datasets\urbansound8k\audio/fold4/172338-9-0-20.wav,9,street_music,4,"[3, 7, 9]"
185709-0-0-8,/tmp\sound_datasets\urbansound8k\audio/fold4/185709-0-0-8.wav,0,air_conditioner,4,"[2, 5, 0]"
144007-5-0-20,/tmp\sound_datasets\urbansound8k\audio/fold4/144007-5-0-20.wav,5,engine_idling,4,"[1, 2, 5]"
209864-5-0-2,/tmp\sound_datasets\urbansound8k\audio/fold4/209864-5-0-2.wav,5,engine_idling,4,"[1, 2, 5]"
154758-5-0-7,/tmp\sound_datasets\urbansound8k\audio/fold4/154758-5-0-7.wav,5,engine_idling,4,"[1, 2, 5]"
206037-2-0-25,/tmp\sound_datasets\urbansound8k\audio/fold4/206037-2-0-25.wav,2,children_playing,4,"[0, 0, 2]"
159751-8-0-13,/tmp\sound_datasets\urbansound8k\audio/fold4/159751-8-0-13.wav,8,siren,4,"[1, 3, 8]"
165785-4-0-0,/tmp\sound_datasets\urbansound8k\audio/fold4/165785-4-0-0.wav,4,drilling,4,"[2, 4, 4]"
39968-9-0-81,/tmp\sound_datasets\urbansound8k\audio/fold4/39968-9-0-81.wav,9,street_music,4,"[3, 7, 9]"
171305-7-15-0,/tmp\sound_datasets\urbansound8k\audio/fold4/171305-7-15-0.wav,7,jackhammer,4,"[2, 4, 7]"
158608-8-0-7,/tmp\sound_datasets\urbansound8k\audio/fold4/158608-8-0-7.wav,8,siren,4,"[1, 3, 8]"
109711-3-2-6,/tmp\sound_datasets\urbansound8k\audio/fold4/109711-3-2-6.wav,3,dog_bark,4,"[0, 1, 3]"
144007-5-1-8,/tmp\sound_datasets\urbansound8k\audio/fold4/144007-5-1-8.wav,5,engine_idling,4,"[1, 2, 5]"
166942-0-0-4,/tmp\sound_datasets\urbansound8k\audio/fold4/166942-0-0-4.wav,0,air_conditioner,4,"[2, 5, 0]"
52441-3-0-0,/tmp\sound_datasets\urbansound8k\audio/fold4/52441-3-0-0.wav,3,dog_bark,4,"[0, 1, 3]"
159751-8-0-4,/tmp\sound_datasets\urbansound8k\audio/fold4/159751-8-0-4.wav,8,siren,4,"[1, 3, 8]"
42954-9-0-20,/tmp\sound_datasets\urbansound8k\audio/fold4/42954-9-0-20.wav,9,street_music,4,"[3, 7, 9]"
135528-6-4-0,/tmp\sound_datasets\urbansound8k\audio/fold4/135528-6-4-0.wav,6,gun_shot,4,"[2, 6, 6]"
128160-5-0-3,/tmp\sound_datasets\urbansound8k\audio/fold4/128160-5-0-3.wav,5,engine_idling,4,"[1, 2, 5]"
171305-7-28-0,/tmp\sound_datasets\urbansound8k\audio/fold4/171305-7-28-0.wav,7,jackhammer,4,"[2, 4, 7]"
195969-0-0-2,/tmp\sound_datasets\urbansound8k\audio/fold4/195969-0-0-2.wav,0,air_conditioner,4,"[2, 5, 0]"
81068-5-1-0,/tmp\sound_datasets\urbansound8k\audio/fold4/81068-5-1-0.wav,5,engine_idling,4,"[1, 2, 5]"
22883-7-86-0,/tmp\sound_datasets\urbansound8k\audio/fold4/22883-7-86-0.wav,7,jackhammer,4,"[2, 4, 7]"
132016-7-0-1,/tmp\sound_datasets\urbansound8k\audio/fold4/132016-7-0-1.wav,7,jackhammer,4,"[2, 4, 7]"
174032-2-0-4,/tmp\sound_datasets\urbansound8k\audio/fold4/174032-2-0-4.wav,2,children_playing,4,"[0, 0, 2]"
24347-8-0-16,/tmp\sound_datasets\urbansound8k\audio/fold4/24347-8-0-16.wav,8,siren,4,"[1, 3, 8]"
148463-7-3-3,/tmp\sound_datasets\urbansound8k\audio/fold4/148463-7-3-3.wav,7,jackhammer,4,"[2, 4, 7]"
62461-0-0-3,/tmp\sound_datasets\urbansound8k\audio/fold4/62461-0-0-3.wav,0,air_conditioner,4,"[2, 5, 0]"
24347-8-0-12,/tmp\sound_datasets\urbansound8k\audio/fold4/24347-8-0-12.wav,8,siren,4,"[1, 3, 8]"
148463-7-3-7,/tmp\sound_datasets\urbansound8k\audio/fold4/148463-7-3-7.wav,7,jackhammer,4,"[2, 4, 7]"
128607-4-1-1,/tmp\sound_datasets\urbansound8k\audio/fold4/128607-4-1-1.wav,4,drilling,4,"[2, 4, 4]"
169466-4-2-4,/tmp\sound_datasets\urbansound8k\audio/fold4/169466-4-2-4.wav,4,drilling,4,"[2, 4, 4]"
35629-3-0-0,/tmp\sound_datasets\urbansound8k\audio/fold4/35629-3-0-0.wav,3,dog_bark,4,"[0, 1, 3]"
165785-4-4-0,/tmp\sound_datasets\urbansound8k\audio/fold4/165785-4-4-0.wav,4,drilling,4,"[2, 4, 4]"
159752-8-0-8,/tmp\sound_datasets\urbansound8k\audio/fold4/159752-8-0-8.wav,8,siren,4,"[1, 3, 8]"
55018-0-0-37,/tmp\sound_datasets\urbansound8k\audio/fold4/55018-0-0-37.wav,0,air_conditioner,4,"[2, 5, 0]"
22883-7-99-3,/tmp\sound_datasets\urbansound8k\audio/fold4/22883-7-99-3.wav,7,jackhammer,4,"[2, 4, 7]"
132016-7-0-5,/tmp\sound_datasets\urbansound8k\audio/fold4/132016-7-0-5.wav,7,jackhammer,4,"[2, 4, 7]"
171305-7-11-0,/tmp\sound_datasets\urbansound8k\audio/fold4/171305-7-11-0.wav,7,jackhammer,4,"[2, 4, 7]"
47926-3-2-0,/tmp\sound_datasets\urbansound8k\audio/fold4/47926-3-2-0.wav,3,dog_bark,4,"[0, 1, 3]"
195969-0-0-6,/tmp\sound_datasets\urbansound8k\audio/fold4/195969-0-0-6.wav,0,air_conditioner,4,"[2, 5, 0]"
128160-5-0-7,/tmp\sound_datasets\urbansound8k\audio/fold4/128160-5-0-7.wav,5,engine_idling,4,"[1, 2, 5]"
42954-9-0-18,/tmp\sound_datasets\urbansound8k\audio/fold4/42954-9-0-18.wav,9,street_music,4,"[3, 7, 9]"
187356-1-0-0,/tmp\sound_datasets\urbansound8k\audio/fold4/187356-1-0-0.wav,1,car_horn,4,"[1, 2, 1]"
166942-0-0-0,/tmp\sound_datasets\urbansound8k\audio/fold4/166942-0-0-0.wav,0,air_conditioner,4,"[2, 5, 0]"
159751-8-0-0,/tmp\sound_datasets\urbansound8k\audio/fold4/159751-8-0-0.wav,8,siren,4,"[1, 3, 8]"
175904-2-0-64,/tmp\sound_datasets\urbansound8k\audio/fold4/175904-2-0-64.wav,2,children_playing,4,"[0, 0, 2]"
63932-3-0-1,/tmp\sound_datasets\urbansound8k\audio/fold4/63932-3-0-1.wav,3,dog_bark,4,"[0, 1, 3]"
158608-8-0-3,/tmp\sound_datasets\urbansound8k\audio/fold4/158608-8-0-3.wav,8,siren,4,"[1, 3, 8]"
151005-4-0-3,/tmp\sound_datasets\urbansound8k\audio/fold4/151005-4-0-3.wav,4,drilling,4,"[2, 4, 4]"
135528-6-0-0,/tmp\sound_datasets\urbansound8k\audio/fold4/135528-6-0-0.wav,6,gun_shot,4,"[2, 6, 6]"
41918-3-0-0,/tmp\sound_datasets\urbansound8k\audio/fold4/41918-3-0-0.wav,3,dog_bark,4,"[0, 1, 3]"
192382-2-0-67,/tmp\sound_datasets\urbansound8k\audio/fold4/192382-2-0-67.wav,2,children_playing,4,"[0, 0, 2]"
52441-3-0-13,/tmp\sound_datasets\urbansound8k\audio/fold4/52441-3-0-13.wav,3,dog_bark,4,"[0, 1, 3]"
159751-8-0-17,/tmp\sound_datasets\urbansound8k\audio/fold4/159751-8-0-17.wav,8,siren,4,"[1, 3, 8]"
173994-3-0-45,/tmp\sound_datasets\urbansound8k\audio/fold4/173994-3-0-45.wav,3,dog_bark,4,"[0, 1, 3]"
115415-9-0-6,/tmp\sound_datasets\urbansound8k\audio/fold4/115415-9-0-6.wav,9,street_music,4,"[3, 7, 9]"
55728-9-0-28,/tmp\sound_datasets\urbansound8k\audio/fold4/55728-9-0-28.wav,9,street_music,4,"[3, 7, 9]"
196072-2-0-0,/tmp\sound_datasets\urbansound8k\audio/fold4/196072-2-0-0.wav,2,children_playing,4,"[0, 0, 2]"
151005-4-2-1,/tmp\sound_datasets\urbansound8k\audio/fold4/151005-4-2-1.wav,4,drilling,4,"[2, 4, 4]"
76568-9-0-13,/tmp\sound_datasets\urbansound8k\audio/fold4/76568-9-0-13.wav,9,street_music,4,"[3, 7, 9]"
144007-5-0-18,/tmp\sound_datasets\urbansound8k\audio/fold4/144007-5-0-18.wav,5,engine_idling,4,"[1, 2, 5]"
55728-9-0-14,/tmp\sound_datasets\urbansound8k\audio/fold4/55728-9-0-14.wav,9,street_music,4,"[3, 7, 9]"
20688-2-0-3,/tmp\sound_datasets\urbansound8k\audio/fold4/20688-2-0-3.wav,2,children_playing,4,"[0, 0, 2]"
206037-2-0-21,/tmp\sound_datasets\urbansound8k\audio/fold4/206037-2-0-21.wav,2,children_playing,4,"[0, 0, 2]"
154758-5-0-3,/tmp\sound_datasets\urbansound8k\audio/fold4/154758-5-0-3.wav,5,engine_idling,4,"[1, 2, 5]"
85544-3-6-0,/tmp\sound_datasets\urbansound8k\audio/fold4/85544-3-6-0.wav,3,dog_bark,4,"[0, 1, 3]"
55018-0-0-162,/tmp\sound_datasets\urbansound8k\audio/fold4/55018-0-0-162.wav,0,air_conditioner,4,"[2, 5, 0]"
154758-5-0-2,/tmp\sound_datasets\urbansound8k\audio/fold4/154758-5-0-2.wav,5,engine_idling,4,"[1, 2, 5]"
20688-2-0-2,/tmp\sound_datasets\urbansound8k\audio/fold4/20688-2-0-2.wav,2,children_playing,4,"[0, 0, 2]"
144007-5-0-19,/tmp\sound_datasets\urbansound8k\audio/fold4/144007-5-0-19.wav,5,engine_idling,4,"[1, 2, 5]"
76568-9-0-12,/tmp\sound_datasets\urbansound8k\audio/fold4/76568-9-0-12.wav,9,street_music,4,"[3, 7, 9]"
151005-4-2-0,/tmp\sound_datasets\urbansound8k\audio/fold4/151005-4-2-0.wav,4,drilling,4,"[2, 4, 4]"
115415-9-0-7,/tmp\sound_datasets\urbansound8k\audio/fold4/115415-9-0-7.wav,9,street_music,4,"[3, 7, 9]"
159751-8-0-16,/tmp\sound_datasets\urbansound8k\audio/fold4/159751-8-0-16.wav,8,siren,4,"[1, 3, 8]"
173994-3-0-44,/tmp\sound_datasets\urbansound8k\audio/fold4/173994-3-0-44.wav,3,dog_bark,4,"[0, 1, 3]"
192382-2-0-66,/tmp\sound_datasets\urbansound8k\audio/fold4/192382-2-0-66.wav,2,children_playing,4,"[0, 0, 2]"
41918-3-0-1,/tmp\sound_datasets\urbansound8k\audio/fold4/41918-3-0-1.wav,3,dog_bark,4,"[0, 1, 3]"
151005-4-0-2,/tmp\sound_datasets\urbansound8k\audio/fold4/151005-4-0-2.wav,4,drilling,4,"[2, 4, 4]"
175846-1-0-0,/tmp\sound_datasets\urbansound8k\audio/fold4/175846-1-0-0.wav,1,car_horn,4,"[1, 2, 1]"
158608-8-0-2,/tmp\sound_datasets\urbansound8k\audio/fold4/158608-8-0-2.wav,8,siren,4,"[1, 3, 8]"
159751-8-0-1,/tmp\sound_datasets\urbansound8k\audio/fold4/159751-8-0-1.wav,8,siren,4,"[1, 3, 8]"
166942-0-0-1,/tmp\sound_datasets\urbansound8k\audio/fold4/166942-0-0-1.wav,0,air_conditioner,4,"[2, 5, 0]"
128160-5-0-6,/tmp\sound_datasets\urbansound8k\audio/fold4/128160-5-0-6.wav,5,engine_idling,4,"[1, 2, 5]"
195969-0-0-7,/tmp\sound_datasets\urbansound8k\audio/fold4/195969-0-0-7.wav,0,air_conditioner,4,"[2, 5, 0]"
169466-4-0-7,/tmp\sound_datasets\urbansound8k\audio/fold4/169466-4-0-7.wav,4,drilling,4,"[2, 4, 4]"
22883-7-23-0,/tmp\sound_datasets\urbansound8k\audio/fold4/22883-7-23-0.wav,7,jackhammer,4,"[2, 4, 7]"
132016-7-0-4,/tmp\sound_datasets\urbansound8k\audio/fold4/132016-7-0-4.wav,7,jackhammer,4,"[2, 4, 7]"
174032-2-0-1,/tmp\sound_datasets\urbansound8k\audio/fold4/174032-2-0-1.wav,2,children_playing,4,"[0, 0, 2]"
22883-7-99-2,/tmp\sound_datasets\urbansound8k\audio/fold4/22883-7-99-2.wav,7,jackhammer,4,"[2, 4, 7]"
159752-8-0-9,/tmp\sound_datasets\urbansound8k\audio/fold4/159752-8-0-9.wav,8,siren,4,"[1, 3, 8]"
128607-4-1-0,/tmp\sound_datasets\urbansound8k\audio/fold4/128607-4-1-0.wav,4,drilling,4,"[2, 4, 4]"
148463-7-3-6,/tmp\sound_datasets\urbansound8k\audio/fold4/148463-7-3-6.wav,7,jackhammer,4,"[2, 4, 7]"
157695-3-0-27,/tmp\sound_datasets\urbansound8k\audio/fold4/157695-3-0-27.wav,3,dog_bark,4,"[0, 1, 3]"
24347-8-0-13,/tmp\sound_datasets\urbansound8k\audio/fold4/24347-8-0-13.wav,8,siren,4,"[1, 3, 8]"
62461-0-0-2,/tmp\sound_datasets\urbansound8k\audio/fold4/62461-0-0-2.wav,0,air_conditioner,4,"[2, 5, 0]"
34056-2-0-22,/tmp\sound_datasets\urbansound8k\audio/fold4/34056-2-0-22.wav,2,children_playing,4,"[0, 0, 2]"
62461-0-0-0,/tmp\sound_datasets\urbansound8k\audio/fold4/62461-0-0-0.wav,0,air_conditioner,4,"[2, 5, 0]"
22883-7-21-0,/tmp\sound_datasets\urbansound8k\audio/fold4/22883-7-21-0.wav,7,jackhammer,4,"[2, 4, 7]"
24347-8-0-11,/tmp\sound_datasets\urbansound8k\audio/fold4/24347-8-0-11.wav,8,siren,4,"[1, 3, 8]"
22883-7-64-0,/tmp\sound_datasets\urbansound8k\audio/fold4/22883-7-64-0.wav,7,jackhammer,4,"[2, 4, 7]"
157695-3-0-19,/tmp\sound_datasets\urbansound8k\audio/fold4/157695-3-0-19.wav,3,dog_bark,4,"[0, 1, 3]"
148463-7-3-4,/tmp\sound_datasets\urbansound8k\audio/fold4/148463-7-3-4.wav,7,jackhammer,4,"[2, 4, 7]"
128607-4-1-2,/tmp\sound_datasets\urbansound8k\audio/fold4/128607-4-1-2.wav,4,drilling,4,"[2, 4, 4]"
24347-8-0-39,/tmp\sound_datasets\urbansound8k\audio/fold4/24347-8-0-39.wav,8,siren,4,"[1, 3, 8]"
146709-0-0-17,/tmp\sound_datasets\urbansound8k\audio/fold4/146709-0-0-17.wav,0,air_conditioner,4,"[2, 5, 0]"
132016-7-0-6,/tmp\sound_datasets\urbansound8k\audio/fold4/132016-7-0-6.wav,7,jackhammer,4,"[2, 4, 7]"
175904-2-0-98,/tmp\sound_datasets\urbansound8k\audio/fold4/175904-2-0-98.wav,2,children_playing,4,"[0, 0, 2]"
201207-3-13-0,/tmp\sound_datasets\urbansound8k\audio/fold4/201207-3-13-0.wav,3,dog_bark,4,"[0, 1, 3]"
132108-9-0-12,/tmp\sound_datasets\urbansound8k\audio/fold4/132108-9-0-12.wav,9,street_music,4,"[3, 7, 9]"
128160-5-0-4,/tmp\sound_datasets\urbansound8k\audio/fold4/128160-5-0-4.wav,5,engine_idling,4,"[1, 2, 5]"
195969-0-0-5,/tmp\sound_datasets\urbansound8k\audio/fold4/195969-0-0-5.wav,0,air_conditioner,4,"[2, 5, 0]"
166942-0-0-3,/tmp\sound_datasets\urbansound8k\audio/fold4/166942-0-0-3.wav,0,air_conditioner,4,"[2, 5, 0]"
159751-8-0-3,/tmp\sound_datasets\urbansound8k\audio/fold4/159751-8-0-3.wav,8,siren,4,"[1, 3, 8]"
158608-8-0-0,/tmp\sound_datasets\urbansound8k\audio/fold4/158608-8-0-0.wav,8,siren,4,"[1, 3, 8]"
39968-9-0-144,/tmp\sound_datasets\urbansound8k\audio/fold4/39968-9-0-144.wav,9,street_music,4,"[3, 7, 9]"
63932-3-0-2,/tmp\sound_datasets\urbansound8k\audio/fold4/63932-3-0-2.wav,3,dog_bark,4,"[0, 1, 3]"
151005-4-0-0,/tmp\sound_datasets\urbansound8k\audio/fold4/151005-4-0-0.wav,4,drilling,4,"[2, 4, 4]"
169466-4-2-21,/tmp\sound_datasets\urbansound8k\audio/fold4/169466-4-2-21.wav,4,drilling,4,"[2, 4, 4]"
159751-8-0-14,/tmp\sound_datasets\urbansound8k\audio/fold4/159751-8-0-14.wav,8,siren,4,"[1, 3, 8]"
55018-0-0-148,/tmp\sound_datasets\urbansound8k\audio/fold4/55018-0-0-148.wav,0,air_conditioner,4,"[2, 5, 0]"
115415-9-0-5,/tmp\sound_datasets\urbansound8k\audio/fold4/115415-9-0-5.wav,9,street_music,4,"[3, 7, 9]"
154758-5-0-0,/tmp\sound_datasets\urbansound8k\audio/fold4/154758-5-0-0.wav,5,engine_idling,4,"[1, 2, 5]"
206037-2-0-22,/tmp\sound_datasets\urbansound8k\audio/fold4/206037-2-0-22.wav,2,children_playing,4,"[0, 0, 2]"
76568-9-0-10,/tmp\sound_datasets\urbansound8k\audio/fold4/76568-9-0-10.wav,9,street_music,4,"[3, 7, 9]"
20688-2-0-0,/tmp\sound_datasets\urbansound8k\audio/fold4/20688-2-0-0.wav,2,children_playing,4,"[0, 0, 2]"
20688-2-0-1,/tmp\sound_datasets\urbansound8k\audio/fold4/20688-2-0-1.wav,2,children_playing,4,"[0, 0, 2]"
76568-9-0-11,/tmp\sound_datasets\urbansound8k\audio/fold4/76568-9-0-11.wav,9,street_music,4,"[3, 7, 9]"
154758-5-0-1,/tmp\sound_datasets\urbansound8k\audio/fold4/154758-5-0-1.wav,5,engine_idling,4,"[1, 2, 5]"
115415-9-0-4,/tmp\sound_datasets\urbansound8k\audio/fold4/115415-9-0-4.wav,9,street_music,4,"[3, 7, 9]"
159751-8-0-15,/tmp\sound_datasets\urbansound8k\audio/fold4/159751-8-0-15.wav,8,siren,4,"[1, 3, 8]"
176003-1-0-0,/tmp\sound_datasets\urbansound8k\audio/fold4/176003-1-0-0.wav,1,car_horn,4,"[1, 2, 1]"
151005-4-0-1,/tmp\sound_datasets\urbansound8k\audio/fold4/151005-4-0-1.wav,4,drilling,4,"[2, 4, 4]"
158608-8-0-1,/tmp\sound_datasets\urbansound8k\audio/fold4/158608-8-0-1.wav,8,siren,4,"[1, 3, 8]"
135528-6-2-0,/tmp\sound_datasets\urbansound8k\audio/fold4/135528-6-2-0.wav,6,gun_shot,4,"[2, 6, 6]"
159751-8-0-2,/tmp\sound_datasets\urbansound8k\audio/fold4/159751-8-0-2.wav,8,siren,4,"[1, 3, 8]"
171305-7-13-0,/tmp\sound_datasets\urbansound8k\audio/fold4/171305-7-13-0.wav,7,jackhammer,4,"[2, 4, 7]"
35629-3-2-0,/tmp\sound_datasets\urbansound8k\audio/fold4/35629-3-2-0.wav,3,dog_bark,4,"[0, 1, 3]"
166942-0-0-2,/tmp\sound_datasets\urbansound8k\audio/fold4/166942-0-0-2.wav,0,air_conditioner,4,"[2, 5, 0]"
195969-0-0-4,/tmp\sound_datasets\urbansound8k\audio/fold4/195969-0-0-4.wav,0,air_conditioner,4,"[2, 5, 0]"
128160-5-0-5,/tmp\sound_datasets\urbansound8k\audio/fold4/128160-5-0-5.wav,5,engine_idling,4,"[1, 2, 5]"
22883-7-40-0,/tmp\sound_datasets\urbansound8k\audio/fold4/22883-7-40-0.wav,7,jackhammer,4,"[2, 4, 7]"
159176-3-0-0,/tmp\sound_datasets\urbansound8k\audio/fold4/159176-3-0-0.wav,3,dog_bark,4,"[0, 1, 3]"
132016-7-0-7,/tmp\sound_datasets\urbansound8k\audio/fold4/132016-7-0-7.wav,7,jackhammer,4,"[2, 4, 7]"
187356-1-2-0,/tmp\sound_datasets\urbansound8k\audio/fold4/187356-1-2-0.wav,1,car_horn,4,"[1, 2, 1]"
169466-4-2-6,/tmp\sound_datasets\urbansound8k\audio/fold4/169466-4-2-6.wav,4,drilling,4,"[2, 4, 4]"
24347-8-0-38,/tmp\sound_datasets\urbansound8k\audio/fold4/24347-8-0-38.wav,8,siren,4,"[1, 3, 8]"
128607-4-1-3,/tmp\sound_datasets\urbansound8k\audio/fold4/128607-4-1-3.wav,4,drilling,4,"[2, 4, 4]"
148463-7-3-5,/tmp\sound_datasets\urbansound8k\audio/fold4/148463-7-3-5.wav,7,jackhammer,4,"[2, 4, 7]"
39968-9-0-227,/tmp\sound_datasets\urbansound8k\audio/fold4/39968-9-0-227.wav,9,street_music,4,"[3, 7, 9]"
24347-8-0-10,/tmp\sound_datasets\urbansound8k\audio/fold4/24347-8-0-10.wav,8,siren,4,"[1, 3, 8]"
62461-0-0-1,/tmp\sound_datasets\urbansound8k\audio/fold4/62461-0-0-1.wav,0,air_conditioner,4,"[2, 5, 0]"
47926-3-0-0,/tmp\sound_datasets\urbansound8k\audio/fold4/47926-3-0-0.wav,3,dog_bark,4,"[0, 1, 3]"
7389-1-4-0,/tmp\sound_datasets\urbansound8k\audio/fold4/7389-1-4-0.wav,1,car_horn,4,"[1, 2, 1]"
24347-8-0-35,/tmp\sound_datasets\urbansound8k\audio/fold4/24347-8-0-35.wav,8,siren,4,"[1, 3, 8]"
148463-7-3-8,/tmp\sound_datasets\urbansound8k\audio/fold4/148463-7-3-8.wav,7,jackhammer,4,"[2, 4, 7]"
24347-8-0-21,/tmp\sound_datasets\urbansound8k\audio/fold4/24347-8-0-21.wav,8,siren,4,"[1, 3, 8]"
159752-8-0-7,/tmp\sound_datasets\urbansound8k\audio/fold4/159752-8-0-7.wav,8,siren,4,"[1, 3, 8]"
146709-0-0-33,/tmp\sound_datasets\urbansound8k\audio/fold4/146709-0-0-33.wav,0,air_conditioner,4,"[2, 5, 0]"
61626-9-0-3,/tmp\sound_datasets\urbansound8k\audio/fold4/61626-9-0-3.wav,9,street_music,4,"[3, 7, 9]"
61790-9-1-20,/tmp\sound_datasets\urbansound8k\audio/fold4/61790-9-1-20.wav,9,street_music,4,"[3, 7, 9]"
195969-0-0-9,/tmp\sound_datasets\urbansound8k\audio/fold4/195969-0-0-9.wav,0,air_conditioner,4,"[2, 5, 0]"
128160-5-0-8,/tmp\sound_datasets\urbansound8k\audio/fold4/128160-5-0-8.wav,5,engine_idling,4,"[1, 2, 5]"
171305-7-0-0,/tmp\sound_datasets\urbansound8k\audio/fold4/171305-7-0-0.wav,7,jackhammer,4,"[2, 4, 7]"
76585-9-0-10,/tmp\sound_datasets\urbansound8k\audio/fold4/76585-9-0-10.wav,9,street_music,4,"[3, 7, 9]"
144007-5-1-3,/tmp\sound_datasets\urbansound8k\audio/fold4/144007-5-1-3.wav,5,engine_idling,4,"[1, 2, 5]"
76585-9-0-38,/tmp\sound_datasets\urbansound8k\audio/fold4/76585-9-0-38.wav,9,street_music,4,"[3, 7, 9]"
17480-2-0-24,/tmp\sound_datasets\urbansound8k\audio/fold4/17480-2-0-24.wav,2,children_playing,4,"[0, 0, 2]"
17480-2-0-30,/tmp\sound_datasets\urbansound8k\audio/fold4/17480-2-0-30.wav,2,children_playing,4,"[0, 0, 2]"
7389-1-0-4,/tmp\sound_datasets\urbansound8k\audio/fold4/7389-1-0-4.wav,1,car_horn,4,"[1, 2, 1]"
50661-5-0-2,/tmp\sound_datasets\urbansound8k\audio/fold4/50661-5-0-2.wav,5,engine_idling,4,"[1, 2, 5]"
148837-6-0-0,/tmp\sound_datasets\urbansound8k\audio/fold4/148837-6-0-0.wav,6,gun_shot,4,"[2, 6, 6]"
22883-7-36-2,/tmp\sound_datasets\urbansound8k\audio/fold4/22883-7-36-2.wav,7,jackhammer,4,"[2, 4, 7]"
344-3-1-0,/tmp\sound_datasets\urbansound8k\audio/fold4/344-3-1-0.wav,3,dog_bark,4,"[0, 1, 3]"
72829-3-0-1,/tmp\sound_datasets\urbansound8k\audio/fold4/72829-3-0-1.wav,3,dog_bark,4,"[0, 1, 3]"
74723-3-0-0,/tmp\sound_datasets\urbansound8k\audio/fold4/74723-3-0-0.wav,3,dog_bark,4,"[0, 1, 3]"
170564-2-1-32,/tmp\sound_datasets\urbansound8k\audio/fold4/170564-2-1-32.wav,2,children_playing,4,"[0, 0, 2]"
95404-3-0-0,/tmp\sound_datasets\urbansound8k\audio/fold4/95404-3-0-0.wav,3,dog_bark,4,"[0, 1, 3]"
22883-7-71-0,/tmp\sound_datasets\urbansound8k\audio/fold4/22883-7-71-0.wav,7,jackhammer,4,"[2, 4, 7]"
22883-7-34-0,/tmp\sound_datasets\urbansound8k\audio/fold4/22883-7-34-0.wav,7,jackhammer,4,"[2, 4, 7]"
159751-8-0-18,/tmp\sound_datasets\urbansound8k\audio/fold4/159751-8-0-18.wav,8,siren,4,"[1, 3, 8]"
185709-0-0-3,/tmp\sound_datasets\urbansound8k\audio/fold4/185709-0-0-3.wav,0,air_conditioner,4,"[2, 5, 0]"
135528-6-12-0,/tmp\sound_datasets\urbansound8k\audio/fold4/135528-6-12-0.wav,6,gun_shot,4,"[2, 6, 6]"
171305-7-22-0,/tmp\sound_datasets\urbansound8k\audio/fold4/171305-7-22-0.wav,7,jackhammer,4,"[2, 4, 7]"
144007-5-0-17,/tmp\sound_datasets\urbansound8k\audio/fold4/144007-5-0-17.wav,5,engine_idling,4,"[1, 2, 5]"
170564-2-0-0,/tmp\sound_datasets\urbansound8k\audio/fold4/170564-2-0-0.wav,2,children_playing,4,"[0, 0, 2]"
144007-5-0-16,/tmp\sound_datasets\urbansound8k\audio/fold4/144007-5-0-16.wav,5,engine_idling,4,"[1, 2, 5]"
144351-4-2-0,/tmp\sound_datasets\urbansound8k\audio/fold4/144351-4-2-0.wav,4,drilling,4,"[2, 4, 4]"
55018-0-0-145,/tmp\sound_datasets\urbansound8k\audio/fold4/55018-0-0-145.wav,0,air_conditioner,4,"[2, 5, 0]"
185709-0-0-2,/tmp\sound_datasets\urbansound8k\audio/fold4/185709-0-0-2.wav,0,air_conditioner,4,"[2, 5, 0]"
159751-8-0-19,/tmp\sound_datasets\urbansound8k\audio/fold4/159751-8-0-19.wav,8,siren,4,"[1, 3, 8]"
30832-3-7-0,/tmp\sound_datasets\urbansound8k\audio/fold4/30832-3-7-0.wav,3,dog_bark,4,"[0, 1, 3]"
7064-6-4-0,/tmp\sound_datasets\urbansound8k\audio/fold4/7064-6-4-0.wav,6,gun_shot,4,"[2, 6, 6]"
95404-3-0-1,/tmp\sound_datasets\urbansound8k\audio/fold4/95404-3-0-1.wav,3,dog_bark,4,"[0, 1, 3]"
72829-3-0-0,/tmp\sound_datasets\urbansound8k\audio/fold4/72829-3-0-0.wav,3,dog_bark,4,"[0, 1, 3]"
170564-2-1-27,/tmp\sound_datasets\urbansound8k\audio/fold4/170564-2-1-27.wav,2,children_playing,4,"[0, 0, 2]"
74723-3-0-1,/tmp\sound_datasets\urbansound8k\audio/fold4/74723-3-0-1.wav,3,dog_bark,4,"[0, 1, 3]"
144351-4-0-2,/tmp\sound_datasets\urbansound8k\audio/fold4/144351-4-0-2.wav,4,drilling,4,"[2, 4, 4]"
50661-5-0-3,/tmp\sound_datasets\urbansound8k\audio/fold4/50661-5-0-3.wav,5,engine_idling,4,"[1, 2, 5]"
7389-1-0-5,/tmp\sound_datasets\urbansound8k\audio/fold4/7389-1-0-5.wav,1,car_horn,4,"[1, 2, 1]"
22883-7-10-0,/tmp\sound_datasets\urbansound8k\audio/fold4/22883-7-10-0.wav,7,jackhammer,4,"[2, 4, 7]"
17480-2-0-25,/tmp\sound_datasets\urbansound8k\audio/fold4/17480-2-0-25.wav,2,children_playing,4,"[0, 0, 2]"
144007-5-1-2,/tmp\sound_datasets\urbansound8k\audio/fold4/144007-5-1-2.wav,5,engine_idling,4,"[1, 2, 5]"
128160-5-0-9,/tmp\sound_datasets\urbansound8k\audio/fold4/128160-5-0-9.wav,5,engine_idling,4,"[1, 2, 5]"
38231-3-3-0,/tmp\sound_datasets\urbansound8k\audio/fold4/38231-3-3-0.wav,3,dog_bark,4,"[0, 1, 3]"
169466-4-0-8,/tmp\sound_datasets\urbansound8k\audio/fold4/169466-4-0-8.wav,4,drilling,4,"[2, 4, 4]"
195969-0-0-8,/tmp\sound_datasets\urbansound8k\audio/fold4/195969-0-0-8.wav,0,air_conditioner,4,"[2, 5, 0]"
61626-9-0-2,/tmp\sound_datasets\urbansound8k\audio/fold4/61626-9-0-2.wav,9,street_music,4,"[3, 7, 9]"
146709-0-0-26,/tmp\sound_datasets\urbansound8k\audio/fold4/146709-0-0-26.wav,0,air_conditioner,4,"[2, 5, 0]"
159752-8-0-6,/tmp\sound_datasets\urbansound8k\audio/fold4/159752-8-0-6.wav,8,siren,4,"[1, 3, 8]"
24347-8-0-20,/tmp\sound_datasets\urbansound8k\audio/fold4/24347-8-0-20.wav,8,siren,4,"[1, 3, 8]"
162435-6-0-0,/tmp\sound_datasets\urbansound8k\audio/fold4/162435-6-0-0.wav,6,gun_shot,4,"[2, 6, 6]"
148463-7-3-9,/tmp\sound_datasets\urbansound8k\audio/fold4/148463-7-3-9.wav,7,jackhammer,4,"[2, 4, 7]"
54173-2-0-21,/tmp\sound_datasets\urbansound8k\audio/fold4/54173-2-0-21.wav,2,children_playing,4,"[0, 0, 2]"
24347-8-0-34,/tmp\sound_datasets\urbansound8k\audio/fold4/24347-8-0-34.wav,8,siren,4,"[1, 3, 8]"
7389-1-4-1,/tmp\sound_datasets\urbansound8k\audio/fold4/7389-1-4-1.wav,1,car_horn,4,"[1, 2, 1]"
7389-1-4-3,/tmp\sound_datasets\urbansound8k\audio/fold4/7389-1-4-3.wav,1,car_horn,4,"[1, 2, 1]"
24347-8-0-22,/tmp\sound_datasets\urbansound8k\audio/fold4/24347-8-0-22.wav,8,siren,4,"[1, 3, 8]"
24347-8-0-36,/tmp\sound_datasets\urbansound8k\audio/fold4/24347-8-0-36.wav,8,siren,4,"[1, 3, 8]"
169466-4-2-8,/tmp\sound_datasets\urbansound8k\audio/fold4/169466-4-2-8.wav,4,drilling,4,"[2, 4, 4]"
159752-8-0-4,/tmp\sound_datasets\urbansound8k\audio/fold4/159752-8-0-4.wav,8,siren,4,"[1, 3, 8]"
146709-0-0-18,/tmp\sound_datasets\urbansound8k\audio/fold4/146709-0-0-18.wav,0,air_conditioner,4,"[2, 5, 0]"
146709-0-0-30,/tmp\sound_datasets\urbansound8k\audio/fold4/146709-0-0-30.wav,0,air_conditioner,4,"[2, 5, 0]"
132108-9-0-21,/tmp\sound_datasets\urbansound8k\audio/fold4/132108-9-0-21.wav,9,street_music,4,"[3, 7, 9]"
54081-9-0-24,/tmp\sound_datasets\urbansound8k\audio/fold4/54081-9-0-24.wav,9,street_music,4,"[3, 7, 9]"
162435-6-2-0,/tmp\sound_datasets\urbansound8k\audio/fold4/162435-6-2-0.wav,6,gun_shot,4,"[2, 6, 6]"
144007-5-1-0,/tmp\sound_datasets\urbansound8k\audio/fold4/144007-5-1-0.wav,5,engine_idling,4,"[1, 2, 5]"
52441-3-0-8,/tmp\sound_datasets\urbansound8k\audio/fold4/52441-3-0-8.wav,3,dog_bark,4,"[0, 1, 3]"
22883-7-36-1,/tmp\sound_datasets\urbansound8k\audio/fold4/22883-7-36-1.wav,7,jackhammer,4,"[2, 4, 7]"
7389-1-0-7,/tmp\sound_datasets\urbansound8k\audio/fold4/7389-1-0-7.wav,1,car_horn,4,"[1, 2, 1]"
50661-5-0-1,/tmp\sound_datasets\urbansound8k\audio/fold4/50661-5-0-1.wav,5,engine_idling,4,"[1, 2, 5]"
72724-3-1-0,/tmp\sound_datasets\urbansound8k\audio/fold4/72724-3-1-0.wav,3,dog_bark,4,"[0, 1, 3]"
24632-6-1-0,/tmp\sound_datasets\urbansound8k\audio/fold4/24632-6-1-0.wav,6,gun_shot,4,"[2, 6, 6]"
144351-4-0-0,/tmp\sound_datasets\urbansound8k\audio/fold4/144351-4-0-0.wav,4,drilling,4,"[2, 4, 4]"
170564-2-1-31,/tmp\sound_datasets\urbansound8k\audio/fold4/170564-2-1-31.wav,2,children_playing,4,"[0, 0, 2]"
72829-3-0-2,/tmp\sound_datasets\urbansound8k\audio/fold4/72829-3-0-2.wav,3,dog_bark,4,"[0, 1, 3]"
187377-4-0-0,/tmp\sound_datasets\urbansound8k\audio/fold4/187377-4-0-0.wav,4,drilling,4,"[2, 4, 4]"
61790-9-1-1,/tmp\sound_datasets\urbansound8k\audio/fold4/61790-9-1-1.wav,9,street_music,4,"[3, 7, 9]"
76585-9-0-5,/tmp\sound_datasets\urbansound8k\audio/fold4/76585-9-0-5.wav,9,street_music,4,"[3, 7, 9]"
55728-9-0-30,/tmp\sound_datasets\urbansound8k\audio/fold4/55728-9-0-30.wav,9,street_music,4,"[3, 7, 9]"
185709-0-0-0,/tmp\sound_datasets\urbansound8k\audio/fold4/185709-0-0-0.wav,0,air_conditioner,4,"[2, 5, 0]"
144351-4-2-2,/tmp\sound_datasets\urbansound8k\audio/fold4/144351-4-2-2.wav,4,drilling,4,"[2, 4, 4]"
206037-2-0-11,/tmp\sound_datasets\urbansound8k\audio/fold4/206037-2-0-11.wav,2,children_playing,4,"[0, 0, 2]"
170564-2-0-3,/tmp\sound_datasets\urbansound8k\audio/fold4/170564-2-0-3.wav,2,children_playing,4,"[0, 0, 2]"
144007-5-0-14,/tmp\sound_datasets\urbansound8k\audio/fold4/144007-5-0-14.wav,5,engine_idling,4,"[1, 2, 5]"
144007-5-0-15,/tmp\sound_datasets\urbansound8k\audio/fold4/144007-5-0-15.wav,5,engine_idling,4,"[1, 2, 5]"
206037-2-0-38,/tmp\sound_datasets\urbansound8k\audio/fold4/206037-2-0-38.wav,2,children_playing,4,"[0, 0, 2]"
26256-3-5-22,/tmp\sound_datasets\urbansound8k\audio/fold4/26256-3-5-22.wav,3,dog_bark,4,"[0, 1, 3]"
185709-0-0-1,/tmp\sound_datasets\urbansound8k\audio/fold4/185709-0-0-1.wav,0,air_conditioner,4,"[2, 5, 0]"
55018-0-0-146,/tmp\sound_datasets\urbansound8k\audio/fold4/55018-0-0-146.wav,0,air_conditioner,4,"[2, 5, 0]"
35549-9-0-2,/tmp\sound_datasets\urbansound8k\audio/fold4/35549-9-0-2.wav,9,street_music,4,"[3, 7, 9]"
131428-9-0-5,/tmp\sound_datasets\urbansound8k\audio/fold4/131428-9-0-5.wav,9,street_music,4,"[3, 7, 9]"
148837-6-2-0,/tmp\sound_datasets\urbansound8k\audio/fold4/148837-6-2-0.wav,6,gun_shot,4,"[2, 6, 6]"
187377-4-0-1,/tmp\sound_datasets\urbansound8k\audio/fold4/187377-4-0-1.wav,4,drilling,4,"[2, 4, 4]"
74723-3-0-2,/tmp\sound_datasets\urbansound8k\audio/fold4/74723-3-0-2.wav,3,dog_bark,4,"[0, 1, 3]"
171305-7-20-0,/tmp\sound_datasets\urbansound8k\audio/fold4/171305-7-20-0.wav,7,jackhammer,4,"[2, 4, 7]"
135528-6-10-0,/tmp\sound_datasets\urbansound8k\audio/fold4/135528-6-10-0.wav,6,gun_shot,4,"[2, 6, 6]"
144351-4-0-1,/tmp\sound_datasets\urbansound8k\audio/fold4/144351-4-0-1.wav,4,drilling,4,"[2, 4, 4]"
30832-3-5-1,/tmp\sound_datasets\urbansound8k\audio/fold4/30832-3-5-1.wav,3,dog_bark,4,"[0, 1, 3]"
50661-5-0-0,/tmp\sound_datasets\urbansound8k\audio/fold4/50661-5-0-0.wav,5,engine_idling,4,"[1, 2, 5]"
7389-1-0-6,/tmp\sound_datasets\urbansound8k\audio/fold4/7389-1-0-6.wav,1,car_horn,4,"[1, 2, 1]"
22883-7-36-0,/tmp\sound_datasets\urbansound8k\audio/fold4/22883-7-36-0.wav,7,jackhammer,4,"[2, 4, 7]"
175904-2-0-41,/tmp\sound_datasets\urbansound8k\audio/fold4/175904-2-0-41.wav,2,children_playing,4,"[0, 0, 2]"
144007-5-1-1,/tmp\sound_datasets\urbansound8k\audio/fold4/144007-5-1-1.wav,5,engine_idling,4,"[1, 2, 5]"
146709-0-0-25,/tmp\sound_datasets\urbansound8k\audio/fold4/146709-0-0-25.wav,0,air_conditioner,4,"[2, 5, 0]"
132016-7-0-8,/tmp\sound_datasets\urbansound8k\audio/fold4/132016-7-0-8.wav,7,jackhammer,4,"[2, 4, 7]"
146709-0-0-19,/tmp\sound_datasets\urbansound8k\audio/fold4/146709-0-0-19.wav,0,air_conditioner,4,"[2, 5, 0]"
159752-8-0-5,/tmp\sound_datasets\urbansound8k\audio/fold4/159752-8-0-5.wav,8,siren,4,"[1, 3, 8]"
24347-8-0-37,/tmp\sound_datasets\urbansound8k\audio/fold4/24347-8-0-37.wav,8,siren,4,"[1, 3, 8]"
24347-8-0-23,/tmp\sound_datasets\urbansound8k\audio/fold4/24347-8-0-23.wav,8,siren,4,"[1, 3, 8]"
171305-7-2-0,/tmp\sound_datasets\urbansound8k\audio/fold4/171305-7-2-0.wav,7,jackhammer,4,"[2, 4, 7]"
23161-6-1-0,/tmp\sound_datasets\urbansound8k\audio/fold4/23161-6-1-0.wav,6,gun_shot,4,"[2, 6, 6]"
7389-1-4-2,/tmp\sound_datasets\urbansound8k\audio/fold4/7389-1-4-2.wav,1,car_horn,4,"[1, 2, 1]"
24347-8-0-27,/tmp\sound_datasets\urbansound8k\audio/fold4/24347-8-0-27.wav,8,siren,4,"[1, 3, 8]"
156362-4-2-0,/tmp\sound_datasets\urbansound8k\audio/fold4/156362-4-2-0.wav,4,drilling,4,"[2, 4, 4]"
54173-2-0-26,/tmp\sound_datasets\urbansound8k\audio/fold4/54173-2-0-26.wav,2,children_playing,4,"[0, 0, 2]"
24347-8-0-33,/tmp\sound_datasets\urbansound8k\audio/fold4/24347-8-0-33.wav,8,siren,4,"[1, 3, 8]"
7389-1-4-6,/tmp\sound_datasets\urbansound8k\audio/fold4/7389-1-4-6.wav,1,car_horn,4,"[1, 2, 1]"
22883-7-77-0,/tmp\sound_datasets\urbansound8k\audio/fold4/22883-7-77-0.wav,7,jackhammer,4,"[2, 4, 7]"
74725-3-0-1,/tmp\sound_datasets\urbansound8k\audio/fold4/74725-3-0-1.wav,3,dog_bark,4,"[0, 1, 3]"
171305-7-24-0,/tmp\sound_datasets\urbansound8k\audio/fold4/171305-7-24-0.wav,7,jackhammer,4,"[2, 4, 7]"
159752-8-0-1,/tmp\sound_datasets\urbansound8k\audio/fold4/159752-8-0-1.wav,8,siren,4,"[1, 3, 8]"
135528-6-8-0,/tmp\sound_datasets\urbansound8k\audio/fold4/135528-6-8-0.wav,6,gun_shot,4,"[2, 6, 6]"
68389-3-0-0,/tmp\sound_datasets\urbansound8k\audio/fold4/68389-3-0-0.wav,3,dog_bark,4,"[0, 1, 3]"
156362-4-0-2,/tmp\sound_datasets\urbansound8k\audio/fold4/156362-4-0-2.wav,4,drilling,4,"[2, 4, 4]"
159751-8-0-9,/tmp\sound_datasets\urbansound8k\audio/fold4/159751-8-0-9.wav,8,siren,4,"[1, 3, 8]"
169466-4-0-12,/tmp\sound_datasets\urbansound8k\audio/fold4/169466-4-0-12.wav,4,drilling,4,"[2, 4, 4]"
110621-7-0-0,/tmp\sound_datasets\urbansound8k\audio/fold4/110621-7-0-0.wav,7,jackhammer,4,"[2, 4, 7]"
144007-5-1-5,/tmp\sound_datasets\urbansound8k\audio/fold4/144007-5-1-5.wav,5,engine_idling,4,"[1, 2, 5]"
166942-0-0-9,/tmp\sound_datasets\urbansound8k\audio/fold4/166942-0-0-9.wav,0,air_conditioner,4,"[2, 5, 0]"
159752-8-2-3,/tmp\sound_datasets\urbansound8k\audio/fold4/159752-8-2-3.wav,8,siren,4,"[1, 3, 8]"
14110-4-0-0,/tmp\sound_datasets\urbansound8k\audio/fold4/14110-4-0-0.wav,4,drilling,4,"[2, 4, 4]"
171305-7-6-0,/tmp\sound_datasets\urbansound8k\audio/fold4/171305-7-6-0.wav,7,jackhammer,4,"[2, 4, 7]"
50661-5-0-4,/tmp\sound_datasets\urbansound8k\audio/fold4/50661-5-0-4.wav,5,engine_idling,4,"[1, 2, 5]"
7389-1-0-2,/tmp\sound_datasets\urbansound8k\audio/fold4/7389-1-0-2.wav,1,car_horn,4,"[1, 2, 1]"
170564-2-1-34,/tmp\sound_datasets\urbansound8k\audio/fold4/170564-2-1-34.wav,2,children_playing,4,"[0, 0, 2]"
159752-8-0-10,/tmp\sound_datasets\urbansound8k\audio/fold4/159752-8-0-10.wav,8,siren,4,"[1, 3, 8]"
169466-4-2-17,/tmp\sound_datasets\urbansound8k\audio/fold4/169466-4-2-17.wav,4,drilling,4,"[2, 4, 4]"
171305-7-19-0,/tmp\sound_datasets\urbansound8k\audio/fold4/171305-7-19-0.wav,7,jackhammer,4,"[2, 4, 7]"
7389-1-2-0,/tmp\sound_datasets\urbansound8k\audio/fold4/7389-1-2-0.wav,1,car_horn,4,"[1, 2, 1]"
185909-2-0-87,/tmp\sound_datasets\urbansound8k\audio/fold4/185909-2-0-87.wav,2,children_playing,4,"[0, 0, 2]"
144007-5-0-11,/tmp\sound_datasets\urbansound8k\audio/fold4/144007-5-0-11.wav,5,engine_idling,4,"[1, 2, 5]"
172338-9-0-39,/tmp\sound_datasets\urbansound8k\audio/fold4/172338-9-0-39.wav,9,street_music,4,"[3, 7, 9]"
35296-3-2-0,/tmp\sound_datasets\urbansound8k\audio/fold4/35296-3-2-0.wav,3,dog_bark,4,"[0, 1, 3]"
185709-0-0-5,/tmp\sound_datasets\urbansound8k\audio/fold4/185709-0-0-5.wav,0,air_conditioner,4,"[2, 5, 0]"
144351-4-2-6,/tmp\sound_datasets\urbansound8k\audio/fold4/144351-4-2-6.wav,4,drilling,4,"[2, 4, 4]"
185709-0-0-4,/tmp\sound_datasets\urbansound8k\audio/fold4/185709-0-0-4.wav,0,air_conditioner,4,"[2, 5, 0]"
55728-9-0-34,/tmp\sound_datasets\urbansound8k\audio/fold4/55728-9-0-34.wav,9,street_music,4,"[3, 7, 9]"
22883-7-29-2,/tmp\sound_datasets\urbansound8k\audio/fold4/22883-7-29-2.wav,7,jackhammer,4,"[2, 4, 7]"
185909-2-0-86,/tmp\sound_datasets\urbansound8k\audio/fold4/185909-2-0-86.wav,2,children_playing,4,"[0, 0, 2]"
144007-5-0-10,/tmp\sound_datasets\urbansound8k\audio/fold4/144007-5-0-10.wav,5,engine_idling,4,"[1, 2, 5]"
7389-1-2-1,/tmp\sound_datasets\urbansound8k\audio/fold4/7389-1-2-1.wav,1,car_horn,4,"[1, 2, 1]"
55018-0-0-194,/tmp\sound_datasets\urbansound8k\audio/fold4/55018-0-0-194.wav,0,air_conditioner,4,"[2, 5, 0]"
159752-8-0-11,/tmp\sound_datasets\urbansound8k\audio/fold4/159752-8-0-11.wav,8,siren,4,"[1, 3, 8]"
161010-1-1-0,/tmp\sound_datasets\urbansound8k\audio/fold4/161010-1-1-0.wav,1,car_horn,4,"[1, 2, 1]"
7389-1-0-3,/tmp\sound_datasets\urbansound8k\audio/fold4/7389-1-0-3.wav,1,car_horn,4,"[1, 2, 1]"
50661-5-0-5,/tmp\sound_datasets\urbansound8k\audio/fold4/50661-5-0-5.wav,5,engine_idling,4,"[1, 2, 5]"
39968-9-0-173,/tmp\sound_datasets\urbansound8k\audio/fold4/39968-9-0-173.wav,9,street_music,4,"[3, 7, 9]"
22883-7-93-0,/tmp\sound_datasets\urbansound8k\audio/fold4/22883-7-93-0.wav,7,jackhammer,4,"[2, 4, 7]"
14110-4-0-1,/tmp\sound_datasets\urbansound8k\audio/fold4/14110-4-0-1.wav,4,drilling,4,"[2, 4, 4]"
166942-0-0-8,/tmp\sound_datasets\urbansound8k\audio/fold4/166942-0-0-8.wav,0,air_conditioner,4,"[2, 5, 0]"
144007-5-1-4,/tmp\sound_datasets\urbansound8k\audio/fold4/144007-5-1-4.wav,5,engine_idling,4,"[1, 2, 5]"
159752-8-2-2,/tmp\sound_datasets\urbansound8k\audio/fold4/159752-8-2-2.wav,8,siren,4,"[1, 3, 8]"
7064-6-2-0,/tmp\sound_datasets\urbansound8k\audio/fold4/7064-6-2-0.wav,6,gun_shot,4,"[2, 6, 6]"
156868-8-1-0,/tmp\sound_datasets\urbansound8k\audio/fold4/156868-8-1-0.wav,8,siren,4,"[1, 3, 8]"
110621-7-0-1,/tmp\sound_datasets\urbansound8k\audio/fold4/110621-7-0-1.wav,7,jackhammer,4,"[2, 4, 7]"
55018-0-0-209,/tmp\sound_datasets\urbansound8k\audio/fold4/55018-0-0-209.wav,0,air_conditioner,4,"[2, 5, 0]"
159751-8-0-8,/tmp\sound_datasets\urbansound8k\audio/fold4/159751-8-0-8.wav,8,siren,4,"[1, 3, 8]"
22883-7-53-0,/tmp\sound_datasets\urbansound8k\audio/fold4/22883-7-53-0.wav,7,jackhammer,4,"[2, 4, 7]"
156362-4-0-3,/tmp\sound_datasets\urbansound8k\audio/fold4/156362-4-0-3.wav,4,drilling,4,"[2, 4, 4]"
159752-8-0-0,/tmp\sound_datasets\urbansound8k\audio/fold4/159752-8-0-0.wav,8,siren,4,"[1, 3, 8]"
146709-0-0-20,/tmp\sound_datasets\urbansound8k\audio/fold4/146709-0-0-20.wav,0,air_conditioner,4,"[2, 5, 0]"
26256-3-7-36,/tmp\sound_datasets\urbansound8k\audio/fold4/26256-3-7-36.wav,3,dog_bark,4,"[0, 1, 3]"
146709-0-0-34,/tmp\sound_datasets\urbansound8k\audio/fold4/146709-0-0-34.wav,0,air_conditioner,4,"[2, 5, 0]"
74725-3-0-0,/tmp\sound_datasets\urbansound8k\audio/fold4/74725-3-0-0.wav,3,dog_bark,4,"[0, 1, 3]"
7389-1-4-7,/tmp\sound_datasets\urbansound8k\audio/fold4/7389-1-4-7.wav,1,car_horn,4,"[1, 2, 1]"
156362-4-2-1,/tmp\sound_datasets\urbansound8k\audio/fold4/156362-4-2-1.wav,4,drilling,4,"[2, 4, 4]"
24347-8-0-32,/tmp\sound_datasets\urbansound8k\audio/fold4/24347-8-0-32.wav,8,siren,4,"[1, 3, 8]"
24347-8-0-26,/tmp\sound_datasets\urbansound8k\audio/fold4/24347-8-0-26.wav,8,siren,4,"[1, 3, 8]"
30832-3-1-0,/tmp\sound_datasets\urbansound8k\audio/fold4/30832-3-1-0.wav,3,dog_bark,4,"[0, 1, 3]"
24347-8-0-30,/tmp\sound_datasets\urbansound8k\audio/fold4/24347-8-0-30.wav,8,siren,4,"[1, 3, 8]"
24347-8-0-24,/tmp\sound_datasets\urbansound8k\audio/fold4/24347-8-0-24.wav,8,siren,4,"[1, 3, 8]"
22883-7-51-0,/tmp\sound_datasets\urbansound8k\audio/fold4/22883-7-51-0.wav,7,jackhammer,4,"[2, 4, 7]"
7389-1-4-5,/tmp\sound_datasets\urbansound8k\audio/fold4/7389-1-4-5.wav,1,car_horn,4,"[1, 2, 1]"
196080-2-0-0,/tmp\sound_datasets\urbansound8k\audio/fold4/196080-2-0-0.wav,2,children_playing,4,"[0, 0, 2]"
24347-8-0-18,/tmp\sound_datasets\urbansound8k\audio/fold4/24347-8-0-18.wav,8,siren,4,"[1, 3, 8]"
7064-6-0-0,/tmp\sound_datasets\urbansound8k\audio/fold4/7064-6-0-0.wav,6,gun_shot,4,"[2, 6, 6]"
156868-8-3-0,/tmp\sound_datasets\urbansound8k\audio/fold4/156868-8-3-0.wav,8,siren,4,"[1, 3, 8]"
146709-0-0-22,/tmp\sound_datasets\urbansound8k\audio/fold4/146709-0-0-22.wav,0,air_conditioner,4,"[2, 5, 0]"
61626-9-0-6,/tmp\sound_datasets\urbansound8k\audio/fold4/61626-9-0-6.wav,9,street_music,4,"[3, 7, 9]"
159752-8-0-2,/tmp\sound_datasets\urbansound8k\audio/fold4/159752-8-0-2.wav,8,siren,4,"[1, 3, 8]"
156362-4-0-1,/tmp\sound_datasets\urbansound8k\audio/fold4/156362-4-0-1.wav,4,drilling,4,"[2, 4, 4]"
42954-9-0-12,/tmp\sound_datasets\urbansound8k\audio/fold4/42954-9-0-12.wav,9,street_music,4,"[3, 7, 9]"
110621-7-0-3,/tmp\sound_datasets\urbansound8k\audio/fold4/110621-7-0-3.wav,7,jackhammer,4,"[2, 4, 7]"
17480-2-0-35,/tmp\sound_datasets\urbansound8k\audio/fold4/17480-2-0-35.wav,2,children_playing,4,"[0, 0, 2]"
159752-8-2-0,/tmp\sound_datasets\urbansound8k\audio/fold4/159752-8-2-0.wav,8,siren,4,"[1, 3, 8]"
144007-5-1-6,/tmp\sound_datasets\urbansound8k\audio/fold4/144007-5-1-6.wav,5,engine_idling,4,"[1, 2, 5]"
156897-6-0-0,/tmp\sound_datasets\urbansound8k\audio/fold4/156897-6-0-0.wav,6,gun_shot,4,"[2, 6, 6]"
158608-8-0-9,/tmp\sound_datasets\urbansound8k\audio/fold4/158608-8-0-9.wav,8,siren,4,"[1, 3, 8]"
7389-1-0-1,/tmp\sound_datasets\urbansound8k\audio/fold4/7389-1-0-1.wav,1,car_horn,4,"[1, 2, 1]"
95404-3-0-5,/tmp\sound_datasets\urbansound8k\audio/fold4/95404-3-0-5.wav,3,dog_bark,4,"[0, 1, 3]"
17480-2-0-9,/tmp\sound_datasets\urbansound8k\audio/fold4/17480-2-0-9.wav,2,children_playing,4,"[0, 0, 2]"
22883-7-91-0,/tmp\sound_datasets\urbansound8k\audio/fold4/22883-7-91-0.wav,7,jackhammer,4,"[2, 4, 7]"
7389-1-2-3,/tmp\sound_datasets\urbansound8k\audio/fold4/7389-1-2-3.wav,1,car_horn,4,"[1, 2, 1]"
159751-8-0-21,/tmp\sound_datasets\urbansound8k\audio/fold4/159751-8-0-21.wav,8,siren,4,"[1, 3, 8]"
144007-5-0-12,/tmp\sound_datasets\urbansound8k\audio/fold4/144007-5-0-12.wav,5,engine_idling,4,"[1, 2, 5]"
154758-5-0-9,/tmp\sound_datasets\urbansound8k\audio/fold4/154758-5-0-9.wav,5,engine_idling,4,"[1, 2, 5]"
161010-1-3-0,/tmp\sound_datasets\urbansound8k\audio/fold4/161010-1-3-0.wav,1,car_horn,4,"[1, 2, 1]"
185709-0-0-6,/tmp\sound_datasets\urbansound8k\audio/fold4/185709-0-0-6.wav,0,air_conditioner,4,"[2, 5, 0]"
144351-4-2-4,/tmp\sound_datasets\urbansound8k\audio/fold4/144351-4-2-4.wav,4,drilling,4,"[2, 4, 4]"
185709-0-0-7,/tmp\sound_datasets\urbansound8k\audio/fold4/185709-0-0-7.wav,0,air_conditioner,4,"[2, 5, 0]"
144351-4-2-5,/tmp\sound_datasets\urbansound8k\audio/fold4/144351-4-2-5.wav,4,drilling,4,"[2, 4, 4]"
154758-5-0-8,/tmp\sound_datasets\urbansound8k\audio/fold4/154758-5-0-8.wav,5,engine_idling,4,"[1, 2, 5]"
94020-8-0-0,/tmp\sound_datasets\urbansound8k\audio/fold4/94020-8-0-0.wav,8,siren,4,"[1, 3, 8]"
117536-1-0-0,/tmp\sound_datasets\urbansound8k\audio/fold4/117536-1-0-0.wav,1,car_horn,4,"[1, 2, 1]"
144007-5-0-13,/tmp\sound_datasets\urbansound8k\audio/fold4/144007-5-0-13.wav,5,engine_idling,4,"[1, 2, 5]"
159751-8-0-20,/tmp\sound_datasets\urbansound8k\audio/fold4/159751-8-0-20.wav,8,siren,4,"[1, 3, 8]"
7389-1-2-2,/tmp\sound_datasets\urbansound8k\audio/fold4/7389-1-2-2.wav,1,car_horn,4,"[1, 2, 1]"
131428-9-0-3,/tmp\sound_datasets\urbansound8k\audio/fold4/131428-9-0-3.wav,9,street_music,4,"[3, 7, 9]"
171305-7-4-0,/tmp\sound_datasets\urbansound8k\audio/fold4/171305-7-4-0.wav,7,jackhammer,4,"[2, 4, 7]"
35296-3-0-0,/tmp\sound_datasets\urbansound8k\audio/fold4/35296-3-0-0.wav,3,dog_bark,4,"[0, 1, 3]"
22883-7-48-0,/tmp\sound_datasets\urbansound8k\audio/fold4/22883-7-48-0.wav,7,jackhammer,4,"[2, 4, 7]"
95404-3-0-4,/tmp\sound_datasets\urbansound8k\audio/fold4/95404-3-0-4.wav,3,dog_bark,4,"[0, 1, 3]"
170564-2-1-22,/tmp\sound_datasets\urbansound8k\audio/fold4/170564-2-1-22.wav,2,children_playing,4,"[0, 0, 2]"
159752-8-0-12,/tmp\sound_datasets\urbansound8k\audio/fold4/159752-8-0-12.wav,8,siren,4,"[1, 3, 8]"
7389-1-0-0,/tmp\sound_datasets\urbansound8k\audio/fold4/7389-1-0-0.wav,1,car_horn,4,"[1, 2, 1]"
14110-4-0-2,/tmp\sound_datasets\urbansound8k\audio/fold4/14110-4-0-2.wav,4,drilling,4,"[2, 4, 4]"
185909-2-0-116,/tmp\sound_datasets\urbansound8k\audio/fold4/185909-2-0-116.wav,2,children_playing,4,"[0, 0, 2]"
158608-8-0-8,/tmp\sound_datasets\urbansound8k\audio/fold4/158608-8-0-8.wav,8,siren,4,"[1, 3, 8]"
185909-2-0-102,/tmp\sound_datasets\urbansound8k\audio/fold4/185909-2-0-102.wav,2,children_playing,4,"[0, 0, 2]"
159752-8-2-1,/tmp\sound_datasets\urbansound8k\audio/fold4/159752-8-2-1.wav,8,siren,4,"[1, 3, 8]"
44278-1-1-0,/tmp\sound_datasets\urbansound8k\audio/fold4/44278-1-1-0.wav,1,car_horn,4,"[1, 2, 1]"
144007-5-1-7,/tmp\sound_datasets\urbansound8k\audio/fold4/144007-5-1-7.wav,5,engine_idling,4,"[1, 2, 5]"
68389-3-2-0,/tmp\sound_datasets\urbansound8k\audio/fold4/68389-3-2-0.wav,3,dog_bark,4,"[0, 1, 3]"
22883-7-100-0,/tmp\sound_datasets\urbansound8k\audio/fold4/22883-7-100-0.wav,7,jackhammer,4,"[2, 4, 7]"
171305-7-26-0,/tmp\sound_datasets\urbansound8k\audio/fold4/171305-7-26-0.wav,7,jackhammer,4,"[2, 4, 7]"
110621-7-0-2,/tmp\sound_datasets\urbansound8k\audio/fold4/110621-7-0-2.wav,7,jackhammer,4,"[2, 4, 7]"
156362-4-0-0,/tmp\sound_datasets\urbansound8k\audio/fold4/156362-4-0-0.wav,4,drilling,4,"[2, 4, 4]"
159752-8-0-3,/tmp\sound_datasets\urbansound8k\audio/fold4/159752-8-0-3.wav,8,siren,4,"[1, 3, 8]"
344-3-5-0,/tmp\sound_datasets\urbansound8k\audio/fold4/344-3-5-0.wav,3,dog_bark,4,"[0, 1, 3]"
61626-9-0-7,/tmp\sound_datasets\urbansound8k\audio/fold4/61626-9-0-7.wav,9,street_music,4,"[3, 7, 9]"
146709-0-0-37,/tmp\sound_datasets\urbansound8k\audio/fold4/146709-0-0-37.wav,0,air_conditioner,4,"[2, 5, 0]"
7389-1-4-4,/tmp\sound_datasets\urbansound8k\audio/fold4/7389-1-4-4.wav,1,car_horn,4,"[1, 2, 1]"
24347-8-0-19,/tmp\sound_datasets\urbansound8k\audio/fold4/24347-8-0-19.wav,8,siren,4,"[1, 3, 8]"
54173-2-0-18,/tmp\sound_datasets\urbansound8k\audio/fold4/54173-2-0-18.wav,2,children_playing,4,"[0, 0, 2]"
24347-8-0-25,/tmp\sound_datasets\urbansound8k\audio/fold4/24347-8-0-25.wav,8,siren,4,"[1, 3, 8]"
24347-8-0-31,/tmp\sound_datasets\urbansound8k\audio/fold4/24347-8-0-31.wav,8,siren,4,"[1, 3, 8]"
22883-7-35-3,/tmp\sound_datasets\urbansound8k\audio/fold4/22883-7-35-3.wav,7,jackhammer,4,"[2, 4, 7]"
7389-1-3-5,/tmp\sound_datasets\urbansound8k\audio/fold4/7389-1-3-5.wav,1,car_horn,4,"[1, 2, 1]"
24347-8-0-56,/tmp\sound_datasets\urbansound8k\audio/fold4/24347-8-0-56.wav,8,siren,4,"[1, 3, 8]"
166942-0-0-12,/tmp\sound_datasets\urbansound8k\audio/fold4/166942-0-0-12.wav,0,air_conditioner,4,"[2, 5, 0]"
22883-7-7-0,/tmp\sound_datasets\urbansound8k\audio/fold4/22883-7-7-0.wav,7,jackhammer,4,"[2, 4, 7]"
24347-8-0-42,/tmp\sound_datasets\urbansound8k\audio/fold4/24347-8-0-42.wav,8,siren,4,"[1, 3, 8]"
202517-0-0-0,/tmp\sound_datasets\urbansound8k\audio/fold4/202517-0-0-0.wav,0,air_conditioner,4,"[2, 5, 0]"
144351-4-3-2,/tmp\sound_datasets\urbansound8k\audio/fold4/144351-4-3-2.wav,4,drilling,4,"[2, 4, 4]"
29722-4-0-0,/tmp\sound_datasets\urbansound8k\audio/fold4/29722-4-0-0.wav,4,drilling,4,"[2, 4, 4]"
24347-8-0-95,/tmp\sound_datasets\urbansound8k\audio/fold4/24347-8-0-95.wav,8,siren,4,"[1, 3, 8]"
156868-8-4-0,/tmp\sound_datasets\urbansound8k\audio/fold4/156868-8-4-0.wav,8,siren,4,"[1, 3, 8]"
146709-0-0-44,/tmp\sound_datasets\urbansound8k\audio/fold4/146709-0-0-44.wav,0,air_conditioner,4,"[2, 5, 0]"
174032-2-0-11,/tmp\sound_datasets\urbansound8k\audio/fold4/174032-2-0-11.wav,2,children_playing,4,"[0, 0, 2]"
24347-8-0-81,/tmp\sound_datasets\urbansound8k\audio/fold4/24347-8-0-81.wav,8,siren,4,"[1, 3, 8]"
201207-3-21-0,/tmp\sound_datasets\urbansound8k\audio/fold4/201207-3-21-0.wav,3,dog_bark,4,"[0, 1, 3]"
24632-6-0-0,/tmp\sound_datasets\urbansound8k\audio/fold4/24632-6-0-0.wav,6,gun_shot,4,"[2, 6, 6]"
157695-3-0-8,/tmp\sound_datasets\urbansound8k\audio/fold4/157695-3-0-8.wav,3,dog_bark,4,"[0, 1, 3]"
7389-1-4-13,/tmp\sound_datasets\urbansound8k\audio/fold4/7389-1-4-13.wav,1,car_horn,4,"[1, 2, 1]"
54081-9-0-87,/tmp\sound_datasets\urbansound8k\audio/fold4/54081-9-0-87.wav,9,street_music,4,"[3, 7, 9]"
54081-9-0-93,/tmp\sound_datasets\urbansound8k\audio/fold4/54081-9-0-93.wav,9,street_music,4,"[3, 7, 9]"
22883-7-17-4,/tmp\sound_datasets\urbansound8k\audio/fold4/22883-7-17-4.wav,7,jackhammer,4,"[2, 4, 7]"
116484-3-0-8,/tmp\sound_datasets\urbansound8k\audio/fold4/116484-3-0-8.wav,3,dog_bark,4,"[0, 1, 3]"
162435-6-3-0,/tmp\sound_datasets\urbansound8k\audio/fold4/162435-6-3-0.wav,6,gun_shot,4,"[2, 6, 6]"
55728-9-0-8,/tmp\sound_datasets\urbansound8k\audio/fold4/55728-9-0-8.wav,9,street_music,4,"[3, 7, 9]"
144007-5-0-0,/tmp\sound_datasets\urbansound8k\audio/fold4/144007-5-0-0.wav,5,engine_idling,4,"[1, 2, 5]"
195969-0-0-28,/tmp\sound_datasets\urbansound8k\audio/fold4/195969-0-0-28.wav,0,air_conditioner,4,"[2, 5, 0]"
195969-0-0-14,/tmp\sound_datasets\urbansound8k\audio/fold4/195969-0-0-14.wav,0,air_conditioner,4,"[2, 5, 0]"
169466-4-3-8,/tmp\sound_datasets\urbansound8k\audio/fold4/169466-4-3-8.wav,4,drilling,4,"[2, 4, 4]"
156362-4-3-5,/tmp\sound_datasets\urbansound8k\audio/fold4/156362-4-3-5.wav,4,drilling,4,"[2, 4, 4]"
38231-3-0-0,/tmp\sound_datasets\urbansound8k\audio/fold4/38231-3-0-0.wav,3,dog_bark,4,"[0, 1, 3]"
154758-5-0-14,/tmp\sound_datasets\urbansound8k\audio/fold4/154758-5-0-14.wav,5,engine_idling,4,"[1, 2, 5]"
24347-8-0-6,/tmp\sound_datasets\urbansound8k\audio/fold4/24347-8-0-6.wav,8,siren,4,"[1, 3, 8]"
154758-5-0-15,/tmp\sound_datasets\urbansound8k\audio/fold4/154758-5-0-15.wav,5,engine_idling,4,"[1, 2, 5]"
24347-8-0-7,/tmp\sound_datasets\urbansound8k\audio/fold4/24347-8-0-7.wav,8,siren,4,"[1, 3, 8]"
34056-2-0-2,/tmp\sound_datasets\urbansound8k\audio/fold4/34056-2-0-2.wav,2,children_playing,4,"[0, 0, 2]"
156362-4-3-4,/tmp\sound_datasets\urbansound8k\audio/fold4/156362-4-3-4.wav,4,drilling,4,"[2, 4, 4]"
169466-4-3-9,/tmp\sound_datasets\urbansound8k\audio/fold4/169466-4-3-9.wav,4,drilling,4,"[2, 4, 4]"
185909-2-0-34,/tmp\sound_datasets\urbansound8k\audio/fold4/185909-2-0-34.wav,2,children_playing,4,"[0, 0, 2]"
137971-2-0-6,/tmp\sound_datasets\urbansound8k\audio/fold4/137971-2-0-6.wav,2,children_playing,4,"[0, 0, 2]"
195969-0-0-15,/tmp\sound_datasets\urbansound8k\audio/fold4/195969-0-0-15.wav,0,air_conditioner,4,"[2, 5, 0]"
171305-7-3-0,/tmp\sound_datasets\urbansound8k\audio/fold4/171305-7-3-0.wav,7,jackhammer,4,"[2, 4, 7]"
61790-9-0-16,/tmp\sound_datasets\urbansound8k\audio/fold4/61790-9-0-16.wav,9,street_music,4,"[3, 7, 9]"
173994-3-0-14,/tmp\sound_datasets\urbansound8k\audio/fold4/173994-3-0-14.wav,3,dog_bark,4,"[0, 1, 3]"
23161-6-0-0,/tmp\sound_datasets\urbansound8k\audio/fold4/23161-6-0-0.wav,6,gun_shot,4,"[2, 6, 6]"
192382-2-0-36,/tmp\sound_datasets\urbansound8k\audio/fold4/192382-2-0-36.wav,2,children_playing,4,"[0, 0, 2]"
159753-8-0-6,/tmp\sound_datasets\urbansound8k\audio/fold4/159753-8-0-6.wav,8,siren,4,"[1, 3, 8]"
144007-5-0-1,/tmp\sound_datasets\urbansound8k\audio/fold4/144007-5-0-1.wav,5,engine_idling,4,"[1, 2, 5]"
22883-7-17-5,/tmp\sound_datasets\urbansound8k\audio/fold4/22883-7-17-5.wav,7,jackhammer,4,"[2, 4, 7]"
171305-7-21-0,/tmp\sound_datasets\urbansound8k\audio/fold4/171305-7-21-0.wav,7,jackhammer,4,"[2, 4, 7]"
135528-6-11-0,/tmp\sound_datasets\urbansound8k\audio/fold4/135528-6-11-0.wav,6,gun_shot,4,"[2, 6, 6]"
99157-9-0-22,/tmp\sound_datasets\urbansound8k\audio/fold4/99157-9-0-22.wav,9,street_music,4,"[3, 7, 9]"
144351-4-1-1,/tmp\sound_datasets\urbansound8k\audio/fold4/144351-4-1-1.wav,4,drilling,4,"[2, 4, 4]"
7389-1-4-12,/tmp\sound_datasets\urbansound8k\audio/fold4/7389-1-4-12.wav,1,car_horn,4,"[1, 2, 1]"
55018-0-0-8,/tmp\sound_datasets\urbansound8k\audio/fold4/55018-0-0-8.wav,0,air_conditioner,4,"[2, 5, 0]"
22883-7-37-0,/tmp\sound_datasets\urbansound8k\audio/fold4/22883-7-37-0.wav,7,jackhammer,4,"[2, 4, 7]"
47019-2-0-42,/tmp\sound_datasets\urbansound8k\audio/fold4/47019-2-0-42.wav,2,children_playing,4,"[0, 0, 2]"
22883-7-72-0,/tmp\sound_datasets\urbansound8k\audio/fold4/22883-7-72-0.wav,7,jackhammer,4,"[2, 4, 7]"
24347-8-0-80,/tmp\sound_datasets\urbansound8k\audio/fold4/24347-8-0-80.wav,8,siren,4,"[1, 3, 8]"
61626-9-0-10,/tmp\sound_datasets\urbansound8k\audio/fold4/61626-9-0-10.wav,9,street_music,4,"[3, 7, 9]"
24347-8-0-94,/tmp\sound_datasets\urbansound8k\audio/fold4/24347-8-0-94.wav,8,siren,4,"[1, 3, 8]"
144351-4-3-3,/tmp\sound_datasets\urbansound8k\audio/fold4/144351-4-3-3.wav,4,drilling,4,"[2, 4, 4]"
29722-4-0-1,/tmp\sound_datasets\urbansound8k\audio/fold4/29722-4-0-1.wav,4,drilling,4,"[2, 4, 4]"
166942-0-0-13,/tmp\sound_datasets\urbansound8k\audio/fold4/166942-0-0-13.wav,0,air_conditioner,4,"[2, 5, 0]"
24347-8-0-43,/tmp\sound_datasets\urbansound8k\audio/fold4/24347-8-0-43.wav,8,siren,4,"[1, 3, 8]"
24347-8-0-57,/tmp\sound_datasets\urbansound8k\audio/fold4/24347-8-0-57.wav,8,siren,4,"[1, 3, 8]"
7389-1-3-4,/tmp\sound_datasets\urbansound8k\audio/fold4/7389-1-3-4.wav,1,car_horn,4,"[1, 2, 1]"
22883-7-35-2,/tmp\sound_datasets\urbansound8k\audio/fold4/22883-7-35-2.wav,7,jackhammer,4,"[2, 4, 7]"
24347-8-0-69,/tmp\sound_datasets\urbansound8k\audio/fold4/24347-8-0-69.wav,8,siren,4,"[1, 3, 8]"
24347-8-0-41,/tmp\sound_datasets\urbansound8k\audio/fold4/24347-8-0-41.wav,8,siren,4,"[1, 3, 8]"
175904-2-0-124,/tmp\sound_datasets\urbansound8k\audio/fold4/175904-2-0-124.wav,2,children_playing,4,"[0, 0, 2]"
166942-0-0-11,/tmp\sound_datasets\urbansound8k\audio/fold4/166942-0-0-11.wav,0,air_conditioner,4,"[2, 5, 0]"
24347-8-0-55,/tmp\sound_datasets\urbansound8k\audio/fold4/24347-8-0-55.wav,8,siren,4,"[1, 3, 8]"
29722-4-0-3,/tmp\sound_datasets\urbansound8k\audio/fold4/29722-4-0-3.wav,4,drilling,4,"[2, 4, 4]"
192382-2-0-105,/tmp\sound_datasets\urbansound8k\audio/fold4/192382-2-0-105.wav,2,children_playing,4,"[0, 0, 2]"
144351-4-3-1,/tmp\sound_datasets\urbansound8k\audio/fold4/144351-4-3-1.wav,4,drilling,4,"[2, 4, 4]"
24347-8-0-82,/tmp\sound_datasets\urbansound8k\audio/fold4/24347-8-0-82.wav,8,siren,4,"[1, 3, 8]"
171305-7-23-0,/tmp\sound_datasets\urbansound8k\audio/fold4/171305-7-23-0.wav,7,jackhammer,4,"[2, 4, 7]"
146709-0-0-53,/tmp\sound_datasets\urbansound8k\audio/fold4/146709-0-0-53.wav,0,air_conditioner,4,"[2, 5, 0]"
24347-8-0-96,/tmp\sound_datasets\urbansound8k\audio/fold4/24347-8-0-96.wav,8,siren,4,"[1, 3, 8]"
61626-9-0-12,/tmp\sound_datasets\urbansound8k\audio/fold4/61626-9-0-12.wav,9,street_music,4,"[3, 7, 9]"
148837-6-1-0,/tmp\sound_datasets\urbansound8k\audio/fold4/148837-6-1-0.wav,6,gun_shot,4,"[2, 6, 6]"
30832-3-12-0,/tmp\sound_datasets\urbansound8k\audio/fold4/30832-3-12-0.wav,3,dog_bark,4,"[0, 1, 3]"
54081-9-0-47,/tmp\sound_datasets\urbansound8k\audio/fold4/54081-9-0-47.wav,9,street_music,4,"[3, 7, 9]"
7389-1-4-10,/tmp\sound_datasets\urbansound8k\audio/fold4/7389-1-4-10.wav,1,car_horn,4,"[1, 2, 1]"
179862-1-0-0,/tmp\sound_datasets\urbansound8k\audio/fold4/179862-1-0-0.wav,1,car_horn,4,"[1, 2, 1]"
55018-0-0-246,/tmp\sound_datasets\urbansound8k\audio/fold4/55018-0-0-246.wav,0,air_conditioner,4,"[2, 5, 0]"
344-3-0-0,/tmp\sound_datasets\urbansound8k\audio/fold4/344-3-0-0.wav,3,dog_bark,4,"[0, 1, 3]"
16692-5-0-10,/tmp\sound_datasets\urbansound8k\audio/fold4/16692-5-0-10.wav,5,engine_idling,4,"[1, 2, 5]"
171305-7-1-0,/tmp\sound_datasets\urbansound8k\audio/fold4/171305-7-1-0.wav,7,jackhammer,4,"[2, 4, 7]"
144007-5-0-3,/tmp\sound_datasets\urbansound8k\audio/fold4/144007-5-0-3.wav,5,engine_idling,4,"[1, 2, 5]"
54173-2-0-9,/tmp\sound_datasets\urbansound8k\audio/fold4/54173-2-0-9.wav,2,children_playing,4,"[0, 0, 2]"
159753-8-0-4,/tmp\sound_datasets\urbansound8k\audio/fold4/159753-8-0-4.wav,8,siren,4,"[1, 3, 8]"
137971-2-0-4,/tmp\sound_datasets\urbansound8k\audio/fold4/137971-2-0-4.wav,2,children_playing,4,"[0, 0, 2]"
156362-4-3-6,/tmp\sound_datasets\urbansound8k\audio/fold4/156362-4-3-6.wav,4,drilling,4,"[2, 4, 4]"
185909-2-0-22,/tmp\sound_datasets\urbansound8k\audio/fold4/185909-2-0-22.wav,2,children_playing,4,"[0, 0, 2]"
195969-0-0-17,/tmp\sound_datasets\urbansound8k\audio/fold4/195969-0-0-17.wav,0,air_conditioner,4,"[2, 5, 0]"
24347-8-0-5,/tmp\sound_datasets\urbansound8k\audio/fold4/24347-8-0-5.wav,8,siren,4,"[1, 3, 8]"
74950-3-0-0,/tmp\sound_datasets\urbansound8k\audio/fold4/74950-3-0-0.wav,3,dog_bark,4,"[0, 1, 3]"
154758-5-0-17,/tmp\sound_datasets\urbansound8k\audio/fold4/154758-5-0-17.wav,5,engine_idling,4,"[1, 2, 5]"
24347-8-0-4,/tmp\sound_datasets\urbansound8k\audio/fold4/24347-8-0-4.wav,8,siren,4,"[1, 3, 8]"
154758-5-0-16,/tmp\sound_datasets\urbansound8k\audio/fold4/154758-5-0-16.wav,5,engine_idling,4,"[1, 2, 5]"
84317-3-0-0,/tmp\sound_datasets\urbansound8k\audio/fold4/84317-3-0-0.wav,3,dog_bark,4,"[0, 1, 3]"
162435-6-1-0,/tmp\sound_datasets\urbansound8k\audio/fold4/162435-6-1-0.wav,6,gun_shot,4,"[2, 6, 6]"
61790-9-0-15,/tmp\sound_datasets\urbansound8k\audio/fold4/61790-9-0-15.wav,9,street_music,4,"[3, 7, 9]"
137971-2-0-5,/tmp\sound_datasets\urbansound8k\audio/fold4/137971-2-0-5.wav,2,children_playing,4,"[0, 0, 2]"
116484-3-0-16,/tmp\sound_datasets\urbansound8k\audio/fold4/116484-3-0-16.wav,3,dog_bark,4,"[0, 1, 3]"
156362-4-3-7,/tmp\sound_datasets\urbansound8k\audio/fold4/156362-4-3-7.wav,4,drilling,4,"[2, 4, 4]"
146709-0-0-7,/tmp\sound_datasets\urbansound8k\audio/fold4/146709-0-0-7.wav,0,air_conditioner,4,"[2, 5, 0]"
159753-8-0-5,/tmp\sound_datasets\urbansound8k\audio/fold4/159753-8-0-5.wav,8,siren,4,"[1, 3, 8]"
144007-5-0-2,/tmp\sound_datasets\urbansound8k\audio/fold4/144007-5-0-2.wav,5,engine_idling,4,"[1, 2, 5]"
22883-7-69-0,/tmp\sound_datasets\urbansound8k\audio/fold4/22883-7-69-0.wav,7,jackhammer,4,"[2, 4, 7]"
169466-4-1-8,/tmp\sound_datasets\urbansound8k\audio/fold4/169466-4-1-8.wav,4,drilling,4,"[2, 4, 4]"
38231-3-2-0,/tmp\sound_datasets\urbansound8k\audio/fold4/38231-3-2-0.wav,3,dog_bark,4,"[0, 1, 3]"
118964-3-0-0,/tmp\sound_datasets\urbansound8k\audio/fold4/118964-3-0-0.wav,3,dog_bark,4,"[0, 1, 3]"
7064-6-5-0,/tmp\sound_datasets\urbansound8k\audio/fold4/7064-6-5-0.wav,6,gun_shot,4,"[2, 6, 6]"
7389-1-4-11,/tmp\sound_datasets\urbansound8k\audio/fold4/7389-1-4-11.wav,1,car_horn,4,"[1, 2, 1]"
47019-2-0-69,/tmp\sound_datasets\urbansound8k\audio/fold4/47019-2-0-69.wav,2,children_playing,4,"[0, 0, 2]"
22883-7-11-0,/tmp\sound_datasets\urbansound8k\audio/fold4/22883-7-11-0.wav,7,jackhammer,4,"[2, 4, 7]"
47019-2-0-55,/tmp\sound_datasets\urbansound8k\audio/fold4/47019-2-0-55.wav,2,children_playing,4,"[0, 0, 2]"
22883-7-54-0,/tmp\sound_datasets\urbansound8k\audio/fold4/22883-7-54-0.wav,7,jackhammer,4,"[2, 4, 7]"
24347-8-0-97,/tmp\sound_datasets\urbansound8k\audio/fold4/24347-8-0-97.wav,8,siren,4,"[1, 3, 8]"
24347-8-0-83,/tmp\sound_datasets\urbansound8k\audio/fold4/24347-8-0-83.wav,8,siren,4,"[1, 3, 8]"
29722-4-0-2,/tmp\sound_datasets\urbansound8k\audio/fold4/29722-4-0-2.wav,4,drilling,4,"[2, 4, 4]"
24347-8-0-54,/tmp\sound_datasets\urbansound8k\audio/fold4/24347-8-0-54.wav,8,siren,4,"[1, 3, 8]"
24347-8-0-40,/tmp\sound_datasets\urbansound8k\audio/fold4/24347-8-0-40.wav,8,siren,4,"[1, 3, 8]"
166942-0-0-10,/tmp\sound_datasets\urbansound8k\audio/fold4/166942-0-0-10.wav,0,air_conditioner,4,"[2, 5, 0]"
24347-8-0-68,/tmp\sound_datasets\urbansound8k\audio/fold4/24347-8-0-68.wav,8,siren,4,"[1, 3, 8]"
166942-0-0-14,/tmp\sound_datasets\urbansound8k\audio/fold4/166942-0-0-14.wav,0,air_conditioner,4,"[2, 5, 0]"
34056-2-0-61,/tmp\sound_datasets\urbansound8k\audio/fold4/34056-2-0-61.wav,2,children_playing,4,"[0, 0, 2]"
24347-8-0-44,/tmp\sound_datasets\urbansound8k\audio/fold4/24347-8-0-44.wav,8,siren,4,"[1, 3, 8]"
24347-8-0-50,/tmp\sound_datasets\urbansound8k\audio/fold4/24347-8-0-50.wav,8,siren,4,"[1, 3, 8]"
7389-1-3-3,/tmp\sound_datasets\urbansound8k\audio/fold4/7389-1-3-3.wav,1,car_horn,4,"[1, 2, 1]"
24347-8-0-78,/tmp\sound_datasets\urbansound8k\audio/fold4/24347-8-0-78.wav,8,siren,4,"[1, 3, 8]"
55018-0-0-49,/tmp\sound_datasets\urbansound8k\audio/fold4/55018-0-0-49.wav,0,air_conditioner,4,"[2, 5, 0]"
24347-8-0-87,/tmp\sound_datasets\urbansound8k\audio/fold4/24347-8-0-87.wav,8,siren,4,"[1, 3, 8]"
24347-8-0-93,/tmp\sound_datasets\urbansound8k\audio/fold4/24347-8-0-93.wav,8,siren,4,"[1, 3, 8]"
161010-1-2-0,/tmp\sound_datasets\urbansound8k\audio/fold4/161010-1-2-0.wav,1,car_horn,4,"[1, 2, 1]"
174032-2-0-17,/tmp\sound_datasets\urbansound8k\audio/fold4/174032-2-0-17.wav,2,children_playing,4,"[0, 0, 2]"
144351-4-3-4,/tmp\sound_datasets\urbansound8k\audio/fold4/144351-4-3-4.wav,4,drilling,4,"[2, 4, 4]"
29722-4-0-6,/tmp\sound_datasets\urbansound8k\audio/fold4/29722-4-0-6.wav,4,drilling,4,"[2, 4, 4]"
22883-7-28-0,/tmp\sound_datasets\urbansound8k\audio/fold4/22883-7-28-0.wav,7,jackhammer,4,"[2, 4, 7]"
194458-9-0-34,/tmp\sound_datasets\urbansound8k\audio/fold4/194458-9-0-34.wav,9,street_music,4,"[3, 7, 9]"
7389-1-4-15,/tmp\sound_datasets\urbansound8k\audio/fold4/7389-1-4-15.wav,1,car_horn,4,"[1, 2, 1]"
54081-9-0-56,/tmp\sound_datasets\urbansound8k\audio/fold4/54081-9-0-56.wav,9,street_music,4,"[3, 7, 9]"
22883-7-49-1,/tmp\sound_datasets\urbansound8k\audio/fold4/22883-7-49-1.wav,7,jackhammer,4,"[2, 4, 7]"
99157-9-0-31,/tmp\sound_datasets\urbansound8k\audio/fold4/99157-9-0-31.wav,9,street_music,4,"[3, 7, 9]"
177756-2-0-19,/tmp\sound_datasets\urbansound8k\audio/fold4/177756-2-0-19.wav,2,children_playing,4,"[0, 0, 2]"
22883-7-17-2,/tmp\sound_datasets\urbansound8k\audio/fold4/22883-7-17-2.wav,7,jackhammer,4,"[2, 4, 7]"
16692-5-0-8,/tmp\sound_datasets\urbansound8k\audio/fold4/16692-5-0-8.wav,5,engine_idling,4,"[1, 2, 5]"
159753-8-0-1,/tmp\sound_datasets\urbansound8k\audio/fold4/159753-8-0-1.wav,8,siren,4,"[1, 3, 8]"
144007-5-0-6,/tmp\sound_datasets\urbansound8k\audio/fold4/144007-5-0-6.wav,5,engine_idling,4,"[1, 2, 5]"
146709-0-0-3,/tmp\sound_datasets\urbansound8k\audio/fold4/146709-0-0-3.wav,0,air_conditioner,4,"[2, 5, 0]"
156362-4-3-3,/tmp\sound_datasets\urbansound8k\audio/fold4/156362-4-3-3.wav,4,drilling,4,"[2, 4, 4]"
116484-3-0-12,/tmp\sound_datasets\urbansound8k\audio/fold4/116484-3-0-12.wav,3,dog_bark,4,"[0, 1, 3]"
22883-7-1-0,/tmp\sound_datasets\urbansound8k\audio/fold4/22883-7-1-0.wav,7,jackhammer,4,"[2, 4, 7]"
195969-0-0-12,/tmp\sound_datasets\urbansound8k\audio/fold4/195969-0-0-12.wav,0,air_conditioner,4,"[2, 5, 0]"
156868-8-2-0,/tmp\sound_datasets\urbansound8k\audio/fold4/156868-8-2-0.wav,8,siren,4,"[1, 3, 8]"
7064-6-1-0,/tmp\sound_datasets\urbansound8k\audio/fold4/7064-6-1-0.wav,6,gun_shot,4,"[2, 6, 6]"
154758-5-0-12,/tmp\sound_datasets\urbansound8k\audio/fold4/154758-5-0-12.wav,5,engine_idling,4,"[1, 2, 5]"
24347-8-0-0,/tmp\sound_datasets\urbansound8k\audio/fold4/24347-8-0-0.wav,8,siren,4,"[1, 3, 8]"
55018-0-0-121,/tmp\sound_datasets\urbansound8k\audio/fold4/55018-0-0-121.wav,0,air_conditioner,4,"[2, 5, 0]"
344-3-4-0,/tmp\sound_datasets\urbansound8k\audio/fold4/344-3-4-0.wav,3,dog_bark,4,"[0, 1, 3]"
154758-5-0-13,/tmp\sound_datasets\urbansound8k\audio/fold4/154758-5-0-13.wav,5,engine_idling,4,"[1, 2, 5]"
24347-8-0-1,/tmp\sound_datasets\urbansound8k\audio/fold4/24347-8-0-1.wav,8,siren,4,"[1, 3, 8]"
204765-1-0-0,/tmp\sound_datasets\urbansound8k\audio/fold4/204765-1-0-0.wav,1,car_horn,4,"[1, 2, 1]"
186938-5-0-0,/tmp\sound_datasets\urbansound8k\audio/fold4/186938-5-0-0.wav,5,engine_idling,4,"[1, 2, 5]"
35549-9-0-51,/tmp\sound_datasets\urbansound8k\audio/fold4/35549-9-0-51.wav,9,street_music,4,"[3, 7, 9]"
195969-0-0-13,/tmp\sound_datasets\urbansound8k\audio/fold4/195969-0-0-13.wav,0,air_conditioner,4,"[2, 5, 0]"
61790-9-0-10,/tmp\sound_datasets\urbansound8k\audio/fold4/61790-9-0-10.wav,9,street_music,4,"[3, 7, 9]"
156362-4-3-2,/tmp\sound_datasets\urbansound8k\audio/fold4/156362-4-3-2.wav,4,drilling,4,"[2, 4, 4]"
137971-2-0-0,/tmp\sound_datasets\urbansound8k\audio/fold4/137971-2-0-0.wav,2,children_playing,4,"[0, 0, 2]"
192382-2-0-18,/tmp\sound_datasets\urbansound8k\audio/fold4/192382-2-0-18.wav,2,children_playing,4,"[0, 0, 2]"
44278-1-0-0,/tmp\sound_datasets\urbansound8k\audio/fold4/44278-1-0-0.wav,1,car_horn,4,"[1, 2, 1]"
144007-5-0-7,/tmp\sound_datasets\urbansound8k\audio/fold4/144007-5-0-7.wav,5,engine_idling,4,"[1, 2, 5]"
171305-7-27-0,/tmp\sound_datasets\urbansound8k\audio/fold4/171305-7-27-0.wav,7,jackhammer,4,"[2, 4, 7]"
159753-8-0-0,/tmp\sound_datasets\urbansound8k\audio/fold4/159753-8-0-0.wav,8,siren,4,"[1, 3, 8]"
16692-5-0-9,/tmp\sound_datasets\urbansound8k\audio/fold4/16692-5-0-9.wav,5,engine_idling,4,"[1, 2, 5]"
194458-9-1-75,/tmp\sound_datasets\urbansound8k\audio/fold4/194458-9-1-75.wav,9,street_music,4,"[3, 7, 9]"
22883-7-74-0,/tmp\sound_datasets\urbansound8k\audio/fold4/22883-7-74-0.wav,7,jackhammer,4,"[2, 4, 7]"
156362-4-1-0,/tmp\sound_datasets\urbansound8k\audio/fold4/156362-4-1-0.wav,4,drilling,4,"[2, 4, 4]"
76585-9-0-60,/tmp\sound_datasets\urbansound8k\audio/fold4/76585-9-0-60.wav,9,street_music,4,"[3, 7, 9]"
35296-3-1-0,/tmp\sound_datasets\urbansound8k\audio/fold4/35296-3-1-0.wav,3,dog_bark,4,"[0, 1, 3]"
99157-9-0-24,/tmp\sound_datasets\urbansound8k\audio/fold4/99157-9-0-24.wav,9,street_music,4,"[3, 7, 9]"
35799-6-0-0,/tmp\sound_datasets\urbansound8k\audio/fold4/35799-6-0-0.wav,6,gun_shot,4,"[2, 6, 6]"
47019-2-0-44,/tmp\sound_datasets\urbansound8k\audio/fold4/47019-2-0-44.wav,2,children_playing,4,"[0, 0, 2]"
7389-1-1-0,/tmp\sound_datasets\urbansound8k\audio/fold4/7389-1-1-0.wav,1,car_horn,4,"[1, 2, 1]"
7389-1-4-14,/tmp\sound_datasets\urbansound8k\audio/fold4/7389-1-4-14.wav,1,car_horn,4,"[1, 2, 1]"
144351-4-3-5,/tmp\sound_datasets\urbansound8k\audio/fold4/144351-4-3-5.wav,4,drilling,4,"[2, 4, 4]"
24347-8-0-92,/tmp\sound_datasets\urbansound8k\audio/fold4/24347-8-0-92.wav,8,siren,4,"[1, 3, 8]"
94020-8-1-0,/tmp\sound_datasets\urbansound8k\audio/fold4/94020-8-1-0.wav,8,siren,4,"[1, 3, 8]"
24347-8-0-86,/tmp\sound_datasets\urbansound8k\audio/fold4/24347-8-0-86.wav,8,siren,4,"[1, 3, 8]"
34056-2-0-48,/tmp\sound_datasets\urbansound8k\audio/fold4/34056-2-0-48.wav,2,children_playing,4,"[0, 0, 2]"
24347-8-0-79,/tmp\sound_datasets\urbansound8k\audio/fold4/24347-8-0-79.wav,8,siren,4,"[1, 3, 8]"
7389-1-3-2,/tmp\sound_datasets\urbansound8k\audio/fold4/7389-1-3-2.wav,1,car_horn,4,"[1, 2, 1]"
24347-8-0-51,/tmp\sound_datasets\urbansound8k\audio/fold4/24347-8-0-51.wav,8,siren,4,"[1, 3, 8]"
166942-0-0-15,/tmp\sound_datasets\urbansound8k\audio/fold4/166942-0-0-15.wav,0,air_conditioner,4,"[2, 5, 0]"
171305-7-5-0,/tmp\sound_datasets\urbansound8k\audio/fold4/171305-7-5-0.wav,7,jackhammer,4,"[2, 4, 7]"
24347-8-0-45,/tmp\sound_datasets\urbansound8k\audio/fold4/24347-8-0-45.wav,8,siren,4,"[1, 3, 8]"
171305-7-18-0,/tmp\sound_datasets\urbansound8k\audio/fold4/171305-7-18-0.wav,7,jackhammer,4,"[2, 4, 7]"
24347-8-0-53,/tmp\sound_datasets\urbansound8k\audio/fold4/24347-8-0-53.wav,8,siren,4,"[1, 3, 8]"
24347-8-0-47,/tmp\sound_datasets\urbansound8k\audio/fold4/24347-8-0-47.wav,8,siren,4,"[1, 3, 8]"
72724-3-2-7,/tmp\sound_datasets\urbansound8k\audio/fold4/72724-3-2-7.wav,3,dog_bark,4,"[0, 1, 3]"
7389-1-3-0,/tmp\sound_datasets\urbansound8k\audio/fold4/7389-1-3-0.wav,1,car_horn,4,"[1, 2, 1]"
113160-8-0-0,/tmp\sound_datasets\urbansound8k\audio/fold4/113160-8-0-0.wav,8,siren,4,"[1, 3, 8]"
24347-8-0-90,/tmp\sound_datasets\urbansound8k\audio/fold4/24347-8-0-90.wav,8,siren,4,"[1, 3, 8]"
24347-8-0-84,/tmp\sound_datasets\urbansound8k\audio/fold4/24347-8-0-84.wav,8,siren,4,"[1, 3, 8]"
29722-4-0-5,/tmp\sound_datasets\urbansound8k\audio/fold4/29722-4-0-5.wav,4,drilling,4,"[2, 4, 4]"
144351-4-3-7,/tmp\sound_datasets\urbansound8k\audio/fold4/144351-4-3-7.wav,4,drilling,4,"[2, 4, 4]"
107653-9-0-18,/tmp\sound_datasets\urbansound8k\audio/fold4/107653-9-0-18.wav,9,street_music,4,"[3, 7, 9]"
171305-7-7-0,/tmp\sound_datasets\urbansound8k\audio/fold4/171305-7-7-0.wav,7,jackhammer,4,"[2, 4, 7]"
74950-3-2-4,/tmp\sound_datasets\urbansound8k\audio/fold4/74950-3-2-4.wav,3,dog_bark,4,"[0, 1, 3]"
159753-8-0-2,/tmp\sound_datasets\urbansound8k\audio/fold4/159753-8-0-2.wav,8,siren,4,"[1, 3, 8]"
144007-5-0-5,/tmp\sound_datasets\urbansound8k\audio/fold4/144007-5-0-5.wav,5,engine_idling,4,"[1, 2, 5]"
155320-3-0-0,/tmp\sound_datasets\urbansound8k\audio/fold4/155320-3-0-0.wav,3,dog_bark,4,"[0, 1, 3]"
137971-2-0-2,/tmp\sound_datasets\urbansound8k\audio/fold4/137971-2-0-2.wav,2,children_playing,4,"[0, 0, 2]"
156362-4-3-0,/tmp\sound_datasets\urbansound8k\audio/fold4/156362-4-3-0.wav,4,drilling,4,"[2, 4, 4]"
22883-7-33-0,/tmp\sound_datasets\urbansound8k\audio/fold4/22883-7-33-0.wav,7,jackhammer,4,"[2, 4, 7]"
35549-9-0-47,/tmp\sound_datasets\urbansound8k\audio/fold4/35549-9-0-47.wav,9,street_music,4,"[3, 7, 9]"
24347-8-0-3,/tmp\sound_datasets\urbansound8k\audio/fold4/24347-8-0-3.wav,8,siren,4,"[1, 3, 8]"
171305-7-25-0,/tmp\sound_datasets\urbansound8k\audio/fold4/171305-7-25-0.wav,7,jackhammer,4,"[2, 4, 7]"
154758-5-0-11,/tmp\sound_datasets\urbansound8k\audio/fold4/154758-5-0-11.wav,5,engine_idling,4,"[1, 2, 5]"
115535-3-0-0,/tmp\sound_datasets\urbansound8k\audio/fold4/115535-3-0-0.wav,3,dog_bark,4,"[0, 1, 3]"
135528-6-9-0,/tmp\sound_datasets\urbansound8k\audio/fold4/135528-6-9-0.wav,6,gun_shot,4,"[2, 6, 6]"
68389-3-1-0,/tmp\sound_datasets\urbansound8k\audio/fold4/68389-3-1-0.wav,3,dog_bark,4,"[0, 1, 3]"
159752-8-1-0,/tmp\sound_datasets\urbansound8k\audio/fold4/159752-8-1-0.wav,8,siren,4,"[1, 3, 8]"
24347-8-0-2,/tmp\sound_datasets\urbansound8k\audio/fold4/24347-8-0-2.wav,8,siren,4,"[1, 3, 8]"
154758-5-0-10,/tmp\sound_datasets\urbansound8k\audio/fold4/154758-5-0-10.wav,5,engine_idling,4,"[1, 2, 5]"
137971-2-0-3,/tmp\sound_datasets\urbansound8k\audio/fold4/137971-2-0-3.wav,2,children_playing,4,"[0, 0, 2]"
156362-4-3-1,/tmp\sound_datasets\urbansound8k\audio/fold4/156362-4-3-1.wav,4,drilling,4,"[2, 4, 4]"
146709-0-0-1,/tmp\sound_datasets\urbansound8k\audio/fold4/146709-0-0-1.wav,0,air_conditioner,4,"[2, 5, 0]"
195969-0-0-10,/tmp\sound_datasets\urbansound8k\audio/fold4/195969-0-0-10.wav,0,air_conditioner,4,"[2, 5, 0]"
144007-5-0-4,/tmp\sound_datasets\urbansound8k\audio/fold4/144007-5-0-4.wav,5,engine_idling,4,"[1, 2, 5]"
156868-8-0-0,/tmp\sound_datasets\urbansound8k\audio/fold4/156868-8-0-0.wav,8,siren,4,"[1, 3, 8]"
7064-6-3-0,/tmp\sound_datasets\urbansound8k\audio/fold4/7064-6-3-0.wav,6,gun_shot,4,"[2, 6, 6]"
159753-8-0-3,/tmp\sound_datasets\urbansound8k\audio/fold4/159753-8-0-3.wav,8,siren,4,"[1, 3, 8]"
74950-3-2-5,/tmp\sound_datasets\urbansound8k\audio/fold4/74950-3-2-5.wav,3,dog_bark,4,"[0, 1, 3]"
22883-7-3-0,/tmp\sound_datasets\urbansound8k\audio/fold4/22883-7-3-0.wav,7,jackhammer,4,"[2, 4, 7]"
22883-7-49-3,/tmp\sound_datasets\urbansound8k\audio/fold4/22883-7-49-3.wav,7,jackhammer,4,"[2, 4, 7]"
175904-2-0-24,/tmp\sound_datasets\urbansound8k\audio/fold4/175904-2-0-24.wav,2,children_playing,4,"[0, 0, 2]"
161010-1-0-0,/tmp\sound_datasets\urbansound8k\audio/fold4/161010-1-0-0.wav,1,car_horn,4,"[1, 2, 1]"
22883-7-92-0,/tmp\sound_datasets\urbansound8k\audio/fold4/22883-7-92-0.wav,7,jackhammer,4,"[2, 4, 7]"
38231-3-4-0,/tmp\sound_datasets\urbansound8k\audio/fold4/38231-3-4-0.wav,3,dog_bark,4,"[0, 1, 3]"
29722-4-0-4,/tmp\sound_datasets\urbansound8k\audio/fold4/29722-4-0-4.wav,4,drilling,4,"[2, 4, 4]"
146709-0-0-68,/tmp\sound_datasets\urbansound8k\audio/fold4/146709-0-0-68.wav,0,air_conditioner,4,"[2, 5, 0]"
24347-8-0-85,/tmp\sound_datasets\urbansound8k\audio/fold4/24347-8-0-85.wav,8,siren,4,"[1, 3, 8]"
24347-8-0-91,/tmp\sound_datasets\urbansound8k\audio/fold4/24347-8-0-91.wav,8,siren,4,"[1, 3, 8]"
7389-1-3-1,/tmp\sound_datasets\urbansound8k\audio/fold4/7389-1-3-1.wav,1,car_horn,4,"[1, 2, 1]"
24347-8-0-46,/tmp\sound_datasets\urbansound8k\audio/fold4/24347-8-0-46.wav,8,siren,4,"[1, 3, 8]"
131428-9-1-0,/tmp\sound_datasets\urbansound8k\audio/fold4/131428-9-1-0.wav,9,street_music,4,"[3, 7, 9]"
24347-8-0-52,/tmp\sound_datasets\urbansound8k\audio/fold4/24347-8-0-52.wav,8,siren,4,"[1, 3, 8]"
178686-0-0-42,/tmp\sound_datasets\urbansound8k\audio/fold5/178686-0-0-42.wav,0,air_conditioner,5,"[2, 5, 0]"
104998-7-17-8,/tmp\sound_datasets\urbansound8k\audio/fold5/104998-7-17-8.wav,7,jackhammer,5,"[2, 4, 7]"
115239-9-0-3,/tmp\sound_datasets\urbansound8k\audio/fold5/115239-9-0-3.wav,9,street_music,5,"[3, 7, 9]"
80806-2-0-3,/tmp\sound_datasets\urbansound8k\audio/fold5/80806-2-0-3.wav,2,children_playing,5,"[0, 0, 2]"
13577-3-0-0,/tmp\sound_datasets\urbansound8k\audio/fold5/13577-3-0-0.wav,3,dog_bark,5,"[0, 1, 3]"
72259-1-7-19,/tmp\sound_datasets\urbansound8k\audio/fold5/72259-1-7-19.wav,1,car_horn,5,"[1, 2, 1]"
104998-7-19-7,/tmp\sound_datasets\urbansound8k\audio/fold5/104998-7-19-7.wav,7,jackhammer,5,"[2, 4, 7]"
65381-3-0-7,/tmp\sound_datasets\urbansound8k\audio/fold5/65381-3-0-7.wav,3,dog_bark,5,"[0, 1, 3]"
49312-2-0-10,/tmp\sound_datasets\urbansound8k\audio/fold5/49312-2-0-10.wav,2,children_playing,5,"[0, 0, 2]"
203913-8-1-2,/tmp\sound_datasets\urbansound8k\audio/fold5/203913-8-1-2.wav,8,siren,5,"[1, 3, 8]"
34771-3-0-5,/tmp\sound_datasets\urbansound8k\audio/fold5/34771-3-0-5.wav,3,dog_bark,5,"[0, 1, 3]"
72259-1-10-0,/tmp\sound_datasets\urbansound8k\audio/fold5/72259-1-10-0.wav,1,car_horn,5,"[1, 2, 1]"
159439-2-0-21,/tmp\sound_datasets\urbansound8k\audio/fold5/159439-2-0-21.wav,2,children_playing,5,"[0, 0, 2]"
62566-5-1-1,/tmp\sound_datasets\urbansound8k\audio/fold5/62566-5-1-1.wav,5,engine_idling,5,"[1, 2, 5]"
71171-4-0-1,/tmp\sound_datasets\urbansound8k\audio/fold5/71171-4-0-1.wav,4,drilling,5,"[2, 4, 4]"
164344-9-0-38,/tmp\sound_datasets\urbansound8k\audio/fold5/164344-9-0-38.wav,9,street_music,5,"[3, 7, 9]"
162432-6-14-0,/tmp\sound_datasets\urbansound8k\audio/fold5/162432-6-14-0.wav,6,gun_shot,5,"[2, 6, 6]"
34771-3-0-14,/tmp\sound_datasets\urbansound8k\audio/fold5/34771-3-0-14.wav,3,dog_bark,5,"[0, 1, 3]"
111671-8-0-0,/tmp\sound_datasets\urbansound8k\audio/fold5/111671-8-0-0.wav,8,siren,5,"[1, 3, 8]"
111671-8-0-1,/tmp\sound_datasets\urbansound8k\audio/fold5/111671-8-0-1.wav,8,siren,5,"[1, 3, 8]"
118440-4-4-0,/tmp\sound_datasets\urbansound8k\audio/fold5/118440-4-4-0.wav,4,drilling,5,"[2, 4, 4]"
204408-2-0-54,/tmp\sound_datasets\urbansound8k\audio/fold5/204408-2-0-54.wav,2,children_playing,5,"[0, 0, 2]"
180128-4-13-0,/tmp\sound_datasets\urbansound8k\audio/fold5/180128-4-13-0.wav,4,drilling,5,"[2, 4, 4]"
204408-2-0-83,/tmp\sound_datasets\urbansound8k\audio/fold5/204408-2-0-83.wav,2,children_playing,5,"[0, 0, 2]"
39533-4-0-0,/tmp\sound_datasets\urbansound8k\audio/fold5/39533-4-0-0.wav,4,drilling,5,"[2, 4, 4]"
164344-9-0-39,/tmp\sound_datasets\urbansound8k\audio/fold5/164344-9-0-39.wav,9,street_music,5,"[3, 7, 9]"
104998-7-17-12,/tmp\sound_datasets\urbansound8k\audio/fold5/104998-7-17-12.wav,7,jackhammer,5,"[2, 4, 7]"
71171-4-0-0,/tmp\sound_datasets\urbansound8k\audio/fold5/71171-4-0-0.wav,4,drilling,5,"[2, 4, 4]"
62566-5-1-0,/tmp\sound_datasets\urbansound8k\audio/fold5/62566-5-1-0.wav,5,engine_idling,5,"[1, 2, 5]"
165774-7-2-0,/tmp\sound_datasets\urbansound8k\audio/fold5/165774-7-2-0.wav,7,jackhammer,5,"[2, 4, 7]"
126521-3-0-18,/tmp\sound_datasets\urbansound8k\audio/fold5/126521-3-0-18.wav,3,dog_bark,5,"[0, 1, 3]"
108357-9-0-27,/tmp\sound_datasets\urbansound8k\audio/fold5/108357-9-0-27.wav,9,street_music,5,"[3, 7, 9]"
139948-3-4-0,/tmp\sound_datasets\urbansound8k\audio/fold5/139948-3-4-0.wav,3,dog_bark,5,"[0, 1, 3]"
173993-3-0-52,/tmp\sound_datasets\urbansound8k\audio/fold5/173993-3-0-52.wav,3,dog_bark,5,"[0, 1, 3]"
72259-1-10-1,/tmp\sound_datasets\urbansound8k\audio/fold5/72259-1-10-1.wav,1,car_horn,5,"[1, 2, 1]"
34771-3-0-4,/tmp\sound_datasets\urbansound8k\audio/fold5/34771-3-0-4.wav,3,dog_bark,5,"[0, 1, 3]"
203913-8-1-3,/tmp\sound_datasets\urbansound8k\audio/fold5/203913-8-1-3.wav,8,siren,5,"[1, 3, 8]"
109263-9-0-34,/tmp\sound_datasets\urbansound8k\audio/fold5/109263-9-0-34.wav,9,street_music,5,"[3, 7, 9]"
65381-3-0-6,/tmp\sound_datasets\urbansound8k\audio/fold5/65381-3-0-6.wav,3,dog_bark,5,"[0, 1, 3]"
104998-7-19-6,/tmp\sound_datasets\urbansound8k\audio/fold5/104998-7-19-6.wav,7,jackhammer,5,"[2, 4, 7]"
72259-1-7-18,/tmp\sound_datasets\urbansound8k\audio/fold5/72259-1-7-18.wav,1,car_horn,5,"[1, 2, 1]"
178497-3-0-1,/tmp\sound_datasets\urbansound8k\audio/fold5/178497-3-0-1.wav,3,dog_bark,5,"[0, 1, 3]"
80806-2-0-2,/tmp\sound_datasets\urbansound8k\audio/fold5/80806-2-0-2.wav,2,children_playing,5,"[0, 0, 2]"
115239-9-0-2,/tmp\sound_datasets\urbansound8k\audio/fold5/115239-9-0-2.wav,9,street_music,5,"[3, 7, 9]"
178686-0-0-43,/tmp\sound_datasets\urbansound8k\audio/fold5/178686-0-0-43.wav,0,air_conditioner,5,"[2, 5, 0]"
172460-9-0-94,/tmp\sound_datasets\urbansound8k\audio/fold5/172460-9-0-94.wav,9,street_music,5,"[3, 7, 9]"
178686-0-0-57,/tmp\sound_datasets\urbansound8k\audio/fold5/178686-0-0-57.wav,0,air_conditioner,5,"[2, 5, 0]"
126521-3-0-2,/tmp\sound_datasets\urbansound8k\audio/fold5/126521-3-0-2.wav,3,dog_bark,5,"[0, 1, 3]"
178686-0-0-55,/tmp\sound_datasets\urbansound8k\audio/fold5/178686-0-0-55.wav,0,air_conditioner,5,"[2, 5, 0]"
20015-3-0-19,/tmp\sound_datasets\urbansound8k\audio/fold5/20015-3-0-19.wav,3,dog_bark,5,"[0, 1, 3]"
160010-2-0-49,/tmp\sound_datasets\urbansound8k\audio/fold5/160010-2-0-49.wav,2,children_playing,5,"[0, 0, 2]"
203654-9-0-8,/tmp\sound_datasets\urbansound8k\audio/fold5/203654-9-0-8.wav,9,street_music,5,"[3, 7, 9]"
115239-9-0-0,/tmp\sound_datasets\urbansound8k\audio/fold5/115239-9-0-0.wav,9,street_music,5,"[3, 7, 9]"
197243-3-0-0,/tmp\sound_datasets\urbansound8k\audio/fold5/197243-3-0-0.wav,3,dog_bark,5,"[0, 1, 3]"
178497-3-0-3,/tmp\sound_datasets\urbansound8k\audio/fold5/178497-3-0-3.wav,3,dog_bark,5,"[0, 1, 3]"
128152-9-0-49,/tmp\sound_datasets\urbansound8k\audio/fold5/128152-9-0-49.wav,9,street_music,5,"[3, 7, 9]"
80806-2-0-0,/tmp\sound_datasets\urbansound8k\audio/fold5/80806-2-0-0.wav,2,children_playing,5,"[0, 0, 2]"
203913-8-1-1,/tmp\sound_datasets\urbansound8k\audio/fold5/203913-8-1-1.wav,8,siren,5,"[1, 3, 8]"
178099-9-0-0,/tmp\sound_datasets\urbansound8k\audio/fold5/178099-9-0-0.wav,9,street_music,5,"[3, 7, 9]"
205874-4-9-0,/tmp\sound_datasets\urbansound8k\audio/fold5/205874-4-9-0.wav,4,drilling,5,"[2, 4, 4]"
72259-1-10-3,/tmp\sound_datasets\urbansound8k\audio/fold5/72259-1-10-3.wav,1,car_horn,5,"[1, 2, 1]"
104998-7-15-9,/tmp\sound_datasets\urbansound8k\audio/fold5/104998-7-15-9.wav,7,jackhammer,5,"[2, 4, 7]"
181725-3-0-37,/tmp\sound_datasets\urbansound8k\audio/fold5/181725-3-0-37.wav,3,dog_bark,5,"[0, 1, 3]"
105425-9-0-14,/tmp\sound_datasets\urbansound8k\audio/fold5/105425-9-0-14.wav,9,street_music,5,"[3, 7, 9]"
180125-4-3-22,/tmp\sound_datasets\urbansound8k\audio/fold5/180125-4-3-22.wav,4,drilling,5,"[2, 4, 4]"
204408-2-0-2,/tmp\sound_datasets\urbansound8k\audio/fold5/204408-2-0-2.wav,2,children_playing,5,"[0, 0, 2]"
180128-4-11-0,/tmp\sound_datasets\urbansound8k\audio/fold5/180128-4-11-0.wav,4,drilling,5,"[2, 4, 4]"
71171-4-0-2,/tmp\sound_datasets\urbansound8k\audio/fold5/71171-4-0-2.wav,4,drilling,5,"[2, 4, 4]"
118440-4-6-0,/tmp\sound_datasets\urbansound8k\audio/fold5/118440-4-6-0.wav,4,drilling,5,"[2, 4, 4]"
165774-7-0-0,/tmp\sound_datasets\urbansound8k\audio/fold5/165774-7-0-0.wav,7,jackhammer,5,"[2, 4, 7]"
71171-4-2-0,/tmp\sound_datasets\urbansound8k\audio/fold5/71171-4-2-0.wav,4,drilling,5,"[2, 4, 4]"
194910-9-0-26,/tmp\sound_datasets\urbansound8k\audio/fold5/194910-9-0-26.wav,9,street_music,5,"[3, 7, 9]"
156869-8-0-10,/tmp\sound_datasets\urbansound8k\audio/fold5/156869-8-0-10.wav,8,siren,5,"[1, 3, 8]"
111671-8-0-3,/tmp\sound_datasets\urbansound8k\audio/fold5/111671-8-0-3.wav,8,siren,5,"[1, 3, 8]"
104998-7-7-9,/tmp\sound_datasets\urbansound8k\audio/fold5/104998-7-7-9.wav,7,jackhammer,5,"[2, 4, 7]"
111671-8-0-2,/tmp\sound_datasets\urbansound8k\audio/fold5/111671-8-0-2.wav,8,siren,5,"[1, 3, 8]"
156869-8-0-11,/tmp\sound_datasets\urbansound8k\audio/fold5/156869-8-0-11.wav,8,siren,5,"[1, 3, 8]"
71171-4-2-1,/tmp\sound_datasets\urbansound8k\audio/fold5/71171-4-2-1.wav,4,drilling,5,"[2, 4, 4]"
189895-3-0-0,/tmp\sound_datasets\urbansound8k\audio/fold5/189895-3-0-0.wav,3,dog_bark,5,"[0, 1, 3]"
85663-3-0-0,/tmp\sound_datasets\urbansound8k\audio/fold5/85663-3-0-0.wav,3,dog_bark,5,"[0, 1, 3]"
71171-4-0-3,/tmp\sound_datasets\urbansound8k\audio/fold5/71171-4-0-3.wav,4,drilling,5,"[2, 4, 4]"
180128-4-11-1,/tmp\sound_datasets\urbansound8k\audio/fold5/180128-4-11-1.wav,4,drilling,5,"[2, 4, 4]"
108357-9-0-30,/tmp\sound_datasets\urbansound8k\audio/fold5/108357-9-0-30.wav,9,street_music,5,"[3, 7, 9]"
173993-3-0-51,/tmp\sound_datasets\urbansound8k\audio/fold5/173993-3-0-51.wav,3,dog_bark,5,"[0, 1, 3]"
181725-3-0-22,/tmp\sound_datasets\urbansound8k\audio/fold5/181725-3-0-22.wav,3,dog_bark,5,"[0, 1, 3]"
71173-2-0-21,/tmp\sound_datasets\urbansound8k\audio/fold5/71173-2-0-21.wav,2,children_playing,5,"[0, 0, 2]"
76566-3-0-8,/tmp\sound_datasets\urbansound8k\audio/fold5/76566-3-0-8.wav,3,dog_bark,5,"[0, 1, 3]"
72259-1-10-2,/tmp\sound_datasets\urbansound8k\audio/fold5/72259-1-10-2.wav,1,car_horn,5,"[1, 2, 1]"
178099-9-0-1,/tmp\sound_datasets\urbansound8k\audio/fold5/178099-9-0-1.wav,9,street_music,5,"[3, 7, 9]"
203913-8-1-0,/tmp\sound_datasets\urbansound8k\audio/fold5/203913-8-1-0.wav,8,siren,5,"[1, 3, 8]"
128152-9-0-48,/tmp\sound_datasets\urbansound8k\audio/fold5/128152-9-0-48.wav,9,street_music,5,"[3, 7, 9]"
80806-2-0-1,/tmp\sound_datasets\urbansound8k\audio/fold5/80806-2-0-1.wav,2,children_playing,5,"[0, 0, 2]"
13577-3-0-2,/tmp\sound_datasets\urbansound8k\audio/fold5/13577-3-0-2.wav,3,dog_bark,5,"[0, 1, 3]"
115239-9-0-1,/tmp\sound_datasets\urbansound8k\audio/fold5/115239-9-0-1.wav,9,street_music,5,"[3, 7, 9]"
170245-0-0-0,/tmp\sound_datasets\urbansound8k\audio/fold5/170245-0-0-0.wav,0,air_conditioner,5,"[2, 5, 0]"
178686-0-0-68,/tmp\sound_datasets\urbansound8k\audio/fold5/178686-0-0-68.wav,0,air_conditioner,5,"[2, 5, 0]"
179861-1-0-0,/tmp\sound_datasets\urbansound8k\audio/fold5/179861-1-0-0.wav,1,car_horn,5,"[1, 2, 1]"
102547-3-0-8,/tmp\sound_datasets\urbansound8k\audio/fold5/102547-3-0-8.wav,3,dog_bark,5,"[0, 1, 3]"
115239-9-0-5,/tmp\sound_datasets\urbansound8k\audio/fold5/115239-9-0-5.wav,9,street_music,5,"[3, 7, 9]"
178686-0-0-44,/tmp\sound_datasets\urbansound8k\audio/fold5/178686-0-0-44.wav,0,air_conditioner,5,"[2, 5, 0]"
162432-6-12-0,/tmp\sound_datasets\urbansound8k\audio/fold5/162432-6-12-0.wav,6,gun_shot,5,"[2, 6, 6]"
23219-5-1-2,/tmp\sound_datasets\urbansound8k\audio/fold5/23219-5-1-2.wav,5,engine_idling,5,"[1, 2, 5]"
49312-2-0-16,/tmp\sound_datasets\urbansound8k\audio/fold5/49312-2-0-16.wav,2,children_playing,5,"[0, 0, 2]"
178497-3-0-6,/tmp\sound_datasets\urbansound8k\audio/fold5/178497-3-0-6.wav,3,dog_bark,5,"[0, 1, 3]"
80806-2-0-5,/tmp\sound_datasets\urbansound8k\audio/fold5/80806-2-0-5.wav,2,children_playing,5,"[0, 0, 2]"
72259-1-10-6,/tmp\sound_datasets\urbansound8k\audio/fold5/72259-1-10-6.wav,1,car_horn,5,"[1, 2, 1]"
191382-3-1-0,/tmp\sound_datasets\urbansound8k\audio/fold5/191382-3-1-0.wav,3,dog_bark,5,"[0, 1, 3]"
155243-9-0-32,/tmp\sound_datasets\urbansound8k\audio/fold5/155243-9-0-32.wav,9,street_music,5,"[3, 7, 9]"
203913-8-1-4,/tmp\sound_datasets\urbansound8k\audio/fold5/203913-8-1-4.wav,8,siren,5,"[1, 3, 8]"
26177-1-2-0,/tmp\sound_datasets\urbansound8k\audio/fold5/26177-1-2-0.wav,1,car_horn,5,"[1, 2, 1]"
100263-2-0-117,/tmp\sound_datasets\urbansound8k\audio/fold5/100263-2-0-117.wav,2,children_playing,5,"[0, 0, 2]"
178260-7-1-9,/tmp\sound_datasets\urbansound8k\audio/fold5/178260-7-1-9.wav,7,jackhammer,5,"[2, 4, 7]"
108357-9-0-2,/tmp\sound_datasets\urbansound8k\audio/fold5/108357-9-0-2.wav,9,street_music,5,"[3, 7, 9]"
162432-6-8-0,/tmp\sound_datasets\urbansound8k\audio/fold5/162432-6-8-0.wav,6,gun_shot,5,"[2, 6, 6]"
111671-8-0-6,/tmp\sound_datasets\urbansound8k\audio/fold5/111671-8-0-6.wav,8,siren,5,"[1, 3, 8]"
111671-8-0-7,/tmp\sound_datasets\urbansound8k\audio/fold5/111671-8-0-7.wav,8,siren,5,"[1, 3, 8]"
83196-9-0-3,/tmp\sound_datasets\urbansound8k\audio/fold5/83196-9-0-3.wav,9,street_music,5,"[3, 7, 9]"
65472-1-0-0,/tmp\sound_datasets\urbansound8k\audio/fold5/65472-1-0-0.wav,1,car_horn,5,"[1, 2, 1]"
178260-7-1-8,/tmp\sound_datasets\urbansound8k\audio/fold5/178260-7-1-8.wav,7,jackhammer,5,"[2, 4, 7]"
43787-3-1-0,/tmp\sound_datasets\urbansound8k\audio/fold5/43787-3-1-0.wav,3,dog_bark,5,"[0, 1, 3]"
104998-7-17-14,/tmp\sound_datasets\urbansound8k\audio/fold5/104998-7-17-14.wav,7,jackhammer,5,"[2, 4, 7]"
145611-6-1-0,/tmp\sound_datasets\urbansound8k\audio/fold5/145611-6-1-0.wav,6,gun_shot,5,"[2, 6, 6]"
165774-7-4-0,/tmp\sound_datasets\urbansound8k\audio/fold5/165774-7-4-0.wav,7,jackhammer,5,"[2, 4, 7]"
105425-9-0-10,/tmp\sound_datasets\urbansound8k\audio/fold5/105425-9-0-10.wav,9,street_music,5,"[3, 7, 9]"
203913-8-1-5,/tmp\sound_datasets\urbansound8k\audio/fold5/203913-8-1-5.wav,8,siren,5,"[1, 3, 8]"
191382-3-1-1,/tmp\sound_datasets\urbansound8k\audio/fold5/191382-3-1-1.wav,3,dog_bark,5,"[0, 1, 3]"
72259-1-10-7,/tmp\sound_datasets\urbansound8k\audio/fold5/72259-1-10-7.wav,1,car_horn,5,"[1, 2, 1]"
71173-2-0-24,/tmp\sound_datasets\urbansound8k\audio/fold5/71173-2-0-24.wav,2,children_playing,5,"[0, 0, 2]"
26184-5-3-0,/tmp\sound_datasets\urbansound8k\audio/fold5/26184-5-3-0.wav,5,engine_idling,5,"[1, 2, 5]"
139948-3-2-0,/tmp\sound_datasets\urbansound8k\audio/fold5/139948-3-2-0.wav,3,dog_bark,5,"[0, 1, 3]"
80806-2-0-4,/tmp\sound_datasets\urbansound8k\audio/fold5/80806-2-0-4.wav,2,children_playing,5,"[0, 0, 2]"
72259-1-7-22,/tmp\sound_datasets\urbansound8k\audio/fold5/72259-1-7-22.wav,1,car_horn,5,"[1, 2, 1]"
104998-7-19-0,/tmp\sound_datasets\urbansound8k\audio/fold5/104998-7-19-0.wav,7,jackhammer,5,"[2, 4, 7]"
118440-4-2-0,/tmp\sound_datasets\urbansound8k\audio/fold5/118440-4-2-0.wav,4,drilling,5,"[2, 4, 4]"
49312-2-0-17,/tmp\sound_datasets\urbansound8k\audio/fold5/49312-2-0-17.wav,2,children_playing,5,"[0, 0, 2]"
178686-0-0-45,/tmp\sound_datasets\urbansound8k\audio/fold5/178686-0-0-45.wav,0,air_conditioner,5,"[2, 5, 0]"
145609-6-0-0,/tmp\sound_datasets\urbansound8k\audio/fold5/145609-6-0-0.wav,6,gun_shot,5,"[2, 6, 6]"
115239-9-0-4,/tmp\sound_datasets\urbansound8k\audio/fold5/115239-9-0-4.wav,9,street_music,5,"[3, 7, 9]"
26184-5-1-0,/tmp\sound_datasets\urbansound8k\audio/fold5/26184-5-1-0.wav,5,engine_idling,5,"[1, 2, 5]"
139948-3-0-0,/tmp\sound_datasets\urbansound8k\audio/fold5/139948-3-0-0.wav,3,dog_bark,5,"[0, 1, 3]"
171388-9-0-88,/tmp\sound_datasets\urbansound8k\audio/fold5/171388-9-0-88.wav,9,street_music,5,"[3, 7, 9]"
178686-0-0-53,/tmp\sound_datasets\urbansound8k\audio/fold5/178686-0-0-53.wav,0,air_conditioner,5,"[2, 5, 0]"
100263-2-0-3,/tmp\sound_datasets\urbansound8k\audio/fold5/100263-2-0-3.wav,2,children_playing,5,"[0, 0, 2]"
71171-4-4-0,/tmp\sound_datasets\urbansound8k\audio/fold5/71171-4-4-0.wav,4,drilling,5,"[2, 4, 4]"
128152-9-0-67,/tmp\sound_datasets\urbansound8k\audio/fold5/128152-9-0-67.wav,9,street_music,5,"[3, 7, 9]"
23219-5-1-1,/tmp\sound_datasets\urbansound8k\audio/fold5/23219-5-1-1.wav,5,engine_idling,5,"[1, 2, 5]"
165774-7-6-0,/tmp\sound_datasets\urbansound8k\audio/fold5/165774-7-6-0.wav,7,jackhammer,5,"[2, 4, 7]"
72259-1-7-20,/tmp\sound_datasets\urbansound8k\audio/fold5/72259-1-7-20.wav,1,car_horn,5,"[1, 2, 1]"
72259-1-10-5,/tmp\sound_datasets\urbansound8k\audio/fold5/72259-1-10-5.wav,1,car_horn,5,"[1, 2, 1]"
178099-9-0-6,/tmp\sound_datasets\urbansound8k\audio/fold5/178099-9-0-6.wav,9,street_music,5,"[3, 7, 9]"
105425-9-0-12,/tmp\sound_datasets\urbansound8k\audio/fold5/105425-9-0-12.wav,9,street_music,5,"[3, 7, 9]"
29937-3-0-8,/tmp\sound_datasets\urbansound8k\audio/fold5/29937-3-0-8.wav,3,dog_bark,5,"[0, 1, 3]"
118440-4-0-0,/tmp\sound_datasets\urbansound8k\audio/fold5/118440-4-0-0.wav,4,drilling,5,"[2, 4, 4]"
171388-9-0-225,/tmp\sound_datasets\urbansound8k\audio/fold5/171388-9-0-225.wav,9,street_music,5,"[3, 7, 9]"
110371-3-1-1,/tmp\sound_datasets\urbansound8k\audio/fold5/110371-3-1-1.wav,3,dog_bark,5,"[0, 1, 3]"
180128-4-17-0,/tmp\sound_datasets\urbansound8k\audio/fold5/180128-4-17-0.wav,4,drilling,5,"[2, 4, 4]"
77233-3-0-67,/tmp\sound_datasets\urbansound8k\audio/fold5/77233-3-0-67.wav,3,dog_bark,5,"[0, 1, 3]"
178260-7-3-8,/tmp\sound_datasets\urbansound8k\audio/fold5/178260-7-3-8.wav,7,jackhammer,5,"[2, 4, 7]"
180125-4-3-24,/tmp\sound_datasets\urbansound8k\audio/fold5/180125-4-3-24.wav,4,drilling,5,"[2, 4, 4]"
159439-2-0-30,/tmp\sound_datasets\urbansound8k\audio/fold5/159439-2-0-30.wav,2,children_playing,5,"[0, 0, 2]"
71171-4-0-4,/tmp\sound_datasets\urbansound8k\audio/fold5/71171-4-0-4.wav,4,drilling,5,"[2, 4, 4]"
104998-7-9-0,/tmp\sound_datasets\urbansound8k\audio/fold5/104998-7-9-0.wav,7,jackhammer,5,"[2, 4, 7]"
17578-5-0-8,/tmp\sound_datasets\urbansound8k\audio/fold5/17578-5-0-8.wav,5,engine_idling,5,"[1, 2, 5]"
205874-4-10-0,/tmp\sound_datasets\urbansound8k\audio/fold5/205874-4-10-0.wav,4,drilling,5,"[2, 4, 4]"
145611-6-3-0,/tmp\sound_datasets\urbansound8k\audio/fold5/145611-6-3-0.wav,6,gun_shot,5,"[2, 6, 6]"
111671-8-0-5,/tmp\sound_datasets\urbansound8k\audio/fold5/111671-8-0-5.wav,8,siren,5,"[1, 3, 8]"
43787-3-3-0,/tmp\sound_datasets\urbansound8k\audio/fold5/43787-3-3-0.wav,3,dog_bark,5,"[0, 1, 3]"
194910-9-0-108,/tmp\sound_datasets\urbansound8k\audio/fold5/194910-9-0-108.wav,9,street_music,5,"[3, 7, 9]"
7066-6-0-0,/tmp\sound_datasets\urbansound8k\audio/fold5/7066-6-0-0.wav,6,gun_shot,5,"[2, 6, 6]"
111671-8-0-4,/tmp\sound_datasets\urbansound8k\audio/fold5/111671-8-0-4.wav,8,siren,5,"[1, 3, 8]"
17578-5-0-9,/tmp\sound_datasets\urbansound8k\audio/fold5/17578-5-0-9.wav,5,engine_idling,5,"[1, 2, 5]"
34771-3-0-10,/tmp\sound_datasets\urbansound8k\audio/fold5/34771-3-0-10.wav,3,dog_bark,5,"[0, 1, 3]"
71173-2-0-103,/tmp\sound_datasets\urbansound8k\audio/fold5/71173-2-0-103.wav,2,children_playing,5,"[0, 0, 2]"
72259-1-8-0,/tmp\sound_datasets\urbansound8k\audio/fold5/72259-1-8-0.wav,1,car_horn,5,"[1, 2, 1]"
159439-2-0-19,/tmp\sound_datasets\urbansound8k\audio/fold5/159439-2-0-19.wav,2,children_playing,5,"[0, 0, 2]"
178260-7-3-9,/tmp\sound_datasets\urbansound8k\audio/fold5/178260-7-3-9.wav,7,jackhammer,5,"[2, 4, 7]"
110371-3-1-0,/tmp\sound_datasets\urbansound8k\audio/fold5/110371-3-1-0.wav,3,dog_bark,5,"[0, 1, 3]"
105425-9-0-13,/tmp\sound_datasets\urbansound8k\audio/fold5/105425-9-0-13.wav,9,street_music,5,"[3, 7, 9]"
162432-6-10-0,/tmp\sound_datasets\urbansound8k\audio/fold5/162432-6-10-0.wav,6,gun_shot,5,"[2, 6, 6]"
155243-9-0-24,/tmp\sound_datasets\urbansound8k\audio/fold5/155243-9-0-24.wav,9,street_music,5,"[3, 7, 9]"
178099-9-0-7,/tmp\sound_datasets\urbansound8k\audio/fold5/178099-9-0-7.wav,9,street_music,5,"[3, 7, 9]"
155243-9-0-18,/tmp\sound_datasets\urbansound8k\audio/fold5/155243-9-0-18.wav,9,street_music,5,"[3, 7, 9]"
72259-1-10-4,/tmp\sound_datasets\urbansound8k\audio/fold5/72259-1-10-4.wav,1,car_horn,5,"[1, 2, 1]"
72259-1-7-21,/tmp\sound_datasets\urbansound8k\audio/fold5/72259-1-7-21.wav,1,car_horn,5,"[1, 2, 1]"
178497-3-0-4,/tmp\sound_datasets\urbansound8k\audio/fold5/178497-3-0-4.wav,3,dog_bark,5,"[0, 1, 3]"
80806-2-0-7,/tmp\sound_datasets\urbansound8k\audio/fold5/80806-2-0-7.wav,2,children_playing,5,"[0, 0, 2]"
23219-5-1-0,/tmp\sound_datasets\urbansound8k\audio/fold5/23219-5-1-0.wav,5,engine_idling,5,"[1, 2, 5]"
65381-3-0-3,/tmp\sound_datasets\urbansound8k\audio/fold5/65381-3-0-3.wav,3,dog_bark,5,"[0, 1, 3]"
104998-7-19-3,/tmp\sound_datasets\urbansound8k\audio/fold5/104998-7-19-3.wav,7,jackhammer,5,"[2, 4, 7]"
26177-1-0-0,/tmp\sound_datasets\urbansound8k\audio/fold5/26177-1-0-0.wav,1,car_horn,5,"[1, 2, 1]"
172460-9-0-91,/tmp\sound_datasets\urbansound8k\audio/fold5/172460-9-0-91.wav,9,street_music,5,"[3, 7, 9]"
178686-0-0-46,/tmp\sound_datasets\urbansound8k\audio/fold5/178686-0-0-46.wav,0,air_conditioner,5,"[2, 5, 0]"
17578-5-0-28,/tmp\sound_datasets\urbansound8k\audio/fold5/17578-5-0-28.wav,5,engine_idling,5,"[1, 2, 5]"
178686-0-0-21,/tmp\sound_datasets\urbansound8k\audio/fold5/178686-0-0-21.wav,0,air_conditioner,5,"[2, 5, 0]"
85569-0-0-1,/tmp\sound_datasets\urbansound8k\audio/fold5/85569-0-0-1.wav,0,air_conditioner,5,"[2, 5, 0]"
104998-7-8-6,/tmp\sound_datasets\urbansound8k\audio/fold5/104998-7-8-6.wav,7,jackhammer,5,"[2, 4, 7]"
17578-5-0-14,/tmp\sound_datasets\urbansound8k\audio/fold5/17578-5-0-14.wav,5,engine_idling,5,"[1, 2, 5]"
165774-7-1-0,/tmp\sound_datasets\urbansound8k\audio/fold5/165774-7-1-0.wav,7,jackhammer,5,"[2, 4, 7]"
62566-5-2-0,/tmp\sound_datasets\urbansound8k\audio/fold5/62566-5-2-0.wav,5,engine_idling,5,"[1, 2, 5]"
71171-4-3-0,/tmp\sound_datasets\urbansound8k\audio/fold5/71171-4-3-0.wav,4,drilling,5,"[2, 4, 4]"
100852-0-0-20,/tmp\sound_datasets\urbansound8k\audio/fold5/100852-0-0-20.wav,0,air_conditioner,5,"[2, 5, 0]"
121286-0-0-12,/tmp\sound_datasets\urbansound8k\audio/fold5/121286-0-0-12.wav,0,air_conditioner,5,"[2, 5, 0]"
72259-1-9-7,/tmp\sound_datasets\urbansound8k\audio/fold5/72259-1-9-7.wav,1,car_horn,5,"[1, 2, 1]"
26184-5-4-2,/tmp\sound_datasets\urbansound8k\audio/fold5/26184-5-4-2.wav,5,engine_idling,5,"[1, 2, 5]"
111671-8-0-12,/tmp\sound_datasets\urbansound8k\audio/fold5/111671-8-0-12.wav,8,siren,5,"[1, 3, 8]"
162318-2-0-38,/tmp\sound_datasets\urbansound8k\audio/fold5/162318-2-0-38.wav,2,children_playing,5,"[0, 0, 2]"
62566-5-0-2,/tmp\sound_datasets\urbansound8k\audio/fold5/62566-5-0-2.wav,5,engine_idling,5,"[1, 2, 5]"
72259-1-7-8,/tmp\sound_datasets\urbansound8k\audio/fold5/72259-1-7-8.wav,1,car_horn,5,"[1, 2, 1]"
71171-4-1-2,/tmp\sound_datasets\urbansound8k\audio/fold5/71171-4-1-2.wav,4,drilling,5,"[2, 4, 4]"
100852-0-0-9,/tmp\sound_datasets\urbansound8k\audio/fold5/100852-0-0-9.wav,0,air_conditioner,5,"[2, 5, 0]"
118440-4-7-0,/tmp\sound_datasets\urbansound8k\audio/fold5/118440-4-7-0.wav,4,drilling,5,"[2, 4, 4]"
191382-3-0-5,/tmp\sound_datasets\urbansound8k\audio/fold5/191382-3-0-5.wav,3,dog_bark,5,"[0, 1, 3]"
203913-8-0-1,/tmp\sound_datasets\urbansound8k\audio/fold5/203913-8-0-1.wav,8,siren,5,"[1, 3, 8]"
205874-4-8-0,/tmp\sound_datasets\urbansound8k\audio/fold5/205874-4-8-0.wav,4,drilling,5,"[2, 4, 4]"
145611-6-4-0,/tmp\sound_datasets\urbansound8k\audio/fold5/145611-6-4-0.wav,6,gun_shot,5,"[2, 6, 6]"
139665-9-0-23,/tmp\sound_datasets\urbansound8k\audio/fold5/139665-9-0-23.wav,9,street_music,5,"[3, 7, 9]"
197243-3-1-0,/tmp\sound_datasets\urbansound8k\audio/fold5/197243-3-1-0.wav,3,dog_bark,5,"[0, 1, 3]"
23219-5-0-7,/tmp\sound_datasets\urbansound8k\audio/fold5/23219-5-0-7.wav,5,engine_idling,5,"[1, 2, 5]"
196085-2-0-3,/tmp\sound_datasets\urbansound8k\audio/fold5/196085-2-0-3.wav,2,children_playing,5,"[0, 0, 2]"
204408-2-0-36,/tmp\sound_datasets\urbansound8k\audio/fold5/204408-2-0-36.wav,2,children_playing,5,"[0, 0, 2]"
23219-5-0-6,/tmp\sound_datasets\urbansound8k\audio/fold5/23219-5-0-6.wav,5,engine_idling,5,"[1, 2, 5]"
196085-2-0-2,/tmp\sound_datasets\urbansound8k\audio/fold5/196085-2-0-2.wav,2,children_playing,5,"[0, 0, 2]"
178825-2-0-62,/tmp\sound_datasets\urbansound8k\audio/fold5/178825-2-0-62.wav,2,children_playing,5,"[0, 0, 2]"
105425-9-0-1,/tmp\sound_datasets\urbansound8k\audio/fold5/105425-9-0-1.wav,9,street_music,5,"[3, 7, 9]"
108357-9-0-44,/tmp\sound_datasets\urbansound8k\audio/fold5/108357-9-0-44.wav,9,street_music,5,"[3, 7, 9]"
203913-8-0-0,/tmp\sound_datasets\urbansound8k\audio/fold5/203913-8-0-0.wav,8,siren,5,"[1, 3, 8]"
190893-2-0-21,/tmp\sound_datasets\urbansound8k\audio/fold5/190893-2-0-21.wav,2,children_playing,5,"[0, 0, 2]"
173993-3-0-25,/tmp\sound_datasets\urbansound8k\audio/fold5/173993-3-0-25.wav,3,dog_bark,5,"[0, 1, 3]"
100852-0-0-8,/tmp\sound_datasets\urbansound8k\audio/fold5/100852-0-0-8.wav,0,air_conditioner,5,"[2, 5, 0]"
71171-4-1-3,/tmp\sound_datasets\urbansound8k\audio/fold5/71171-4-1-3.wav,4,drilling,5,"[2, 4, 4]"
72259-1-7-9,/tmp\sound_datasets\urbansound8k\audio/fold5/72259-1-7-9.wav,1,car_horn,5,"[1, 2, 1]"
62566-5-0-3,/tmp\sound_datasets\urbansound8k\audio/fold5/62566-5-0-3.wav,5,engine_idling,5,"[1, 2, 5]"
162318-2-0-39,/tmp\sound_datasets\urbansound8k\audio/fold5/162318-2-0-39.wav,2,children_playing,5,"[0, 0, 2]"
111671-8-0-13,/tmp\sound_datasets\urbansound8k\audio/fold5/111671-8-0-13.wav,8,siren,5,"[1, 3, 8]"
26184-5-4-3,/tmp\sound_datasets\urbansound8k\audio/fold5/26184-5-4-3.wav,5,engine_idling,5,"[1, 2, 5]"
100263-2-0-36,/tmp\sound_datasets\urbansound8k\audio/fold5/100263-2-0-36.wav,2,children_playing,5,"[0, 0, 2]"
121286-0-0-13,/tmp\sound_datasets\urbansound8k\audio/fold5/121286-0-0-13.wav,0,air_conditioner,5,"[2, 5, 0]"
72259-1-9-6,/tmp\sound_datasets\urbansound8k\audio/fold5/72259-1-9-6.wav,1,car_horn,5,"[1, 2, 1]"
71173-2-0-69,/tmp\sound_datasets\urbansound8k\audio/fold5/71173-2-0-69.wav,2,children_playing,5,"[0, 0, 2]"
155243-9-0-42,/tmp\sound_datasets\urbansound8k\audio/fold5/155243-9-0-42.wav,9,street_music,5,"[3, 7, 9]"
100852-0-0-21,/tmp\sound_datasets\urbansound8k\audio/fold5/100852-0-0-21.wav,0,air_conditioner,5,"[2, 5, 0]"
71171-4-3-1,/tmp\sound_datasets\urbansound8k\audio/fold5/71171-4-3-1.wav,4,drilling,5,"[2, 4, 4]"
17578-5-0-15,/tmp\sound_datasets\urbansound8k\audio/fold5/17578-5-0-15.wav,5,engine_idling,5,"[1, 2, 5]"
85569-0-0-0,/tmp\sound_datasets\urbansound8k\audio/fold5/85569-0-0-0.wav,0,air_conditioner,5,"[2, 5, 0]"
104998-7-8-7,/tmp\sound_datasets\urbansound8k\audio/fold5/104998-7-8-7.wav,7,jackhammer,5,"[2, 4, 7]"
17578-5-0-29,/tmp\sound_datasets\urbansound8k\audio/fold5/17578-5-0-29.wav,5,engine_idling,5,"[1, 2, 5]"
180125-4-2-17,/tmp\sound_datasets\urbansound8k\audio/fold5/180125-4-2-17.wav,4,drilling,5,"[2, 4, 4]"
178686-0-0-34,/tmp\sound_datasets\urbansound8k\audio/fold5/178686-0-0-34.wav,0,air_conditioner,5,"[2, 5, 0]"
180125-4-2-15,/tmp\sound_datasets\urbansound8k\audio/fold5/180125-4-2-15.wav,4,drilling,5,"[2, 4, 4]"
178686-0-0-6,/tmp\sound_datasets\urbansound8k\audio/fold5/178686-0-0-6.wav,0,air_conditioner,5,"[2, 5, 0]"
85569-0-0-2,/tmp\sound_datasets\urbansound8k\audio/fold5/85569-0-0-2.wav,0,air_conditioner,5,"[2, 5, 0]"
100852-0-0-23,/tmp\sound_datasets\urbansound8k\audio/fold5/100852-0-0-23.wav,0,air_conditioner,5,"[2, 5, 0]"
72259-1-9-4,/tmp\sound_datasets\urbansound8k\audio/fold5/72259-1-9-4.wav,1,car_horn,5,"[1, 2, 1]"
121286-0-0-11,/tmp\sound_datasets\urbansound8k\audio/fold5/121286-0-0-11.wav,0,air_conditioner,5,"[2, 5, 0]"
26184-5-4-1,/tmp\sound_datasets\urbansound8k\audio/fold5/26184-5-4-1.wav,5,engine_idling,5,"[1, 2, 5]"
111671-8-0-11,/tmp\sound_datasets\urbansound8k\audio/fold5/111671-8-0-11.wav,8,siren,5,"[1, 3, 8]"
52102-1-0-0,/tmp\sound_datasets\urbansound8k\audio/fold5/52102-1-0-0.wav,1,car_horn,5,"[1, 2, 1]"
62566-5-0-1,/tmp\sound_datasets\urbansound8k\audio/fold5/62566-5-0-1.wav,5,engine_idling,5,"[1, 2, 5]"
71171-4-1-1,/tmp\sound_datasets\urbansound8k\audio/fold5/71171-4-1-1.wav,4,drilling,5,"[2, 4, 4]"
203913-8-0-2,/tmp\sound_datasets\urbansound8k\audio/fold5/203913-8-0-2.wav,8,siren,5,"[1, 3, 8]"
190893-2-0-23,/tmp\sound_datasets\urbansound8k\audio/fold5/190893-2-0-23.wav,2,children_playing,5,"[0, 0, 2]"
45256-1-0-0,/tmp\sound_datasets\urbansound8k\audio/fold5/45256-1-0-0.wav,1,car_horn,5,"[1, 2, 1]"
131199-3-0-0,/tmp\sound_datasets\urbansound8k\audio/fold5/131199-3-0-0.wav,3,dog_bark,5,"[0, 1, 3]"
178825-2-0-74,/tmp\sound_datasets\urbansound8k\audio/fold5/178825-2-0-74.wav,2,children_playing,5,"[0, 0, 2]"
159703-6-0-0,/tmp\sound_datasets\urbansound8k\audio/fold5/159703-6-0-0.wav,6,gun_shot,5,"[2, 6, 6]"
204408-2-0-21,/tmp\sound_datasets\urbansound8k\audio/fold5/204408-2-0-21.wav,2,children_playing,5,"[0, 0, 2]"
196085-2-0-0,/tmp\sound_datasets\urbansound8k\audio/fold5/196085-2-0-0.wav,2,children_playing,5,"[0, 0, 2]"
23219-5-0-4,/tmp\sound_datasets\urbansound8k\audio/fold5/23219-5-0-4.wav,5,engine_idling,5,"[1, 2, 5]"
196085-2-0-1,/tmp\sound_datasets\urbansound8k\audio/fold5/196085-2-0-1.wav,2,children_playing,5,"[0, 0, 2]"
23219-5-0-5,/tmp\sound_datasets\urbansound8k\audio/fold5/23219-5-0-5.wav,5,engine_idling,5,"[1, 2, 5]"
31150-2-0-24,/tmp\sound_datasets\urbansound8k\audio/fold5/31150-2-0-24.wav,2,children_playing,5,"[0, 0, 2]"
203654-9-0-42,/tmp\sound_datasets\urbansound8k\audio/fold5/203654-9-0-42.wav,9,street_music,5,"[3, 7, 9]"
203913-8-0-3,/tmp\sound_datasets\urbansound8k\audio/fold5/203913-8-0-3.wav,8,siren,5,"[1, 3, 8]"
71171-4-1-0,/tmp\sound_datasets\urbansound8k\audio/fold5/71171-4-1-0.wav,4,drilling,5,"[2, 4, 4]"
165774-7-3-0,/tmp\sound_datasets\urbansound8k\audio/fold5/165774-7-3-0.wav,7,jackhammer,5,"[2, 4, 7]"
62566-5-0-0,/tmp\sound_datasets\urbansound8k\audio/fold5/62566-5-0-0.wav,5,engine_idling,5,"[1, 2, 5]"
104998-7-9-13,/tmp\sound_datasets\urbansound8k\audio/fold5/104998-7-9-13.wav,7,jackhammer,5,"[2, 4, 7]"
111671-8-0-10,/tmp\sound_datasets\urbansound8k\audio/fold5/111671-8-0-10.wav,8,siren,5,"[1, 3, 8]"
26184-5-4-0,/tmp\sound_datasets\urbansound8k\audio/fold5/26184-5-4-0.wav,5,engine_idling,5,"[1, 2, 5]"
109263-9-0-54,/tmp\sound_datasets\urbansound8k\audio/fold5/109263-9-0-54.wav,9,street_music,5,"[3, 7, 9]"
72259-1-9-5,/tmp\sound_datasets\urbansound8k\audio/fold5/72259-1-9-5.wav,1,car_horn,5,"[1, 2, 1]"
121286-0-0-10,/tmp\sound_datasets\urbansound8k\audio/fold5/121286-0-0-10.wav,0,air_conditioner,5,"[2, 5, 0]"
155243-9-0-55,/tmp\sound_datasets\urbansound8k\audio/fold5/155243-9-0-55.wav,9,street_music,5,"[3, 7, 9]"
71171-4-3-2,/tmp\sound_datasets\urbansound8k\audio/fold5/71171-4-3-2.wav,4,drilling,5,"[2, 4, 4]"
100852-0-0-22,/tmp\sound_datasets\urbansound8k\audio/fold5/100852-0-0-22.wav,0,air_conditioner,5,"[2, 5, 0]"
118440-4-5-0,/tmp\sound_datasets\urbansound8k\audio/fold5/118440-4-5-0.wav,4,drilling,5,"[2, 4, 4]"
180128-4-12-0,/tmp\sound_datasets\urbansound8k\audio/fold5/180128-4-12-0.wav,4,drilling,5,"[2, 4, 4]"
104998-7-8-4,/tmp\sound_datasets\urbansound8k\audio/fold5/104998-7-8-4.wav,7,jackhammer,5,"[2, 4, 7]"
85569-0-0-3,/tmp\sound_datasets\urbansound8k\audio/fold5/85569-0-0-3.wav,0,air_conditioner,5,"[2, 5, 0]"
39533-4-1-0,/tmp\sound_datasets\urbansound8k\audio/fold5/39533-4-1-0.wav,4,drilling,5,"[2, 4, 4]"
17578-5-0-16,/tmp\sound_datasets\urbansound8k\audio/fold5/17578-5-0-16.wav,5,engine_idling,5,"[1, 2, 5]"
178686-0-0-23,/tmp\sound_datasets\urbansound8k\audio/fold5/178686-0-0-23.wav,0,air_conditioner,5,"[2, 5, 0]"
180125-4-2-14,/tmp\sound_datasets\urbansound8k\audio/fold5/180125-4-2-14.wav,4,drilling,5,"[2, 4, 4]"
178686-0-0-7,/tmp\sound_datasets\urbansound8k\audio/fold5/178686-0-0-7.wav,0,air_conditioner,5,"[2, 5, 0]"
17578-5-0-12,/tmp\sound_datasets\urbansound8k\audio/fold5/17578-5-0-12.wav,5,engine_idling,5,"[1, 2, 5]"
85569-0-0-7,/tmp\sound_datasets\urbansound8k\audio/fold5/85569-0-0-7.wav,0,air_conditioner,5,"[2, 5, 0]"
145611-6-2-0,/tmp\sound_datasets\urbansound8k\audio/fold5/145611-6-2-0.wav,6,gun_shot,5,"[2, 6, 6]"
178686-0-0-3,/tmp\sound_datasets\urbansound8k\audio/fold5/178686-0-0-3.wav,0,air_conditioner,5,"[2, 5, 0]"
205874-4-11-0,/tmp\sound_datasets\urbansound8k\audio/fold5/205874-4-11-0.wav,4,drilling,5,"[2, 4, 4]"
178686-0-0-33,/tmp\sound_datasets\urbansound8k\audio/fold5/178686-0-0-33.wav,0,air_conditioner,5,"[2, 5, 0]"
128152-9-0-126,/tmp\sound_datasets\urbansound8k\audio/fold5/128152-9-0-126.wav,9,street_music,5,"[3, 7, 9]"
100852-0-0-26,/tmp\sound_datasets\urbansound8k\audio/fold5/100852-0-0-26.wav,0,air_conditioner,5,"[2, 5, 0]"
43787-3-2-0,/tmp\sound_datasets\urbansound8k\audio/fold5/43787-3-2-0.wav,3,dog_bark,5,"[0, 1, 3]"
121286-0-0-8,/tmp\sound_datasets\urbansound8k\audio/fold5/121286-0-0-8.wav,0,air_conditioner,5,"[2, 5, 0]"
109263-9-0-78,/tmp\sound_datasets\urbansound8k\audio/fold5/109263-9-0-78.wav,9,street_music,5,"[3, 7, 9]"
111671-8-0-14,/tmp\sound_datasets\urbansound8k\audio/fold5/111671-8-0-14.wav,8,siren,5,"[1, 3, 8]"
121286-0-0-14,/tmp\sound_datasets\urbansound8k\audio/fold5/121286-0-0-14.wav,0,air_conditioner,5,"[2, 5, 0]"
72259-1-9-1,/tmp\sound_datasets\urbansound8k\audio/fold5/72259-1-9-1.wav,1,car_horn,5,"[1, 2, 1]"
71171-4-1-4,/tmp\sound_datasets\urbansound8k\audio/fold5/71171-4-1-4.wav,4,drilling,5,"[2, 4, 4]"
80806-2-0-10,/tmp\sound_datasets\urbansound8k\audio/fold5/80806-2-0-10.wav,2,children_playing,5,"[0, 0, 2]"
62566-5-0-4,/tmp\sound_datasets\urbansound8k\audio/fold5/62566-5-0-4.wav,5,engine_idling,5,"[1, 2, 5]"
203913-8-0-7,/tmp\sound_datasets\urbansound8k\audio/fold5/203913-8-0-7.wav,8,siren,5,"[1, 3, 8]"
118440-4-1-0,/tmp\sound_datasets\urbansound8k\audio/fold5/118440-4-1-0.wav,4,drilling,5,"[2, 4, 4]"
110371-3-0-1,/tmp\sound_datasets\urbansound8k\audio/fold5/110371-3-0-1.wav,3,dog_bark,5,"[0, 1, 3]"
26184-5-0-0,/tmp\sound_datasets\urbansound8k\audio/fold5/26184-5-0-0.wav,5,engine_idling,5,"[1, 2, 5]"
139665-9-0-19,/tmp\sound_datasets\urbansound8k\audio/fold5/139665-9-0-19.wav,9,street_music,5,"[3, 7, 9]"
139948-3-1-0,/tmp\sound_datasets\urbansound8k\audio/fold5/139948-3-1-0.wav,3,dog_bark,5,"[0, 1, 3]"
139665-9-0-25,/tmp\sound_datasets\urbansound8k\audio/fold5/139665-9-0-25.wav,9,street_music,5,"[3, 7, 9]"
71171-4-5-0,/tmp\sound_datasets\urbansound8k\audio/fold5/71171-4-5-0.wav,4,drilling,5,"[2, 4, 4]"
23219-5-0-1,/tmp\sound_datasets\urbansound8k\audio/fold5/23219-5-0-1.wav,5,engine_idling,5,"[1, 2, 5]"
31150-2-0-34,/tmp\sound_datasets\urbansound8k\audio/fold5/31150-2-0-34.wav,2,children_playing,5,"[0, 0, 2]"
165774-7-7-0,/tmp\sound_datasets\urbansound8k\audio/fold5/165774-7-7-0.wav,7,jackhammer,5,"[2, 4, 7]"
156634-5-0-9,/tmp\sound_datasets\urbansound8k\audio/fold5/156634-5-0-9.wav,5,engine_idling,5,"[1, 2, 5]"
156634-5-0-8,/tmp\sound_datasets\urbansound8k\audio/fold5/156634-5-0-8.wav,5,engine_idling,5,"[1, 2, 5]"
204408-2-0-19,/tmp\sound_datasets\urbansound8k\audio/fold5/204408-2-0-19.wav,2,children_playing,5,"[0, 0, 2]"
23219-5-0-0,/tmp\sound_datasets\urbansound8k\audio/fold5/23219-5-0-0.wav,5,engine_idling,5,"[1, 2, 5]"
104998-7-18-3,/tmp\sound_datasets\urbansound8k\audio/fold5/104998-7-18-3.wav,7,jackhammer,5,"[2, 4, 7]"
196085-2-0-4,/tmp\sound_datasets\urbansound8k\audio/fold5/196085-2-0-4.wav,2,children_playing,5,"[0, 0, 2]"
26177-1-1-0,/tmp\sound_datasets\urbansound8k\audio/fold5/26177-1-1-0.wav,1,car_horn,5,"[1, 2, 1]"
178825-2-0-70,/tmp\sound_datasets\urbansound8k\audio/fold5/178825-2-0-70.wav,2,children_playing,5,"[0, 0, 2]"
100263-2-0-161,/tmp\sound_datasets\urbansound8k\audio/fold5/100263-2-0-161.wav,2,children_playing,5,"[0, 0, 2]"
180128-4-16-1,/tmp\sound_datasets\urbansound8k\audio/fold5/180128-4-16-1.wav,4,drilling,5,"[2, 4, 4]"
190893-2-0-27,/tmp\sound_datasets\urbansound8k\audio/fold5/190893-2-0-27.wav,2,children_playing,5,"[0, 0, 2]"
203913-8-0-6,/tmp\sound_datasets\urbansound8k\audio/fold5/203913-8-0-6.wav,8,siren,5,"[1, 3, 8]"
162432-6-11-0,/tmp\sound_datasets\urbansound8k\audio/fold5/162432-6-11-0.wav,6,gun_shot,5,"[2, 6, 6]"
62566-5-0-5,/tmp\sound_datasets\urbansound8k\audio/fold5/62566-5-0-5.wav,5,engine_idling,5,"[1, 2, 5]"
13577-3-5-0,/tmp\sound_datasets\urbansound8k\audio/fold5/13577-3-5-0.wav,3,dog_bark,5,"[0, 1, 3]"
71171-4-1-5,/tmp\sound_datasets\urbansound8k\audio/fold5/71171-4-1-5.wav,4,drilling,5,"[2, 4, 4]"
162318-2-0-17,/tmp\sound_datasets\urbansound8k\audio/fold5/162318-2-0-17.wav,2,children_playing,5,"[0, 0, 2]"
121286-0-0-15,/tmp\sound_datasets\urbansound8k\audio/fold5/121286-0-0-15.wav,0,air_conditioner,5,"[2, 5, 0]"
72259-1-9-0,/tmp\sound_datasets\urbansound8k\audio/fold5/72259-1-9-0.wav,1,car_horn,5,"[1, 2, 1]"
111671-8-0-15,/tmp\sound_datasets\urbansound8k\audio/fold5/111671-8-0-15.wav,8,siren,5,"[1, 3, 8]"
178825-2-0-4,/tmp\sound_datasets\urbansound8k\audio/fold5/178825-2-0-4.wav,2,children_playing,5,"[0, 0, 2]"
7066-6-1-0,/tmp\sound_datasets\urbansound8k\audio/fold5/7066-6-1-0.wav,6,gun_shot,5,"[2, 6, 6]"
121286-0-0-9,/tmp\sound_datasets\urbansound8k\audio/fold5/121286-0-0-9.wav,0,air_conditioner,5,"[2, 5, 0]"
100852-0-0-27,/tmp\sound_datasets\urbansound8k\audio/fold5/100852-0-0-27.wav,0,air_conditioner,5,"[2, 5, 0]"
180128-4-9-0,/tmp\sound_datasets\urbansound8k\audio/fold5/180128-4-9-0.wav,4,drilling,5,"[2, 4, 4]"
178686-0-0-2,/tmp\sound_datasets\urbansound8k\audio/fold5/178686-0-0-2.wav,0,air_conditioner,5,"[2, 5, 0]"
85569-0-0-6,/tmp\sound_datasets\urbansound8k\audio/fold5/85569-0-0-6.wav,0,air_conditioner,5,"[2, 5, 0]"
104998-7-10-8,/tmp\sound_datasets\urbansound8k\audio/fold5/104998-7-10-8.wav,7,jackhammer,5,"[2, 4, 7]"
85569-0-0-4,/tmp\sound_datasets\urbansound8k\audio/fold5/85569-0-0-4.wav,0,air_conditioner,5,"[2, 5, 0]"
160010-2-0-38,/tmp\sound_datasets\urbansound8k\audio/fold5/160010-2-0-38.wav,2,children_playing,5,"[0, 0, 2]"
178686-0-0-18,/tmp\sound_datasets\urbansound8k\audio/fold5/178686-0-0-18.wav,0,air_conditioner,5,"[2, 5, 0]"
17578-5-0-11,/tmp\sound_datasets\urbansound8k\audio/fold5/17578-5-0-11.wav,5,engine_idling,5,"[1, 2, 5]"
180125-4-2-13,/tmp\sound_datasets\urbansound8k\audio/fold5/180125-4-2-13.wav,4,drilling,5,"[2, 4, 4]"
162432-6-9-0,/tmp\sound_datasets\urbansound8k\audio/fold5/162432-6-9-0.wav,6,gun_shot,5,"[2, 6, 6]"
128152-9-0-10,/tmp\sound_datasets\urbansound8k\audio/fold5/128152-9-0-10.wav,9,street_music,5,"[3, 7, 9]"
156869-8-0-8,/tmp\sound_datasets\urbansound8k\audio/fold5/156869-8-0-8.wav,8,siren,5,"[1, 3, 8]"
100852-0-0-25,/tmp\sound_datasets\urbansound8k\audio/fold5/100852-0-0-25.wav,0,air_conditioner,5,"[2, 5, 0]"
172460-9-0-24,/tmp\sound_datasets\urbansound8k\audio/fold5/172460-9-0-24.wav,9,street_music,5,"[3, 7, 9]"
100852-0-0-19,/tmp\sound_datasets\urbansound8k\audio/fold5/100852-0-0-19.wav,0,air_conditioner,5,"[2, 5, 0]"
111671-8-0-17,/tmp\sound_datasets\urbansound8k\audio/fold5/111671-8-0-17.wav,8,siren,5,"[1, 3, 8]"
72259-1-9-2,/tmp\sound_datasets\urbansound8k\audio/fold5/72259-1-9-2.wav,1,car_horn,5,"[1, 2, 1]"
159439-2-0-0,/tmp\sound_datasets\urbansound8k\audio/fold5/159439-2-0-0.wav,2,children_playing,5,"[0, 0, 2]"
171388-9-0-246,/tmp\sound_datasets\urbansound8k\audio/fold5/171388-9-0-246.wav,9,street_music,5,"[3, 7, 9]"
62566-5-0-7,/tmp\sound_datasets\urbansound8k\audio/fold5/62566-5-0-7.wav,5,engine_idling,5,"[1, 2, 5]"
104421-2-0-15,/tmp\sound_datasets\urbansound8k\audio/fold5/104421-2-0-15.wav,2,children_playing,5,"[0, 0, 2]"
104421-2-0-29,/tmp\sound_datasets\urbansound8k\audio/fold5/104421-2-0-29.wav,2,children_playing,5,"[0, 0, 2]"
191382-3-0-0,/tmp\sound_datasets\urbansound8k\audio/fold5/191382-3-0-0.wav,3,dog_bark,5,"[0, 1, 3]"
203913-8-0-4,/tmp\sound_datasets\urbansound8k\audio/fold5/203913-8-0-4.wav,8,siren,5,"[1, 3, 8]"
156634-5-2-8,/tmp\sound_datasets\urbansound8k\audio/fold5/156634-5-2-8.wav,5,engine_idling,5,"[1, 2, 5]"
139665-9-0-32,/tmp\sound_datasets\urbansound8k\audio/fold5/139665-9-0-32.wav,9,street_music,5,"[3, 7, 9]"
162432-6-13-0,/tmp\sound_datasets\urbansound8k\audio/fold5/162432-6-13-0.wav,6,gun_shot,5,"[2, 6, 6]"
180125-4-0-16,/tmp\sound_datasets\urbansound8k\audio/fold5/180125-4-0-16.wav,4,drilling,5,"[2, 4, 4]"
23219-5-0-2,/tmp\sound_datasets\urbansound8k\audio/fold5/23219-5-0-2.wav,5,engine_idling,5,"[1, 2, 5]"
190893-2-0-7,/tmp\sound_datasets\urbansound8k\audio/fold5/190893-2-0-7.wav,2,children_playing,5,"[0, 0, 2]"
180125-4-1-8,/tmp\sound_datasets\urbansound8k\audio/fold5/180125-4-1-8.wav,4,drilling,5,"[2, 4, 4]"
180128-4-14-0,/tmp\sound_datasets\urbansound8k\audio/fold5/180128-4-14-0.wav,4,drilling,5,"[2, 4, 4]"
23219-5-0-3,/tmp\sound_datasets\urbansound8k\audio/fold5/23219-5-0-3.wav,5,engine_idling,5,"[1, 2, 5]"
118440-4-3-0,/tmp\sound_datasets\urbansound8k\audio/fold5/118440-4-3-0.wav,4,drilling,5,"[2, 4, 4]"
180125-4-0-17,/tmp\sound_datasets\urbansound8k\audio/fold5/180125-4-0-17.wav,4,drilling,5,"[2, 4, 4]"
145609-6-1-0,/tmp\sound_datasets\urbansound8k\audio/fold5/145609-6-1-0.wav,6,gun_shot,5,"[2, 6, 6]"
165774-7-5-0,/tmp\sound_datasets\urbansound8k\audio/fold5/165774-7-5-0.wav,7,jackhammer,5,"[2, 4, 7]"
203913-8-0-5,/tmp\sound_datasets\urbansound8k\audio/fold5/203913-8-0-5.wav,8,siren,5,"[1, 3, 8]"
26184-5-2-0,/tmp\sound_datasets\urbansound8k\audio/fold5/26184-5-2-0.wav,5,engine_idling,5,"[1, 2, 5]"
157648-8-0-0,/tmp\sound_datasets\urbansound8k\audio/fold5/157648-8-0-0.wav,8,siren,5,"[1, 3, 8]"
62566-5-0-6,/tmp\sound_datasets\urbansound8k\audio/fold5/62566-5-0-6.wav,5,engine_idling,5,"[1, 2, 5]"
171388-9-0-253,/tmp\sound_datasets\urbansound8k\audio/fold5/171388-9-0-253.wav,9,street_music,5,"[3, 7, 9]"
43787-3-0-0,/tmp\sound_datasets\urbansound8k\audio/fold5/43787-3-0-0.wav,3,dog_bark,5,"[0, 1, 3]"
72259-1-9-3,/tmp\sound_datasets\urbansound8k\audio/fold5/72259-1-9-3.wav,1,car_horn,5,"[1, 2, 1]"
145611-6-0-0,/tmp\sound_datasets\urbansound8k\audio/fold5/145611-6-0-0.wav,6,gun_shot,5,"[2, 6, 6]"
155243-9-0-53,/tmp\sound_datasets\urbansound8k\audio/fold5/155243-9-0-53.wav,9,street_music,5,"[3, 7, 9]"
111671-8-0-16,/tmp\sound_datasets\urbansound8k\audio/fold5/111671-8-0-16.wav,8,siren,5,"[1, 3, 8]"
100852-0-0-18,/tmp\sound_datasets\urbansound8k\audio/fold5/100852-0-0-18.wav,0,air_conditioner,5,"[2, 5, 0]"
172460-9-0-31,/tmp\sound_datasets\urbansound8k\audio/fold5/172460-9-0-31.wav,9,street_music,5,"[3, 7, 9]"
100852-0-0-24,/tmp\sound_datasets\urbansound8k\audio/fold5/100852-0-0-24.wav,0,air_conditioner,5,"[2, 5, 0]"
156869-8-0-9,/tmp\sound_datasets\urbansound8k\audio/fold5/156869-8-0-9.wav,8,siren,5,"[1, 3, 8]"
100852-0-0-30,/tmp\sound_datasets\urbansound8k\audio/fold5/100852-0-0-30.wav,0,air_conditioner,5,"[2, 5, 0]"
178686-0-0-1,/tmp\sound_datasets\urbansound8k\audio/fold5/178686-0-0-1.wav,0,air_conditioner,5,"[2, 5, 0]"
178686-0-0-31,/tmp\sound_datasets\urbansound8k\audio/fold5/178686-0-0-31.wav,0,air_conditioner,5,"[2, 5, 0]"
178686-0-0-19,/tmp\sound_datasets\urbansound8k\audio/fold5/178686-0-0-19.wav,0,air_conditioner,5,"[2, 5, 0]"
17578-5-0-10,/tmp\sound_datasets\urbansound8k\audio/fold5/17578-5-0-10.wav,5,engine_idling,5,"[1, 2, 5]"
104998-7-10-9,/tmp\sound_datasets\urbansound8k\audio/fold5/104998-7-10-9.wav,7,jackhammer,5,"[2, 4, 7]"
85569-0-0-5,/tmp\sound_datasets\urbansound8k\audio/fold5/85569-0-0-5.wav,0,air_conditioner,5,"[2, 5, 0]"
178686-0-0-14,/tmp\sound_datasets\urbansound8k\audio/fold5/178686-0-0-14.wav,0,air_conditioner,5,"[2, 5, 0]"
85569-0-0-8,/tmp\sound_datasets\urbansound8k\audio/fold5/85569-0-0-8.wav,0,air_conditioner,5,"[2, 5, 0]"
17578-5-0-21,/tmp\sound_datasets\urbansound8k\audio/fold5/17578-5-0-21.wav,5,engine_idling,5,"[1, 2, 5]"
17578-5-0-35,/tmp\sound_datasets\urbansound8k\audio/fold5/17578-5-0-35.wav,5,engine_idling,5,"[1, 2, 5]"
100852-0-0-29,/tmp\sound_datasets\urbansound8k\audio/fold5/100852-0-0-29.wav,0,air_conditioner,5,"[2, 5, 0]"
77774-4-0-1,/tmp\sound_datasets\urbansound8k\audio/fold5/77774-4-0-1.wav,4,drilling,5,"[2, 4, 4]"
71086-4-0-0,/tmp\sound_datasets\urbansound8k\audio/fold5/71086-4-0-0.wav,4,drilling,5,"[2, 4, 4]"
104998-7-16-11,/tmp\sound_datasets\urbansound8k\audio/fold5/104998-7-16-11.wav,7,jackhammer,5,"[2, 4, 7]"
156869-8-0-4,/tmp\sound_datasets\urbansound8k\audio/fold5/156869-8-0-4.wav,8,siren,5,"[1, 3, 8]"
113601-9-0-34,/tmp\sound_datasets\urbansound8k\audio/fold5/113601-9-0-34.wav,9,street_music,5,"[3, 7, 9]"
100852-0-0-15,/tmp\sound_datasets\urbansound8k\audio/fold5/100852-0-0-15.wav,0,air_conditioner,5,"[2, 5, 0]"
121286-0-0-7,/tmp\sound_datasets\urbansound8k\audio/fold5/121286-0-0-7.wav,0,air_conditioner,5,"[2, 5, 0]"
72259-1-5-3,/tmp\sound_datasets\urbansound8k\audio/fold5/72259-1-5-3.wav,1,car_horn,5,"[1, 2, 1]"
20285-3-1-1,/tmp\sound_datasets\urbansound8k\audio/fold5/20285-3-1-1.wav,3,dog_bark,5,"[0, 1, 3]"
162318-2-0-25,/tmp\sound_datasets\urbansound8k\audio/fold5/162318-2-0-25.wav,2,children_playing,5,"[0, 0, 2]"
66587-3-0-0,/tmp\sound_datasets\urbansound8k\audio/fold5/66587-3-0-0.wav,3,dog_bark,5,"[0, 1, 3]"
194910-9-0-5,/tmp\sound_datasets\urbansound8k\audio/fold5/194910-9-0-5.wav,9,street_music,5,"[3, 7, 9]"
205874-4-0-0,/tmp\sound_datasets\urbansound8k\audio/fold5/205874-4-0-0.wav,4,drilling,5,"[2, 4, 4]"
100852-0-0-0,/tmp\sound_datasets\urbansound8k\audio/fold5/100852-0-0-0.wav,0,air_conditioner,5,"[2, 5, 0]"
31150-2-0-6,/tmp\sound_datasets\urbansound8k\audio/fold5/31150-2-0-6.wav,2,children_playing,5,"[0, 0, 2]"
72259-1-7-1,/tmp\sound_datasets\urbansound8k\audio/fold5/72259-1-7-1.wav,1,car_horn,5,"[1, 2, 1]"
72259-1-10-13,/tmp\sound_datasets\urbansound8k\audio/fold5/72259-1-10-13.wav,1,car_horn,5,"[1, 2, 1]"
178260-7-4-1,/tmp\sound_datasets\urbansound8k\audio/fold5/178260-7-4-1.wav,7,jackhammer,5,"[2, 4, 7]"
173993-3-0-39,/tmp\sound_datasets\urbansound8k\audio/fold5/173993-3-0-39.wav,3,dog_bark,5,"[0, 1, 3]"
90013-7-1-4,/tmp\sound_datasets\urbansound8k\audio/fold5/90013-7-1-4.wav,7,jackhammer,5,"[2, 4, 7]"
6508-9-0-2,/tmp\sound_datasets\urbansound8k\audio/fold5/6508-9-0-2.wav,9,street_music,5,"[3, 7, 9]"
203913-8-0-8,/tmp\sound_datasets\urbansound8k\audio/fold5/203913-8-0-8.wav,8,siren,5,"[1, 3, 8]"
159754-8-0-0,/tmp\sound_datasets\urbansound8k\audio/fold5/159754-8-0-0.wav,8,siren,5,"[1, 3, 8]"
50413-4-0-2,/tmp\sound_datasets\urbansound8k\audio/fold5/50413-4-0-2.wav,4,drilling,5,"[2, 4, 4]"
178260-7-3-10,/tmp\sound_datasets\urbansound8k\audio/fold5/178260-7-3-10.wav,7,jackhammer,5,"[2, 4, 7]"
60846-0-0-3,/tmp\sound_datasets\urbansound8k\audio/fold5/60846-0-0-3.wav,0,air_conditioner,5,"[2, 5, 0]"
104998-7-2-4,/tmp\sound_datasets\urbansound8k\audio/fold5/104998-7-2-4.wav,7,jackhammer,5,"[2, 4, 7]"
203913-8-0-11,/tmp\sound_datasets\urbansound8k\audio/fold5/203913-8-0-11.wav,8,siren,5,"[1, 3, 8]"
148841-6-1-0,/tmp\sound_datasets\urbansound8k\audio/fold5/148841-6-1-0.wav,6,gun_shot,5,"[2, 6, 6]"
156634-5-2-4,/tmp\sound_datasets\urbansound8k\audio/fold5/156634-5-2-4.wav,5,engine_idling,5,"[1, 2, 5]"
106487-5-0-0,/tmp\sound_datasets\urbansound8k\audio/fold5/106487-5-0-0.wav,5,engine_idling,5,"[1, 2, 5]"
178825-2-0-95,/tmp\sound_datasets\urbansound8k\audio/fold5/178825-2-0-95.wav,2,children_playing,5,"[0, 0, 2]"
99185-3-0-0,/tmp\sound_datasets\urbansound8k\audio/fold5/99185-3-0-0.wav,3,dog_bark,5,"[0, 1, 3]"
156634-5-0-6,/tmp\sound_datasets\urbansound8k\audio/fold5/156634-5-0-6.wav,5,engine_idling,5,"[1, 2, 5]"
156634-5-0-7,/tmp\sound_datasets\urbansound8k\audio/fold5/156634-5-0-7.wav,5,engine_idling,5,"[1, 2, 5]"
180125-4-1-5,/tmp\sound_datasets\urbansound8k\audio/fold5/180125-4-1-5.wav,4,drilling,5,"[2, 4, 4]"
159701-6-1-0,/tmp\sound_datasets\urbansound8k\audio/fold5/159701-6-1-0.wav,6,gun_shot,5,"[2, 6, 6]"
106487-5-0-1,/tmp\sound_datasets\urbansound8k\audio/fold5/106487-5-0-1.wav,5,engine_idling,5,"[1, 2, 5]"
156634-5-2-5,/tmp\sound_datasets\urbansound8k\audio/fold5/156634-5-2-5.wav,5,engine_idling,5,"[1, 2, 5]"
104998-7-2-5,/tmp\sound_datasets\urbansound8k\audio/fold5/104998-7-2-5.wav,7,jackhammer,5,"[2, 4, 7]"
60846-0-0-2,/tmp\sound_datasets\urbansound8k\audio/fold5/60846-0-0-2.wav,0,air_conditioner,5,"[2, 5, 0]"
178260-7-3-11,/tmp\sound_datasets\urbansound8k\audio/fold5/178260-7-3-11.wav,7,jackhammer,5,"[2, 4, 7]"
203913-8-0-10,/tmp\sound_datasets\urbansound8k\audio/fold5/203913-8-0-10.wav,8,siren,5,"[1, 3, 8]"
185436-1-6-0,/tmp\sound_datasets\urbansound8k\audio/fold5/185436-1-6-0.wav,1,car_horn,5,"[1, 2, 1]"
203654-9-0-60,/tmp\sound_datasets\urbansound8k\audio/fold5/203654-9-0-60.wav,9,street_music,5,"[3, 7, 9]"
50413-4-0-3,/tmp\sound_datasets\urbansound8k\audio/fold5/50413-4-0-3.wav,4,drilling,5,"[2, 4, 4]"
77233-3-0-105,/tmp\sound_datasets\urbansound8k\audio/fold5/77233-3-0-105.wav,3,dog_bark,5,"[0, 1, 3]"
190893-2-0-28,/tmp\sound_datasets\urbansound8k\audio/fold5/190893-2-0-28.wav,2,children_playing,5,"[0, 0, 2]"
203913-8-0-9,/tmp\sound_datasets\urbansound8k\audio/fold5/203913-8-0-9.wav,8,siren,5,"[1, 3, 8]"
6508-9-0-3,/tmp\sound_datasets\urbansound8k\audio/fold5/6508-9-0-3.wav,9,street_music,5,"[3, 7, 9]"
90013-7-1-5,/tmp\sound_datasets\urbansound8k\audio/fold5/90013-7-1-5.wav,7,jackhammer,5,"[2, 4, 7]"
178260-7-4-0,/tmp\sound_datasets\urbansound8k\audio/fold5/178260-7-4-0.wav,7,jackhammer,5,"[2, 4, 7]"
72259-1-10-12,/tmp\sound_datasets\urbansound8k\audio/fold5/72259-1-10-12.wav,1,car_horn,5,"[1, 2, 1]"
104998-7-14-1,/tmp\sound_datasets\urbansound8k\audio/fold5/104998-7-14-1.wav,7,jackhammer,5,"[2, 4, 7]"
162432-6-5-0,/tmp\sound_datasets\urbansound8k\audio/fold5/162432-6-5-0.wav,6,gun_shot,5,"[2, 6, 6]"
104421-2-0-5,/tmp\sound_datasets\urbansound8k\audio/fold5/104421-2-0-5.wav,2,children_playing,5,"[0, 0, 2]"
72259-1-7-0,/tmp\sound_datasets\urbansound8k\audio/fold5/72259-1-7-0.wav,1,car_horn,5,"[1, 2, 1]"
84699-4-0-0,/tmp\sound_datasets\urbansound8k\audio/fold5/84699-4-0-0.wav,4,drilling,5,"[2, 4, 4]"
100852-0-0-1,/tmp\sound_datasets\urbansound8k\audio/fold5/100852-0-0-1.wav,0,air_conditioner,5,"[2, 5, 0]"
72259-1-5-2,/tmp\sound_datasets\urbansound8k\audio/fold5/72259-1-5-2.wav,1,car_horn,5,"[1, 2, 1]"
20285-3-1-0,/tmp\sound_datasets\urbansound8k\audio/fold5/20285-3-1-0.wav,3,dog_bark,5,"[0, 1, 3]"
100852-0-0-14,/tmp\sound_datasets\urbansound8k\audio/fold5/100852-0-0-14.wav,0,air_conditioner,5,"[2, 5, 0]"
113601-9-0-35,/tmp\sound_datasets\urbansound8k\audio/fold5/113601-9-0-35.wav,9,street_music,5,"[3, 7, 9]"
121286-0-0-6,/tmp\sound_datasets\urbansound8k\audio/fold5/121286-0-0-6.wav,0,air_conditioner,5,"[2, 5, 0]"
156869-8-0-5,/tmp\sound_datasets\urbansound8k\audio/fold5/156869-8-0-5.wav,8,siren,5,"[1, 3, 8]"
100852-0-0-28,/tmp\sound_datasets\urbansound8k\audio/fold5/100852-0-0-28.wav,0,air_conditioner,5,"[2, 5, 0]"
104998-7-16-10,/tmp\sound_datasets\urbansound8k\audio/fold5/104998-7-16-10.wav,7,jackhammer,5,"[2, 4, 7]"
77774-4-0-0,/tmp\sound_datasets\urbansound8k\audio/fold5/77774-4-0-0.wav,4,drilling,5,"[2, 4, 4]"
17578-5-0-34,/tmp\sound_datasets\urbansound8k\audio/fold5/17578-5-0-34.wav,5,engine_idling,5,"[1, 2, 5]"
28426-8-1-0,/tmp\sound_datasets\urbansound8k\audio/fold5/28426-8-1-0.wav,8,siren,5,"[1, 3, 8]"
180128-4-7-0,/tmp\sound_datasets\urbansound8k\audio/fold5/180128-4-7-0.wav,4,drilling,5,"[2, 4, 4]"
85569-0-0-9,/tmp\sound_datasets\urbansound8k\audio/fold5/85569-0-0-9.wav,0,air_conditioner,5,"[2, 5, 0]"
178686-0-0-15,/tmp\sound_datasets\urbansound8k\audio/fold5/178686-0-0-15.wav,0,air_conditioner,5,"[2, 5, 0]"
160010-2-0-21,/tmp\sound_datasets\urbansound8k\audio/fold5/160010-2-0-21.wav,2,children_playing,5,"[0, 0, 2]"
160010-2-0-37,/tmp\sound_datasets\urbansound8k\audio/fold5/160010-2-0-37.wav,2,children_playing,5,"[0, 0, 2]"
180128-4-7-2,/tmp\sound_datasets\urbansound8k\audio/fold5/180128-4-7-2.wav,4,drilling,5,"[2, 4, 4]"
178686-0-0-17,/tmp\sound_datasets\urbansound8k\audio/fold5/178686-0-0-17.wav,0,air_conditioner,5,"[2, 5, 0]"
17578-5-0-22,/tmp\sound_datasets\urbansound8k\audio/fold5/17578-5-0-22.wav,5,engine_idling,5,"[1, 2, 5]"
156869-8-0-7,/tmp\sound_datasets\urbansound8k\audio/fold5/156869-8-0-7.wav,8,siren,5,"[1, 3, 8]"
77774-4-0-2,/tmp\sound_datasets\urbansound8k\audio/fold5/77774-4-0-2.wav,4,drilling,5,"[2, 4, 4]"
84699-4-2-0,/tmp\sound_datasets\urbansound8k\audio/fold5/84699-4-2-0.wav,4,drilling,5,"[2, 4, 4]"
162432-6-7-0,/tmp\sound_datasets\urbansound8k\audio/fold5/162432-6-7-0.wav,6,gun_shot,5,"[2, 6, 6]"
178825-2-0-9,/tmp\sound_datasets\urbansound8k\audio/fold5/178825-2-0-9.wav,2,children_playing,5,"[0, 0, 2]"
72259-1-5-0,/tmp\sound_datasets\urbansound8k\audio/fold5/72259-1-5-0.wav,1,car_horn,5,"[1, 2, 1]"
121286-0-0-4,/tmp\sound_datasets\urbansound8k\audio/fold5/121286-0-0-4.wav,0,air_conditioner,5,"[2, 5, 0]"
50885-3-0-2,/tmp\sound_datasets\urbansound8k\audio/fold5/50885-3-0-2.wav,3,dog_bark,5,"[0, 1, 3]"
100852-0-0-16,/tmp\sound_datasets\urbansound8k\audio/fold5/100852-0-0-16.wav,0,air_conditioner,5,"[2, 5, 0]"
111671-8-0-18,/tmp\sound_datasets\urbansound8k\audio/fold5/111671-8-0-18.wav,8,siren,5,"[1, 3, 8]"
180128-4-5-0,/tmp\sound_datasets\urbansound8k\audio/fold5/180128-4-5-0.wav,4,drilling,5,"[2, 4, 4]"
89724-5-0-5,/tmp\sound_datasets\urbansound8k\audio/fold5/89724-5-0-5.wav,5,engine_idling,5,"[1, 2, 5]"
36263-9-0-2,/tmp\sound_datasets\urbansound8k\audio/fold5/36263-9-0-2.wav,9,street_music,5,"[3, 7, 9]"
100852-0-0-3,/tmp\sound_datasets\urbansound8k\audio/fold5/100852-0-0-3.wav,0,air_conditioner,5,"[2, 5, 0]"
72259-1-7-2,/tmp\sound_datasets\urbansound8k\audio/fold5/72259-1-7-2.wav,1,car_horn,5,"[1, 2, 1]"
104421-2-0-7,/tmp\sound_datasets\urbansound8k\audio/fold5/104421-2-0-7.wav,2,children_playing,5,"[0, 0, 2]"
72259-1-10-10,/tmp\sound_datasets\urbansound8k\audio/fold5/72259-1-10-10.wav,1,car_horn,5,"[1, 2, 1]"
50413-4-0-1,/tmp\sound_datasets\urbansound8k\audio/fold5/50413-4-0-1.wav,4,drilling,5,"[2, 4, 4]"
6508-9-0-1,/tmp\sound_datasets\urbansound8k\audio/fold5/6508-9-0-1.wav,9,street_music,5,"[3, 7, 9]"
203913-8-0-12,/tmp\sound_datasets\urbansound8k\audio/fold5/203913-8-0-12.wav,8,siren,5,"[1, 3, 8]"
159701-6-3-0,/tmp\sound_datasets\urbansound8k\audio/fold5/159701-6-3-0.wav,6,gun_shot,5,"[2, 6, 6]"
60846-0-0-0,/tmp\sound_datasets\urbansound8k\audio/fold5/60846-0-0-0.wav,0,air_conditioner,5,"[2, 5, 0]"
156634-5-2-7,/tmp\sound_datasets\urbansound8k\audio/fold5/156634-5-2-7.wav,5,engine_idling,5,"[1, 2, 5]"
76566-3-0-11,/tmp\sound_datasets\urbansound8k\audio/fold5/76566-3-0-11.wav,3,dog_bark,5,"[0, 1, 3]"
178260-7-6-0,/tmp\sound_datasets\urbansound8k\audio/fold5/178260-7-6-0.wav,7,jackhammer,5,"[2, 4, 7]"
104998-7-0-5,/tmp\sound_datasets\urbansound8k\audio/fold5/104998-7-0-5.wav,7,jackhammer,5,"[2, 4, 7]"
185436-1-4-0,/tmp\sound_datasets\urbansound8k\audio/fold5/185436-1-4-0.wav,1,car_horn,5,"[1, 2, 1]"
156634-5-0-5,/tmp\sound_datasets\urbansound8k\audio/fold5/156634-5-0-5.wav,5,engine_idling,5,"[1, 2, 5]"
180125-4-1-7,/tmp\sound_datasets\urbansound8k\audio/fold5/180125-4-1-7.wav,4,drilling,5,"[2, 4, 4]"
194910-9-0-65,/tmp\sound_datasets\urbansound8k\audio/fold5/194910-9-0-65.wav,9,street_music,5,"[3, 7, 9]"
86284-3-1-0,/tmp\sound_datasets\urbansound8k\audio/fold5/86284-3-1-0.wav,3,dog_bark,5,"[0, 1, 3]"
37869-3-5-0,/tmp\sound_datasets\urbansound8k\audio/fold5/37869-3-5-0.wav,3,dog_bark,5,"[0, 1, 3]"
156634-5-0-4,/tmp\sound_datasets\urbansound8k\audio/fold5/156634-5-0-4.wav,5,engine_idling,5,"[1, 2, 5]"
106487-5-0-2,/tmp\sound_datasets\urbansound8k\audio/fold5/106487-5-0-2.wav,5,engine_idling,5,"[1, 2, 5]"
164344-9-0-44,/tmp\sound_datasets\urbansound8k\audio/fold5/164344-9-0-44.wav,9,street_music,5,"[3, 7, 9]"
159754-8-2-0,/tmp\sound_datasets\urbansound8k\audio/fold5/159754-8-2-0.wav,8,siren,5,"[1, 3, 8]"
104998-7-16-0,/tmp\sound_datasets\urbansound8k\audio/fold5/104998-7-16-0.wav,7,jackhammer,5,"[2, 4, 7]"
180125-4-3-4,/tmp\sound_datasets\urbansound8k\audio/fold5/180125-4-3-4.wav,4,drilling,5,"[2, 4, 4]"
156634-5-2-6,/tmp\sound_datasets\urbansound8k\audio/fold5/156634-5-2-6.wav,5,engine_idling,5,"[1, 2, 5]"
60846-0-0-1,/tmp\sound_datasets\urbansound8k\audio/fold5/60846-0-0-1.wav,0,air_conditioner,5,"[2, 5, 0]"
104998-7-2-6,/tmp\sound_datasets\urbansound8k\audio/fold5/104998-7-2-6.wav,7,jackhammer,5,"[2, 4, 7]"
178260-7-3-12,/tmp\sound_datasets\urbansound8k\audio/fold5/178260-7-3-12.wav,7,jackhammer,5,"[2, 4, 7]"
50413-4-0-0,/tmp\sound_datasets\urbansound8k\audio/fold5/50413-4-0-0.wav,4,drilling,5,"[2, 4, 4]"
72259-1-10-11,/tmp\sound_datasets\urbansound8k\audio/fold5/72259-1-10-11.wav,1,car_horn,5,"[1, 2, 1]"
72259-1-7-3,/tmp\sound_datasets\urbansound8k\audio/fold5/72259-1-7-3.wav,1,car_horn,5,"[1, 2, 1]"
100852-0-0-2,/tmp\sound_datasets\urbansound8k\audio/fold5/100852-0-0-2.wav,0,air_conditioner,5,"[2, 5, 0]"
71086-4-2-0,/tmp\sound_datasets\urbansound8k\audio/fold5/71086-4-2-0.wav,4,drilling,5,"[2, 4, 4]"
71173-2-0-88,/tmp\sound_datasets\urbansound8k\audio/fold5/71173-2-0-88.wav,2,children_playing,5,"[0, 0, 2]"
36263-9-0-3,/tmp\sound_datasets\urbansound8k\audio/fold5/36263-9-0-3.wav,9,street_music,5,"[3, 7, 9]"
89724-5-0-4,/tmp\sound_datasets\urbansound8k\audio/fold5/89724-5-0-4.wav,5,engine_idling,5,"[1, 2, 5]"
109263-9-0-61,/tmp\sound_datasets\urbansound8k\audio/fold5/109263-9-0-61.wav,9,street_music,5,"[3, 7, 9]"
111671-8-0-19,/tmp\sound_datasets\urbansound8k\audio/fold5/111671-8-0-19.wav,8,siren,5,"[1, 3, 8]"
50885-3-0-3,/tmp\sound_datasets\urbansound8k\audio/fold5/50885-3-0-3.wav,3,dog_bark,5,"[0, 1, 3]"
121286-0-0-5,/tmp\sound_datasets\urbansound8k\audio/fold5/121286-0-0-5.wav,0,air_conditioner,5,"[2, 5, 0]"
100852-0-0-17,/tmp\sound_datasets\urbansound8k\audio/fold5/100852-0-0-17.wav,0,air_conditioner,5,"[2, 5, 0]"
113601-9-0-22,/tmp\sound_datasets\urbansound8k\audio/fold5/113601-9-0-22.wav,9,street_music,5,"[3, 7, 9]"
72259-1-5-1,/tmp\sound_datasets\urbansound8k\audio/fold5/72259-1-5-1.wav,1,car_horn,5,"[1, 2, 1]"
77774-4-0-3,/tmp\sound_datasets\urbansound8k\audio/fold5/77774-4-0-3.wav,4,drilling,5,"[2, 4, 4]"
205874-4-2-0,/tmp\sound_datasets\urbansound8k\audio/fold5/205874-4-2-0.wav,4,drilling,5,"[2, 4, 4]"
29937-3-0-14,/tmp\sound_datasets\urbansound8k\audio/fold5/29937-3-0-14.wav,3,dog_bark,5,"[0, 1, 3]"
156869-8-0-6,/tmp\sound_datasets\urbansound8k\audio/fold5/156869-8-0-6.wav,8,siren,5,"[1, 3, 8]"
17578-5-0-23,/tmp\sound_datasets\urbansound8k\audio/fold5/17578-5-0-23.wav,5,engine_idling,5,"[1, 2, 5]"
66587-3-2-0,/tmp\sound_datasets\urbansound8k\audio/fold5/66587-3-2-0.wav,3,dog_bark,5,"[0, 1, 3]"
178686-0-0-16,/tmp\sound_datasets\urbansound8k\audio/fold5/178686-0-0-16.wav,0,air_conditioner,5,"[2, 5, 0]"
93139-6-0-0,/tmp\sound_datasets\urbansound8k\audio/fold5/93139-6-0-0.wav,6,gun_shot,5,"[2, 6, 6]"
180128-4-7-3,/tmp\sound_datasets\urbansound8k\audio/fold5/180128-4-7-3.wav,4,drilling,5,"[2, 4, 4]"
17578-5-0-33,/tmp\sound_datasets\urbansound8k\audio/fold5/17578-5-0-33.wav,5,engine_idling,5,"[1, 2, 5]"
17578-5-0-27,/tmp\sound_datasets\urbansound8k\audio/fold5/17578-5-0-27.wav,5,engine_idling,5,"[1, 2, 5]"
160010-2-0-32,/tmp\sound_datasets\urbansound8k\audio/fold5/160010-2-0-32.wav,2,children_playing,5,"[0, 0, 2]"
178686-0-0-12,/tmp\sound_datasets\urbansound8k\audio/fold5/178686-0-0-12.wav,0,air_conditioner,5,"[2, 5, 0]"
121299-1-0-0,/tmp\sound_datasets\urbansound8k\audio/fold5/121299-1-0-0.wav,1,car_horn,5,"[1, 2, 1]"
104998-7-18-12,/tmp\sound_datasets\urbansound8k\audio/fold5/104998-7-18-12.wav,7,jackhammer,5,"[2, 4, 7]"
100852-0-0-13,/tmp\sound_datasets\urbansound8k\audio/fold5/100852-0-0-13.wav,0,air_conditioner,5,"[2, 5, 0]"
121286-0-0-1,/tmp\sound_datasets\urbansound8k\audio/fold5/121286-0-0-1.wav,0,air_conditioner,5,"[2, 5, 0]"
156869-8-0-2,/tmp\sound_datasets\urbansound8k\audio/fold5/156869-8-0-2.wav,8,siren,5,"[1, 3, 8]"
111671-8-0-21,/tmp\sound_datasets\urbansound8k\audio/fold5/111671-8-0-21.wav,8,siren,5,"[1, 3, 8]"
72259-1-9-8,/tmp\sound_datasets\urbansound8k\audio/fold5/72259-1-9-8.wav,1,car_horn,5,"[1, 2, 1]"
203962-5-0-1,/tmp\sound_datasets\urbansound8k\audio/fold5/203962-5-0-1.wav,5,engine_idling,5,"[1, 2, 5]"
178260-7-2-1,/tmp\sound_datasets\urbansound8k\audio/fold5/178260-7-2-1.wav,7,jackhammer,5,"[2, 4, 7]"
187920-7-1-0,/tmp\sound_datasets\urbansound8k\audio/fold5/187920-7-1-0.wav,7,jackhammer,5,"[2, 4, 7]"
89724-5-0-0,/tmp\sound_datasets\urbansound8k\audio/fold5/89724-5-0-0.wav,5,engine_idling,5,"[1, 2, 5]"
37869-3-1-0,/tmp\sound_datasets\urbansound8k\audio/fold5/37869-3-1-0.wav,3,dog_bark,5,"[0, 1, 3]"
72259-1-7-7,/tmp\sound_datasets\urbansound8k\audio/fold5/72259-1-7-7.wav,1,car_horn,5,"[1, 2, 1]"
71439-1-0-0,/tmp\sound_datasets\urbansound8k\audio/fold5/71439-1-0-0.wav,1,car_horn,5,"[1, 2, 1]"
100852-0-0-6,/tmp\sound_datasets\urbansound8k\audio/fold5/100852-0-0-6.wav,0,air_conditioner,5,"[2, 5, 0]"
19503-3-0-0,/tmp\sound_datasets\urbansound8k\audio/fold5/19503-3-0-0.wav,3,dog_bark,5,"[0, 1, 3]"
90013-7-1-2,/tmp\sound_datasets\urbansound8k\audio/fold5/90013-7-1-2.wav,7,jackhammer,5,"[2, 4, 7]"
6508-9-0-4,/tmp\sound_datasets\urbansound8k\audio/fold5/6508-9-0-4.wav,9,street_music,5,"[3, 7, 9]"
104998-7-14-6,/tmp\sound_datasets\urbansound8k\audio/fold5/104998-7-14-6.wav,7,jackhammer,5,"[2, 4, 7]"
100032-3-0-0,/tmp\sound_datasets\urbansound8k\audio/fold5/100032-3-0-0.wav,3,dog_bark,5,"[0, 1, 3]"
156634-5-2-2,/tmp\sound_datasets\urbansound8k\audio/fold5/156634-5-2-2.wav,5,engine_idling,5,"[1, 2, 5]"
180125-4-3-0,/tmp\sound_datasets\urbansound8k\audio/fold5/180125-4-3-0.wav,4,drilling,5,"[2, 4, 4]"
205874-4-6-0,/tmp\sound_datasets\urbansound8k\audio/fold5/205874-4-6-0.wav,4,drilling,5,"[2, 4, 4]"
164344-9-0-40,/tmp\sound_datasets\urbansound8k\audio/fold5/164344-9-0-40.wav,9,street_music,5,"[3, 7, 9]"
34872-3-0-0,/tmp\sound_datasets\urbansound8k\audio/fold5/34872-3-0-0.wav,3,dog_bark,5,"[0, 1, 3]"
20015-3-0-4,/tmp\sound_datasets\urbansound8k\audio/fold5/20015-3-0-4.wav,3,dog_bark,5,"[0, 1, 3]"
156634-5-0-0,/tmp\sound_datasets\urbansound8k\audio/fold5/156634-5-0-0.wav,5,engine_idling,5,"[1, 2, 5]"
23219-5-0-8,/tmp\sound_datasets\urbansound8k\audio/fold5/23219-5-0-8.wav,5,engine_idling,5,"[1, 2, 5]"
46391-1-1-0,/tmp\sound_datasets\urbansound8k\audio/fold5/46391-1-1-0.wav,1,car_horn,5,"[1, 2, 1]"
116163-3-0-0,/tmp\sound_datasets\urbansound8k\audio/fold5/116163-3-0-0.wav,3,dog_bark,5,"[0, 1, 3]"
23219-5-0-9,/tmp\sound_datasets\urbansound8k\audio/fold5/23219-5-0-9.wav,5,engine_idling,5,"[1, 2, 5]"
180125-4-1-3,/tmp\sound_datasets\urbansound8k\audio/fold5/180125-4-1-3.wav,4,drilling,5,"[2, 4, 4]"
31150-2-0-14,/tmp\sound_datasets\urbansound8k\audio/fold5/31150-2-0-14.wav,2,children_playing,5,"[0, 0, 2]"
156634-5-0-1,/tmp\sound_datasets\urbansound8k\audio/fold5/156634-5-0-1.wav,5,engine_idling,5,"[1, 2, 5]"
58382-3-0-0,/tmp\sound_datasets\urbansound8k\audio/fold5/58382-3-0-0.wav,3,dog_bark,5,"[0, 1, 3]"
104998-7-16-5,/tmp\sound_datasets\urbansound8k\audio/fold5/104998-7-16-5.wav,7,jackhammer,5,"[2, 4, 7]"
21187-5-0-0,/tmp\sound_datasets\urbansound8k\audio/fold5/21187-5-0-0.wav,5,engine_idling,5,"[1, 2, 5]"
34872-3-0-1,/tmp\sound_datasets\urbansound8k\audio/fold5/34872-3-0-1.wav,3,dog_bark,5,"[0, 1, 3]"
84699-4-6-0,/tmp\sound_datasets\urbansound8k\audio/fold5/84699-4-6-0.wav,4,drilling,5,"[2, 4, 4]"
162432-6-3-0,/tmp\sound_datasets\urbansound8k\audio/fold5/162432-6-3-0.wav,6,gun_shot,5,"[2, 6, 6]"
180125-4-3-1,/tmp\sound_datasets\urbansound8k\audio/fold5/180125-4-3-1.wav,4,drilling,5,"[2, 4, 4]"
196071-2-0-0,/tmp\sound_datasets\urbansound8k\audio/fold5/196071-2-0-0.wav,2,children_playing,5,"[0, 0, 2]"
72259-1-1-0,/tmp\sound_datasets\urbansound8k\audio/fold5/72259-1-1-0.wav,1,car_horn,5,"[1, 2, 1]"
156634-5-2-3,/tmp\sound_datasets\urbansound8k\audio/fold5/156634-5-2-3.wav,5,engine_idling,5,"[1, 2, 5]"
72259-1-10-14,/tmp\sound_datasets\urbansound8k\audio/fold5/72259-1-10-14.wav,1,car_horn,5,"[1, 2, 1]"
190893-2-0-12,/tmp\sound_datasets\urbansound8k\audio/fold5/190893-2-0-12.wav,2,children_playing,5,"[0, 0, 2]"
90013-7-1-3,/tmp\sound_datasets\urbansound8k\audio/fold5/90013-7-1-3.wav,7,jackhammer,5,"[2, 4, 7]"
100852-0-0-7,/tmp\sound_datasets\urbansound8k\audio/fold5/100852-0-0-7.wav,0,air_conditioner,5,"[2, 5, 0]"
185436-1-0-0,/tmp\sound_datasets\urbansound8k\audio/fold5/185436-1-0-0.wav,1,car_horn,5,"[1, 2, 1]"
19007-4-0-0,/tmp\sound_datasets\urbansound8k\audio/fold5/19007-4-0-0.wav,4,drilling,5,"[2, 4, 4]"
31150-2-0-1,/tmp\sound_datasets\urbansound8k\audio/fold5/31150-2-0-1.wav,2,children_playing,5,"[0, 0, 2]"
104421-2-0-3,/tmp\sound_datasets\urbansound8k\audio/fold5/104421-2-0-3.wav,2,children_playing,5,"[0, 0, 2]"
72259-1-7-6,/tmp\sound_datasets\urbansound8k\audio/fold5/72259-1-7-6.wav,1,car_horn,5,"[1, 2, 1]"
89724-5-0-1,/tmp\sound_datasets\urbansound8k\audio/fold5/89724-5-0-1.wav,5,engine_idling,5,"[1, 2, 5]"
187920-7-1-1,/tmp\sound_datasets\urbansound8k\audio/fold5/187920-7-1-1.wav,7,jackhammer,5,"[2, 4, 7]"
178260-7-2-0,/tmp\sound_datasets\urbansound8k\audio/fold5/178260-7-2-0.wav,7,jackhammer,5,"[2, 4, 7]"
72259-1-9-9,/tmp\sound_datasets\urbansound8k\audio/fold5/72259-1-9-9.wav,1,car_horn,5,"[1, 2, 1]"
203962-5-0-0,/tmp\sound_datasets\urbansound8k\audio/fold5/203962-5-0-0.wav,5,engine_idling,5,"[1, 2, 5]"
111671-8-0-20,/tmp\sound_datasets\urbansound8k\audio/fold5/111671-8-0-20.wav,8,siren,5,"[1, 3, 8]"
156869-8-0-3,/tmp\sound_datasets\urbansound8k\audio/fold5/156869-8-0-3.wav,8,siren,5,"[1, 3, 8]"
100852-0-0-12,/tmp\sound_datasets\urbansound8k\audio/fold5/100852-0-0-12.wav,0,air_conditioner,5,"[2, 5, 0]"
113601-9-0-33,/tmp\sound_datasets\urbansound8k\audio/fold5/113601-9-0-33.wav,9,street_music,5,"[3, 7, 9]"
121286-0-0-0,/tmp\sound_datasets\urbansound8k\audio/fold5/121286-0-0-0.wav,0,air_conditioner,5,"[2, 5, 0]"
72259-1-5-4,/tmp\sound_datasets\urbansound8k\audio/fold5/72259-1-5-4.wav,1,car_horn,5,"[1, 2, 1]"
104998-7-18-13,/tmp\sound_datasets\urbansound8k\audio/fold5/104998-7-18-13.wav,7,jackhammer,5,"[2, 4, 7]"
160010-2-0-33,/tmp\sound_datasets\urbansound8k\audio/fold5/160010-2-0-33.wav,2,children_playing,5,"[0, 0, 2]"
17578-5-0-26,/tmp\sound_datasets\urbansound8k\audio/fold5/17578-5-0-26.wav,5,engine_idling,5,"[1, 2, 5]"
17578-5-0-32,/tmp\sound_datasets\urbansound8k\audio/fold5/17578-5-0-32.wav,5,engine_idling,5,"[1, 2, 5]"
17578-5-0-24,/tmp\sound_datasets\urbansound8k\audio/fold5/17578-5-0-24.wav,5,engine_idling,5,"[1, 2, 5]"
178686-0-0-9,/tmp\sound_datasets\urbansound8k\audio/fold5/178686-0-0-9.wav,0,air_conditioner,5,"[2, 5, 0]"
160010-2-0-19,/tmp\sound_datasets\urbansound8k\audio/fold5/160010-2-0-19.wav,2,children_playing,5,"[0, 0, 2]"
178686-0-0-39,/tmp\sound_datasets\urbansound8k\audio/fold5/178686-0-0-39.wav,0,air_conditioner,5,"[2, 5, 0]"
17578-5-0-30,/tmp\sound_datasets\urbansound8k\audio/fold5/17578-5-0-30.wav,5,engine_idling,5,"[1, 2, 5]"
17578-5-0-18,/tmp\sound_datasets\urbansound8k\audio/fold5/17578-5-0-18.wav,5,engine_idling,5,"[1, 2, 5]"
178686-0-0-11,/tmp\sound_datasets\urbansound8k\audio/fold5/178686-0-0-11.wav,0,air_conditioner,5,"[2, 5, 0]"
178260-7-0-0,/tmp\sound_datasets\urbansound8k\audio/fold5/178260-7-0-0.wav,7,jackhammer,5,"[2, 4, 7]"
180128-4-7-4,/tmp\sound_datasets\urbansound8k\audio/fold5/180128-4-7-4.wav,4,drilling,5,"[2, 4, 4]"
104998-7-10-1,/tmp\sound_datasets\urbansound8k\audio/fold5/104998-7-10-1.wav,7,jackhammer,5,"[2, 4, 7]"
50885-3-0-4,/tmp\sound_datasets\urbansound8k\audio/fold5/50885-3-0-4.wav,3,dog_bark,5,"[0, 1, 3]"
121286-0-0-2,/tmp\sound_datasets\urbansound8k\audio/fold5/121286-0-0-2.wav,0,air_conditioner,5,"[2, 5, 0]"
100852-0-0-10,/tmp\sound_datasets\urbansound8k\audio/fold5/100852-0-0-10.wav,0,air_conditioner,5,"[2, 5, 0]"
185436-1-2-0,/tmp\sound_datasets\urbansound8k\audio/fold5/185436-1-2-0.wav,1,car_horn,5,"[1, 2, 1]"
156869-8-0-1,/tmp\sound_datasets\urbansound8k\audio/fold5/156869-8-0-1.wav,8,siren,5,"[1, 3, 8]"
111671-8-0-22,/tmp\sound_datasets\urbansound8k\audio/fold5/111671-8-0-22.wav,8,siren,5,"[1, 3, 8]"
178260-7-2-2,/tmp\sound_datasets\urbansound8k\audio/fold5/178260-7-2-2.wav,7,jackhammer,5,"[2, 4, 7]"
89724-5-0-3,/tmp\sound_datasets\urbansound8k\audio/fold5/89724-5-0-3.wav,5,engine_idling,5,"[1, 2, 5]"
162318-2-0-34,/tmp\sound_datasets\urbansound8k\audio/fold5/162318-2-0-34.wav,2,children_playing,5,"[0, 0, 2]"
72259-1-7-4,/tmp\sound_datasets\urbansound8k\audio/fold5/72259-1-7-4.wav,1,car_horn,5,"[1, 2, 1]"
104421-2-0-1,/tmp\sound_datasets\urbansound8k\audio/fold5/104421-2-0-1.wav,2,children_playing,5,"[0, 0, 2]"
100852-0-0-5,/tmp\sound_datasets\urbansound8k\audio/fold5/100852-0-0-5.wav,0,air_conditioner,5,"[2, 5, 0]"
139665-9-0-9,/tmp\sound_datasets\urbansound8k\audio/fold5/139665-9-0-9.wav,9,street_music,5,"[3, 7, 9]"
159701-6-5-0,/tmp\sound_datasets\urbansound8k\audio/fold5/159701-6-5-0.wav,6,gun_shot,5,"[2, 6, 6]"
178260-7-1-10,/tmp\sound_datasets\urbansound8k\audio/fold5/178260-7-1-10.wav,7,jackhammer,5,"[2, 4, 7]"
90013-7-1-1,/tmp\sound_datasets\urbansound8k\audio/fold5/90013-7-1-1.wav,7,jackhammer,5,"[2, 4, 7]"
104421-2-0-20,/tmp\sound_datasets\urbansound8k\audio/fold5/104421-2-0-20.wav,2,children_playing,5,"[0, 0, 2]"
104998-7-14-5,/tmp\sound_datasets\urbansound8k\audio/fold5/104998-7-14-5.wav,7,jackhammer,5,"[2, 4, 7]"
108357-9-0-49,/tmp\sound_datasets\urbansound8k\audio/fold5/108357-9-0-49.wav,9,street_music,5,"[3, 7, 9]"
190893-2-0-10,/tmp\sound_datasets\urbansound8k\audio/fold5/190893-2-0-10.wav,2,children_playing,5,"[0, 0, 2]"
156634-5-2-1,/tmp\sound_datasets\urbansound8k\audio/fold5/156634-5-2-1.wav,5,engine_idling,5,"[1, 2, 5]"
116163-3-2-0,/tmp\sound_datasets\urbansound8k\audio/fold5/116163-3-2-0.wav,3,dog_bark,5,"[0, 1, 3]"
178825-2-0-53,/tmp\sound_datasets\urbansound8k\audio/fold5/178825-2-0-53.wav,2,children_playing,5,"[0, 0, 2]"
104998-7-16-7,/tmp\sound_datasets\urbansound8k\audio/fold5/104998-7-16-7.wav,7,jackhammer,5,"[2, 4, 7]"
162432-6-1-0,/tmp\sound_datasets\urbansound8k\audio/fold5/162432-6-1-0.wav,6,gun_shot,5,"[2, 6, 6]"
72259-1-3-0,/tmp\sound_datasets\urbansound8k\audio/fold5/72259-1-3-0.wav,1,car_horn,5,"[1, 2, 1]"
156634-5-0-3,/tmp\sound_datasets\urbansound8k\audio/fold5/156634-5-0-3.wav,5,engine_idling,5,"[1, 2, 5]"
84699-4-4-0,/tmp\sound_datasets\urbansound8k\audio/fold5/84699-4-4-0.wav,4,drilling,5,"[2, 4, 4]"
104998-7-18-9,/tmp\sound_datasets\urbansound8k\audio/fold5/104998-7-18-9.wav,7,jackhammer,5,"[2, 4, 7]"
205874-4-4-0,/tmp\sound_datasets\urbansound8k\audio/fold5/205874-4-4-0.wav,4,drilling,5,"[2, 4, 4]"
156634-5-0-2,/tmp\sound_datasets\urbansound8k\audio/fold5/156634-5-0-2.wav,5,engine_idling,5,"[1, 2, 5]"
31150-2-0-17,/tmp\sound_datasets\urbansound8k\audio/fold5/31150-2-0-17.wav,2,children_playing,5,"[0, 0, 2]"
194910-9-0-63,/tmp\sound_datasets\urbansound8k\audio/fold5/194910-9-0-63.wav,9,street_music,5,"[3, 7, 9]"
89213-3-0-0,/tmp\sound_datasets\urbansound8k\audio/fold5/89213-3-0-0.wav,3,dog_bark,5,"[0, 1, 3]"
104998-7-16-6,/tmp\sound_datasets\urbansound8k\audio/fold5/104998-7-16-6.wav,7,jackhammer,5,"[2, 4, 7]"
34872-3-0-2,/tmp\sound_datasets\urbansound8k\audio/fold5/34872-3-0-2.wav,3,dog_bark,5,"[0, 1, 3]"
19503-3-2-0,/tmp\sound_datasets\urbansound8k\audio/fold5/19503-3-2-0.wav,3,dog_bark,5,"[0, 1, 3]"
100263-2-0-143,/tmp\sound_datasets\urbansound8k\audio/fold5/100263-2-0-143.wav,2,children_playing,5,"[0, 0, 2]"
156634-5-2-0,/tmp\sound_datasets\urbansound8k\audio/fold5/156634-5-2-0.wav,5,engine_idling,5,"[1, 2, 5]"
180125-4-3-2,/tmp\sound_datasets\urbansound8k\audio/fold5/180125-4-3-2.wav,4,drilling,5,"[2, 4, 4]"
190893-2-0-11,/tmp\sound_datasets\urbansound8k\audio/fold5/190893-2-0-11.wav,2,children_playing,5,"[0, 0, 2]"
6508-9-0-6,/tmp\sound_datasets\urbansound8k\audio/fold5/6508-9-0-6.wav,9,street_music,5,"[3, 7, 9]"
90013-7-1-0,/tmp\sound_datasets\urbansound8k\audio/fold5/90013-7-1-0.wav,7,jackhammer,5,"[2, 4, 7]"
31150-2-0-2,/tmp\sound_datasets\urbansound8k\audio/fold5/31150-2-0-2.wav,2,children_playing,5,"[0, 0, 2]"
36263-9-0-5,/tmp\sound_datasets\urbansound8k\audio/fold5/36263-9-0-5.wav,9,street_music,5,"[3, 7, 9]"
139665-9-0-8,/tmp\sound_datasets\urbansound8k\audio/fold5/139665-9-0-8.wav,9,street_music,5,"[3, 7, 9]"
100852-0-0-4,/tmp\sound_datasets\urbansound8k\audio/fold5/100852-0-0-4.wav,0,air_conditioner,5,"[2, 5, 0]"
72259-1-7-5,/tmp\sound_datasets\urbansound8k\audio/fold5/72259-1-7-5.wav,1,car_horn,5,"[1, 2, 1]"
104998-7-12-2,/tmp\sound_datasets\urbansound8k\audio/fold5/104998-7-12-2.wav,7,jackhammer,5,"[2, 4, 7]"
89724-5-0-2,/tmp\sound_datasets\urbansound8k\audio/fold5/89724-5-0-2.wav,5,engine_idling,5,"[1, 2, 5]"
187920-7-1-2,/tmp\sound_datasets\urbansound8k\audio/fold5/187920-7-1-2.wav,7,jackhammer,5,"[2, 4, 7]"
71173-2-0-71,/tmp\sound_datasets\urbansound8k\audio/fold5/71173-2-0-71.wav,2,children_playing,5,"[0, 0, 2]"
156869-8-0-0,/tmp\sound_datasets\urbansound8k\audio/fold5/156869-8-0-0.wav,8,siren,5,"[1, 3, 8]"
37869-3-3-0,/tmp\sound_datasets\urbansound8k\audio/fold5/37869-3-3-0.wav,3,dog_bark,5,"[0, 1, 3]"
121286-0-0-3,/tmp\sound_datasets\urbansound8k\audio/fold5/121286-0-0-3.wav,0,air_conditioner,5,"[2, 5, 0]"
50885-3-0-5,/tmp\sound_datasets\urbansound8k\audio/fold5/50885-3-0-5.wav,3,dog_bark,5,"[0, 1, 3]"
100852-0-0-11,/tmp\sound_datasets\urbansound8k\audio/fold5/100852-0-0-11.wav,0,air_conditioner,5,"[2, 5, 0]"
71439-1-2-0,/tmp\sound_datasets\urbansound8k\audio/fold5/71439-1-2-0.wav,1,car_horn,5,"[1, 2, 1]"
180128-4-7-5,/tmp\sound_datasets\urbansound8k\audio/fold5/180128-4-7-5.wav,4,drilling,5,"[2, 4, 4]"
160010-2-0-30,/tmp\sound_datasets\urbansound8k\audio/fold5/160010-2-0-30.wav,2,children_playing,5,"[0, 0, 2]"
113601-9-0-3,/tmp\sound_datasets\urbansound8k\audio/fold5/113601-9-0-3.wav,9,street_music,5,"[3, 7, 9]"
178686-0-0-38,/tmp\sound_datasets\urbansound8k\audio/fold5/178686-0-0-38.wav,0,air_conditioner,5,"[2, 5, 0]"
17578-5-0-31,/tmp\sound_datasets\urbansound8k\audio/fold5/17578-5-0-31.wav,5,engine_idling,5,"[1, 2, 5]"
178686-0-0-8,/tmp\sound_datasets\urbansound8k\audio/fold5/178686-0-0-8.wav,0,air_conditioner,5,"[2, 5, 0]"
17578-5-0-25,/tmp\sound_datasets\urbansound8k\audio/fold5/17578-5-0-25.wav,5,engine_idling,5,"[1, 2, 5]"
159754-8-4-0,/tmp\sound_datasets\urbansound8k\audio/fold5/159754-8-4-0.wav,8,siren,5,"[1, 3, 8]"
178260-7-7-0,/tmp\sound_datasets\urbansound8k\audio/fold5/178260-7-7-0.wav,7,jackhammer,5,"[2, 4, 7]"
102547-3-0-7,/tmp\sound_datasets\urbansound8k\audio/fold5/102547-3-0-7.wav,3,dog_bark,5,"[0, 1, 3]"
104998-7-17-1,/tmp\sound_datasets\urbansound8k\audio/fold5/104998-7-17-1.wav,7,jackhammer,5,"[2, 4, 7]"
178686-0-0-63,/tmp\sound_datasets\urbansound8k\audio/fold5/178686-0-0-63.wav,0,air_conditioner,5,"[2, 5, 0]"
43803-1-0-0,/tmp\sound_datasets\urbansound8k\audio/fold5/43803-1-0-0.wav,1,car_horn,5,"[1, 2, 1]"
72259-1-7-10,/tmp\sound_datasets\urbansound8k\audio/fold5/72259-1-7-10.wav,1,car_horn,5,"[1, 2, 1]"
185436-1-5-0,/tmp\sound_datasets\urbansound8k\audio/fold5/185436-1-5-0.wav,1,car_horn,5,"[1, 2, 1]"
72259-1-9-15,/tmp\sound_datasets\urbansound8k\audio/fold5/72259-1-9-15.wav,1,car_horn,5,"[1, 2, 1]"
76566-3-0-3,/tmp\sound_datasets\urbansound8k\audio/fold5/76566-3-0-3.wav,3,dog_bark,5,"[0, 1, 3]"
104998-7-15-3,/tmp\sound_datasets\urbansound8k\audio/fold5/104998-7-15-3.wav,7,jackhammer,5,"[2, 4, 7]"
72259-1-10-9,/tmp\sound_datasets\urbansound8k\audio/fold5/72259-1-10-9.wav,1,car_horn,5,"[1, 2, 1]"
164782-8-0-5,/tmp\sound_datasets\urbansound8k\audio/fold5/164782-8-0-5.wav,8,siren,5,"[1, 3, 8]"
90013-7-0-7,/tmp\sound_datasets\urbansound8k\audio/fold5/90013-7-0-7.wav,7,jackhammer,5,"[2, 4, 7]"
159701-6-2-0,/tmp\sound_datasets\urbansound8k\audio/fold5/159701-6-2-0.wav,6,gun_shot,5,"[2, 6, 6]"
91533-5-0-2,/tmp\sound_datasets\urbansound8k\audio/fold5/91533-5-0-2.wav,5,engine_idling,5,"[1, 2, 5]"
29937-3-0-4,/tmp\sound_datasets\urbansound8k\audio/fold5/29937-3-0-4.wav,3,dog_bark,5,"[0, 1, 3]"
196062-2-0-0,/tmp\sound_datasets\urbansound8k\audio/fold5/196062-2-0-0.wav,2,children_playing,5,"[0, 0, 2]"
72259-1-0-4,/tmp\sound_datasets\urbansound8k\audio/fold5/72259-1-0-4.wav,1,car_horn,5,"[1, 2, 1]"
162318-2-0-7,/tmp\sound_datasets\urbansound8k\audio/fold5/162318-2-0-7.wav,2,children_playing,5,"[0, 0, 2]"
180128-4-4-0,/tmp\sound_datasets\urbansound8k\audio/fold5/180128-4-4-0.wav,4,drilling,5,"[2, 4, 4]"
23219-5-0-13,/tmp\sound_datasets\urbansound8k\audio/fold5/23219-5-0-13.wav,5,engine_idling,5,"[1, 2, 5]"
178260-7-3-4,/tmp\sound_datasets\urbansound8k\audio/fold5/178260-7-3-4.wav,7,jackhammer,5,"[2, 4, 7]"
28426-8-2-0,/tmp\sound_datasets\urbansound8k\audio/fold5/28426-8-2-0.wav,8,siren,5,"[1, 3, 8]"
104998-7-10-13,/tmp\sound_datasets\urbansound8k\audio/fold5/104998-7-10-13.wav,7,jackhammer,5,"[2, 4, 7]"
20285-3-2-0,/tmp\sound_datasets\urbansound8k\audio/fold5/20285-3-2-0.wav,3,dog_bark,5,"[0, 1, 3]"
204408-2-0-8,/tmp\sound_datasets\urbansound8k\audio/fold5/204408-2-0-8.wav,2,children_playing,5,"[0, 0, 2]"
180128-4-6-2,/tmp\sound_datasets\urbansound8k\audio/fold5/180128-4-6-2.wav,4,drilling,5,"[2, 4, 4]"
178260-7-1-6,/tmp\sound_datasets\urbansound8k\audio/fold5/178260-7-1-6.wav,7,jackhammer,5,"[2, 4, 7]"
84254-6-0-0,/tmp\sound_datasets\urbansound8k\audio/fold5/84254-6-0-0.wav,6,gun_shot,5,"[2, 6, 6]"
49312-2-0-2,/tmp\sound_datasets\urbansound8k\audio/fold5/49312-2-0-2.wav,2,children_playing,5,"[0, 0, 2]"
17578-5-0-4,/tmp\sound_datasets\urbansound8k\audio/fold5/17578-5-0-4.wav,5,engine_idling,5,"[1, 2, 5]"
111671-8-0-9,/tmp\sound_datasets\urbansound8k\audio/fold5/111671-8-0-9.wav,8,siren,5,"[1, 3, 8]"
84699-4-3-0,/tmp\sound_datasets\urbansound8k\audio/fold5/84699-4-3-0.wav,4,drilling,5,"[2, 4, 4]"
162432-6-6-0,/tmp\sound_datasets\urbansound8k\audio/fold5/162432-6-6-0.wav,6,gun_shot,5,"[2, 6, 6]"
104998-7-8-13,/tmp\sound_datasets\urbansound8k\audio/fold5/104998-7-8-13.wav,7,jackhammer,5,"[2, 4, 7]"
205874-4-3-0,/tmp\sound_datasets\urbansound8k\audio/fold5/205874-4-3-0.wav,4,drilling,5,"[2, 4, 4]"
111671-8-0-8,/tmp\sound_datasets\urbansound8k\audio/fold5/111671-8-0-8.wav,8,siren,5,"[1, 3, 8]"
17578-5-0-5,/tmp\sound_datasets\urbansound8k\audio/fold5/17578-5-0-5.wav,5,engine_idling,5,"[1, 2, 5]"
66587-3-3-0,/tmp\sound_datasets\urbansound8k\audio/fold5/66587-3-3-0.wav,3,dog_bark,5,"[0, 1, 3]"
178260-7-1-7,/tmp\sound_datasets\urbansound8k\audio/fold5/178260-7-1-7.wav,7,jackhammer,5,"[2, 4, 7]"
204408-2-0-9,/tmp\sound_datasets\urbansound8k\audio/fold5/204408-2-0-9.wav,2,children_playing,5,"[0, 0, 2]"
178099-9-0-12,/tmp\sound_datasets\urbansound8k\audio/fold5/178099-9-0-12.wav,9,street_music,5,"[3, 7, 9]"
180052-3-0-3,/tmp\sound_datasets\urbansound8k\audio/fold5/180052-3-0-3.wav,3,dog_bark,5,"[0, 1, 3]"
36263-9-0-17,/tmp\sound_datasets\urbansound8k\audio/fold5/36263-9-0-17.wav,9,street_music,5,"[3, 7, 9]"
23219-5-0-12,/tmp\sound_datasets\urbansound8k\audio/fold5/23219-5-0-12.wav,5,engine_idling,5,"[1, 2, 5]"
159439-2-0-29,/tmp\sound_datasets\urbansound8k\audio/fold5/159439-2-0-29.wav,2,children_playing,5,"[0, 0, 2]"
178260-7-3-5,/tmp\sound_datasets\urbansound8k\audio/fold5/178260-7-3-5.wav,7,jackhammer,5,"[2, 4, 7]"
105425-9-0-23,/tmp\sound_datasets\urbansound8k\audio/fold5/105425-9-0-23.wav,9,street_music,5,"[3, 7, 9]"
72259-1-0-5,/tmp\sound_datasets\urbansound8k\audio/fold5/72259-1-0-5.wav,1,car_horn,5,"[1, 2, 1]"
91533-5-0-3,/tmp\sound_datasets\urbansound8k\audio/fold5/91533-5-0-3.wav,5,engine_idling,5,"[1, 2, 5]"
71173-2-0-17,/tmp\sound_datasets\urbansound8k\audio/fold5/71173-2-0-17.wav,2,children_playing,5,"[0, 0, 2]"
90013-7-0-6,/tmp\sound_datasets\urbansound8k\audio/fold5/90013-7-0-6.wav,7,jackhammer,5,"[2, 4, 7]"
6508-9-1-0,/tmp\sound_datasets\urbansound8k\audio/fold5/6508-9-1-0.wav,9,street_music,5,"[3, 7, 9]"
164782-8-0-4,/tmp\sound_datasets\urbansound8k\audio/fold5/164782-8-0-4.wav,8,siren,5,"[1, 3, 8]"
72259-1-10-8,/tmp\sound_datasets\urbansound8k\audio/fold5/72259-1-10-8.wav,1,car_horn,5,"[1, 2, 1]"
86284-3-0-0,/tmp\sound_datasets\urbansound8k\audio/fold5/86284-3-0-0.wav,3,dog_bark,5,"[0, 1, 3]"
72259-1-9-14,/tmp\sound_datasets\urbansound8k\audio/fold5/72259-1-9-14.wav,1,car_horn,5,"[1, 2, 1]"
113601-9-0-42,/tmp\sound_datasets\urbansound8k\audio/fold5/113601-9-0-42.wav,9,street_music,5,"[3, 7, 9]"
148841-6-2-0,/tmp\sound_datasets\urbansound8k\audio/fold5/148841-6-2-0.wav,6,gun_shot,5,"[2, 6, 6]"
72259-1-7-11,/tmp\sound_datasets\urbansound8k\audio/fold5/72259-1-7-11.wav,1,car_horn,5,"[1, 2, 1]"
20015-3-0-12,/tmp\sound_datasets\urbansound8k\audio/fold5/20015-3-0-12.wav,3,dog_bark,5,"[0, 1, 3]"
159754-8-3-0,/tmp\sound_datasets\urbansound8k\audio/fold5/159754-8-3-0.wav,8,siren,5,"[1, 3, 8]"
104998-7-17-0,/tmp\sound_datasets\urbansound8k\audio/fold5/104998-7-17-0.wav,7,jackhammer,5,"[2, 4, 7]"
178686-0-0-60,/tmp\sound_datasets\urbansound8k\audio/fold5/178686-0-0-60.wav,0,air_conditioner,5,"[2, 5, 0]"
165774-7-8-0,/tmp\sound_datasets\urbansound8k\audio/fold5/165774-7-8-0.wav,7,jackhammer,5,"[2, 4, 7]"
72259-1-7-13,/tmp\sound_datasets\urbansound8k\audio/fold5/72259-1-7-13.wav,1,car_horn,5,"[1, 2, 1]"
72259-1-9-16,/tmp\sound_datasets\urbansound8k\audio/fold5/72259-1-9-16.wav,1,car_horn,5,"[1, 2, 1]"
90013-7-0-4,/tmp\sound_datasets\urbansound8k\audio/fold5/90013-7-0-4.wav,7,jackhammer,5,"[2, 4, 7]"
159754-8-1-0,/tmp\sound_datasets\urbansound8k\audio/fold5/159754-8-1-0.wav,8,siren,5,"[1, 3, 8]"
164782-8-0-6,/tmp\sound_datasets\urbansound8k\audio/fold5/164782-8-0-6.wav,8,siren,5,"[1, 3, 8]"
181725-3-0-16,/tmp\sound_datasets\urbansound8k\audio/fold5/181725-3-0-16.wav,3,dog_bark,5,"[0, 1, 3]"
91533-5-0-1,/tmp\sound_datasets\urbansound8k\audio/fold5/91533-5-0-1.wav,5,engine_idling,5,"[1, 2, 5]"
83196-9-0-15,/tmp\sound_datasets\urbansound8k\audio/fold5/83196-9-0-15.wav,9,street_music,5,"[3, 7, 9]"
171388-9-0-202,/tmp\sound_datasets\urbansound8k\audio/fold5/171388-9-0-202.wav,9,street_music,5,"[3, 7, 9]"
148841-6-0-0,/tmp\sound_datasets\urbansound8k\audio/fold5/148841-6-0-0.wav,6,gun_shot,5,"[2, 6, 6]"
178260-7-3-7,/tmp\sound_datasets\urbansound8k\audio/fold5/178260-7-3-7.wav,7,jackhammer,5,"[2, 4, 7]"
23219-5-0-10,/tmp\sound_datasets\urbansound8k\audio/fold5/23219-5-0-10.wav,5,engine_idling,5,"[1, 2, 5]"
66587-3-1-0,/tmp\sound_datasets\urbansound8k\audio/fold5/66587-3-1-0.wav,3,dog_bark,5,"[0, 1, 3]"
164344-9-0-0,/tmp\sound_datasets\urbansound8k\audio/fold5/164344-9-0-0.wav,9,street_music,5,"[3, 7, 9]"
180052-3-0-1,/tmp\sound_datasets\urbansound8k\audio/fold5/180052-3-0-1.wav,3,dog_bark,5,"[0, 1, 3]"
203654-9-0-15,/tmp\sound_datasets\urbansound8k\audio/fold5/203654-9-0-15.wav,9,street_music,5,"[3, 7, 9]"
178099-9-0-10,/tmp\sound_datasets\urbansound8k\audio/fold5/178099-9-0-10.wav,9,street_music,5,"[3, 7, 9]"
205874-4-1-0,/tmp\sound_datasets\urbansound8k\audio/fold5/205874-4-1-0.wav,4,drilling,5,"[2, 4, 4]"
104998-7-10-10,/tmp\sound_datasets\urbansound8k\audio/fold5/104998-7-10-10.wav,7,jackhammer,5,"[2, 4, 7]"
72259-1-6-1,/tmp\sound_datasets\urbansound8k\audio/fold5/72259-1-6-1.wav,1,car_horn,5,"[1, 2, 1]"
49312-2-0-1,/tmp\sound_datasets\urbansound8k\audio/fold5/49312-2-0-1.wav,2,children_playing,5,"[0, 0, 2]"
178260-7-1-5,/tmp\sound_datasets\urbansound8k\audio/fold5/178260-7-1-5.wav,7,jackhammer,5,"[2, 4, 7]"
180128-4-6-1,/tmp\sound_datasets\urbansound8k\audio/fold5/180128-4-6-1.wav,4,drilling,5,"[2, 4, 4]"
205878-4-0-0,/tmp\sound_datasets\urbansound8k\audio/fold5/205878-4-0-0.wav,4,drilling,5,"[2, 4, 4]"
164344-9-0-26,/tmp\sound_datasets\urbansound8k\audio/fold5/164344-9-0-26.wav,9,street_music,5,"[3, 7, 9]"
17578-5-0-7,/tmp\sound_datasets\urbansound8k\audio/fold5/17578-5-0-7.wav,5,engine_idling,5,"[1, 2, 5]"
77774-4-1-1,/tmp\sound_datasets\urbansound8k\audio/fold5/77774-4-1-1.wav,4,drilling,5,"[2, 4, 4]"
104998-7-7-0,/tmp\sound_datasets\urbansound8k\audio/fold5/104998-7-7-0.wav,7,jackhammer,5,"[2, 4, 7]"
71086-4-1-0,/tmp\sound_datasets\urbansound8k\audio/fold5/71086-4-1-0.wav,4,drilling,5,"[2, 4, 4]"
20285-3-0-0,/tmp\sound_datasets\urbansound8k\audio/fold5/20285-3-0-0.wav,3,dog_bark,5,"[0, 1, 3]"
104998-7-7-1,/tmp\sound_datasets\urbansound8k\audio/fold5/104998-7-7-1.wav,7,jackhammer,5,"[2, 4, 7]"
77774-4-1-0,/tmp\sound_datasets\urbansound8k\audio/fold5/77774-4-1-0.wav,4,drilling,5,"[2, 4, 4]"
100263-2-0-126,/tmp\sound_datasets\urbansound8k\audio/fold5/100263-2-0-126.wav,2,children_playing,5,"[0, 0, 2]"
28426-8-0-0,/tmp\sound_datasets\urbansound8k\audio/fold5/28426-8-0-0.wav,8,siren,5,"[1, 3, 8]"
17578-5-0-6,/tmp\sound_datasets\urbansound8k\audio/fold5/17578-5-0-6.wav,5,engine_idling,5,"[1, 2, 5]"
180128-4-6-0,/tmp\sound_datasets\urbansound8k\audio/fold5/180128-4-6-0.wav,4,drilling,5,"[2, 4, 4]"
178260-7-1-4,/tmp\sound_datasets\urbansound8k\audio/fold5/178260-7-1-4.wav,7,jackhammer,5,"[2, 4, 7]"
72259-1-6-0,/tmp\sound_datasets\urbansound8k\audio/fold5/72259-1-6-0.wav,1,car_horn,5,"[1, 2, 1]"
162432-6-4-0,/tmp\sound_datasets\urbansound8k\audio/fold5/162432-6-4-0.wav,6,gun_shot,5,"[2, 6, 6]"
203654-9-0-28,/tmp\sound_datasets\urbansound8k\audio/fold5/203654-9-0-28.wav,9,street_music,5,"[3, 7, 9]"
126521-3-0-12,/tmp\sound_datasets\urbansound8k\audio/fold5/126521-3-0-12.wav,3,dog_bark,5,"[0, 1, 3]"
180052-3-0-0,/tmp\sound_datasets\urbansound8k\audio/fold5/180052-3-0-0.wav,3,dog_bark,5,"[0, 1, 3]"
84699-4-1-0,/tmp\sound_datasets\urbansound8k\audio/fold5/84699-4-1-0.wav,4,drilling,5,"[2, 4, 4]"
178260-7-3-6,/tmp\sound_datasets\urbansound8k\audio/fold5/178260-7-3-6.wav,7,jackhammer,5,"[2, 4, 7]"
23219-5-0-11,/tmp\sound_datasets\urbansound8k\audio/fold5/23219-5-0-11.wav,5,engine_idling,5,"[1, 2, 5]"
83196-9-0-14,/tmp\sound_datasets\urbansound8k\audio/fold5/83196-9-0-14.wav,9,street_music,5,"[3, 7, 9]"
91533-5-0-0,/tmp\sound_datasets\urbansound8k\audio/fold5/91533-5-0-0.wav,5,engine_idling,5,"[1, 2, 5]"
164667-6-0-0,/tmp\sound_datasets\urbansound8k\audio/fold5/164667-6-0-0.wav,6,gun_shot,5,"[2, 6, 6]"
185436-1-7-0,/tmp\sound_datasets\urbansound8k\audio/fold5/185436-1-7-0.wav,1,car_horn,5,"[1, 2, 1]"
29937-3-0-6,/tmp\sound_datasets\urbansound8k\audio/fold5/29937-3-0-6.wav,3,dog_bark,5,"[0, 1, 3]"
164782-8-0-7,/tmp\sound_datasets\urbansound8k\audio/fold5/164782-8-0-7.wav,8,siren,5,"[1, 3, 8]"
90013-7-0-5,/tmp\sound_datasets\urbansound8k\audio/fold5/90013-7-0-5.wav,7,jackhammer,5,"[2, 4, 7]"
77509-1-0-0,/tmp\sound_datasets\urbansound8k\audio/fold5/77509-1-0-0.wav,1,car_horn,5,"[1, 2, 1]"
178260-7-5-0,/tmp\sound_datasets\urbansound8k\audio/fold5/178260-7-5-0.wav,7,jackhammer,5,"[2, 4, 7]"
104998-7-15-1,/tmp\sound_datasets\urbansound8k\audio/fold5/104998-7-15-1.wav,7,jackhammer,5,"[2, 4, 7]"
72259-1-9-17,/tmp\sound_datasets\urbansound8k\audio/fold5/72259-1-9-17.wav,1,car_horn,5,"[1, 2, 1]"
159701-6-0-0,/tmp\sound_datasets\urbansound8k\audio/fold5/159701-6-0-0.wav,6,gun_shot,5,"[2, 6, 6]"
72259-1-7-12,/tmp\sound_datasets\urbansound8k\audio/fold5/72259-1-7-12.wav,1,car_horn,5,"[1, 2, 1]"
178686-0-0-65,/tmp\sound_datasets\urbansound8k\audio/fold5/178686-0-0-65.wav,0,air_conditioner,5,"[2, 5, 0]"
104998-7-17-7,/tmp\sound_datasets\urbansound8k\audio/fold5/104998-7-17-7.wav,7,jackhammer,5,"[2, 4, 7]"
72259-1-9-13,/tmp\sound_datasets\urbansound8k\audio/fold5/72259-1-9-13.wav,1,car_horn,5,"[1, 2, 1]"
72259-1-2-0,/tmp\sound_datasets\urbansound8k\audio/fold5/72259-1-2-0.wav,1,car_horn,5,"[1, 2, 1]"
162432-6-0-0,/tmp\sound_datasets\urbansound8k\audio/fold5/162432-6-0-0.wav,6,gun_shot,5,"[2, 6, 6]"
172460-9-0-101,/tmp\sound_datasets\urbansound8k\audio/fold5/172460-9-0-101.wav,9,street_music,5,"[3, 7, 9]"
72259-1-7-16,/tmp\sound_datasets\urbansound8k\audio/fold5/72259-1-7-16.wav,1,car_horn,5,"[1, 2, 1]"
84699-4-5-0,/tmp\sound_datasets\urbansound8k\audio/fold5/84699-4-5-0.wav,4,drilling,5,"[2, 4, 4]"
104998-7-19-8,/tmp\sound_datasets\urbansound8k\audio/fold5/104998-7-19-8.wav,7,jackhammer,5,"[2, 4, 7]"
90013-7-0-1,/tmp\sound_datasets\urbansound8k\audio/fold5/90013-7-0-1.wav,7,jackhammer,5,"[2, 4, 7]"
164782-8-0-3,/tmp\sound_datasets\urbansound8k\audio/fold5/164782-8-0-3.wav,8,siren,5,"[1, 3, 8]"
162318-2-0-40,/tmp\sound_datasets\urbansound8k\audio/fold5/162318-2-0-40.wav,2,children_playing,5,"[0, 0, 2]"
104998-7-15-5,/tmp\sound_datasets\urbansound8k\audio/fold5/104998-7-15-5.wav,7,jackhammer,5,"[2, 4, 7]"
83196-9-0-10,/tmp\sound_datasets\urbansound8k\audio/fold5/83196-9-0-10.wav,9,street_music,5,"[3, 7, 9]"
72259-1-0-2,/tmp\sound_datasets\urbansound8k\audio/fold5/72259-1-0-2.wav,1,car_horn,5,"[1, 2, 1]"
104998-7-3-1,/tmp\sound_datasets\urbansound8k\audio/fold5/104998-7-3-1.wav,7,jackhammer,5,"[2, 4, 7]"
108357-9-0-15,/tmp\sound_datasets\urbansound8k\audio/fold5/108357-9-0-15.wav,9,street_music,5,"[3, 7, 9]"
178260-7-3-2,/tmp\sound_datasets\urbansound8k\audio/fold5/178260-7-3-2.wav,7,jackhammer,5,"[2, 4, 7]"
77233-3-0-79,/tmp\sound_datasets\urbansound8k\audio/fold5/77233-3-0-79.wav,3,dog_bark,5,"[0, 1, 3]"
159701-6-4-0,/tmp\sound_datasets\urbansound8k\audio/fold5/159701-6-4-0.wav,6,gun_shot,5,"[2, 6, 6]"
180052-3-0-4,/tmp\sound_datasets\urbansound8k\audio/fold5/180052-3-0-4.wav,3,dog_bark,5,"[0, 1, 3]"
104998-7-10-15,/tmp\sound_datasets\urbansound8k\audio/fold5/104998-7-10-15.wav,7,jackhammer,5,"[2, 4, 7]"
17578-5-0-2,/tmp\sound_datasets\urbansound8k\audio/fold5/17578-5-0-2.wav,5,engine_idling,5,"[1, 2, 5]"
178260-7-1-0,/tmp\sound_datasets\urbansound8k\audio/fold5/178260-7-1-0.wav,7,jackhammer,5,"[2, 4, 7]"
104998-7-8-15,/tmp\sound_datasets\urbansound8k\audio/fold5/104998-7-8-15.wav,7,jackhammer,5,"[2, 4, 7]"
185436-1-3-0,/tmp\sound_datasets\urbansound8k\audio/fold5/185436-1-3-0.wav,1,car_horn,5,"[1, 2, 1]"
104998-7-7-4,/tmp\sound_datasets\urbansound8k\audio/fold5/104998-7-7-4.wav,7,jackhammer,5,"[2, 4, 7]"
71439-1-3-0,/tmp\sound_datasets\urbansound8k\audio/fold5/71439-1-3-0.wav,1,car_horn,5,"[1, 2, 1]"
104998-7-8-14,/tmp\sound_datasets\urbansound8k\audio/fold5/104998-7-8-14.wav,7,jackhammer,5,"[2, 4, 7]"
104998-7-11-0,/tmp\sound_datasets\urbansound8k\audio/fold5/104998-7-11-0.wav,7,jackhammer,5,"[2, 4, 7]"
178260-7-1-1,/tmp\sound_datasets\urbansound8k\audio/fold5/178260-7-1-1.wav,7,jackhammer,5,"[2, 4, 7]"
187920-7-2-0,/tmp\sound_datasets\urbansound8k\audio/fold5/187920-7-2-0.wav,7,jackhammer,5,"[2, 4, 7]"
49312-2-0-5,/tmp\sound_datasets\urbansound8k\audio/fold5/49312-2-0-5.wav,2,children_playing,5,"[0, 0, 2]"
17578-5-0-3,/tmp\sound_datasets\urbansound8k\audio/fold5/17578-5-0-3.wav,5,engine_idling,5,"[1, 2, 5]"
100263-2-0-137,/tmp\sound_datasets\urbansound8k\audio/fold5/100263-2-0-137.wav,2,children_playing,5,"[0, 0, 2]"
156634-5-0-12,/tmp\sound_datasets\urbansound8k\audio/fold5/156634-5-0-12.wav,5,engine_idling,5,"[1, 2, 5]"
203654-9-0-39,/tmp\sound_datasets\urbansound8k\audio/fold5/203654-9-0-39.wav,9,street_music,5,"[3, 7, 9]"
126521-3-0-17,/tmp\sound_datasets\urbansound8k\audio/fold5/126521-3-0-17.wav,3,dog_bark,5,"[0, 1, 3]"
178260-7-3-3,/tmp\sound_datasets\urbansound8k\audio/fold5/178260-7-3-3.wav,7,jackhammer,5,"[2, 4, 7]"
72259-1-0-3,/tmp\sound_datasets\urbansound8k\audio/fold5/72259-1-0-3.wav,1,car_horn,5,"[1, 2, 1]"
162318-2-0-55,/tmp\sound_datasets\urbansound8k\audio/fold5/162318-2-0-55.wav,2,children_playing,5,"[0, 0, 2]"
164782-8-0-2,/tmp\sound_datasets\urbansound8k\audio/fold5/164782-8-0-2.wav,8,siren,5,"[1, 3, 8]"
90013-7-0-0,/tmp\sound_datasets\urbansound8k\audio/fold5/90013-7-0-0.wav,7,jackhammer,5,"[2, 4, 7]"
104998-7-19-9,/tmp\sound_datasets\urbansound8k\audio/fold5/104998-7-19-9.wav,7,jackhammer,5,"[2, 4, 7]"
72259-1-7-17,/tmp\sound_datasets\urbansound8k\audio/fold5/72259-1-7-17.wav,1,car_horn,5,"[1, 2, 1]"
205874-4-5-0,/tmp\sound_datasets\urbansound8k\audio/fold5/205874-4-5-0.wav,4,drilling,5,"[2, 4, 4]"
72259-1-9-12,/tmp\sound_datasets\urbansound8k\audio/fold5/72259-1-9-12.wav,1,car_horn,5,"[1, 2, 1]"
172460-9-0-100,/tmp\sound_datasets\urbansound8k\audio/fold5/172460-9-0-100.wav,9,street_music,5,"[3, 7, 9]"
178686-0-0-64,/tmp\sound_datasets\urbansound8k\audio/fold5/178686-0-0-64.wav,0,air_conditioner,5,"[2, 5, 0]"
20015-3-0-14,/tmp\sound_datasets\urbansound8k\audio/fold5/20015-3-0-14.wav,3,dog_bark,5,"[0, 1, 3]"
178686-0-0-72,/tmp\sound_datasets\urbansound8k\audio/fold5/178686-0-0-72.wav,0,air_conditioner,5,"[2, 5, 0]"
128152-9-0-167,/tmp\sound_datasets\urbansound8k\audio/fold5/128152-9-0-167.wav,9,street_music,5,"[3, 7, 9]"
102547-3-0-2,/tmp\sound_datasets\urbansound8k\audio/fold5/102547-3-0-2.wav,3,dog_bark,5,"[0, 1, 3]"
178686-0-0-66,/tmp\sound_datasets\urbansound8k\audio/fold5/178686-0-0-66.wav,0,air_conditioner,5,"[2, 5, 0]"
104998-7-17-4,/tmp\sound_datasets\urbansound8k\audio/fold5/104998-7-17-4.wav,7,jackhammer,5,"[2, 4, 7]"
156634-5-1-0,/tmp\sound_datasets\urbansound8k\audio/fold5/156634-5-1-0.wav,5,engine_idling,5,"[1, 2, 5]"
72259-1-9-10,/tmp\sound_datasets\urbansound8k\audio/fold5/72259-1-9-10.wav,1,car_horn,5,"[1, 2, 1]"
72259-1-7-15,/tmp\sound_datasets\urbansound8k\audio/fold5/72259-1-7-15.wav,1,car_horn,5,"[1, 2, 1]"
164782-8-0-0,/tmp\sound_datasets\urbansound8k\audio/fold5/164782-8-0-0.wav,8,siren,5,"[1, 3, 8]"
90013-7-0-2,/tmp\sound_datasets\urbansound8k\audio/fold5/90013-7-0-2.wav,7,jackhammer,5,"[2, 4, 7]"
109263-9-0-39,/tmp\sound_datasets\urbansound8k\audio/fold5/109263-9-0-39.wav,9,street_music,5,"[3, 7, 9]"
71173-2-0-13,/tmp\sound_datasets\urbansound8k\audio/fold5/71173-2-0-13.wav,2,children_playing,5,"[0, 0, 2]"
19503-3-1-0,/tmp\sound_datasets\urbansound8k\audio/fold5/19503-3-1-0.wav,3,dog_bark,5,"[0, 1, 3]"
76566-3-0-6,/tmp\sound_datasets\urbansound8k\audio/fold5/76566-3-0-6.wav,3,dog_bark,5,"[0, 1, 3]"
72259-1-0-1,/tmp\sound_datasets\urbansound8k\audio/fold5/72259-1-0-1.wav,1,car_horn,5,"[1, 2, 1]"
83196-9-0-13,/tmp\sound_datasets\urbansound8k\audio/fold5/83196-9-0-13.wav,9,street_music,5,"[3, 7, 9]"
205874-4-7-0,/tmp\sound_datasets\urbansound8k\audio/fold5/205874-4-7-0.wav,4,drilling,5,"[2, 4, 4]"
175849-1-0-0,/tmp\sound_datasets\urbansound8k\audio/fold5/175849-1-0-0.wav,1,car_horn,5,"[1, 2, 1]"
196081-2-0-0,/tmp\sound_datasets\urbansound8k\audio/fold5/196081-2-0-0.wav,2,children_playing,5,"[0, 0, 2]"
159439-2-0-11,/tmp\sound_datasets\urbansound8k\audio/fold5/159439-2-0-11.wav,2,children_playing,5,"[0, 0, 2]"
118440-4-8-0,/tmp\sound_datasets\urbansound8k\audio/fold5/118440-4-8-0.wav,4,drilling,5,"[2, 4, 4]"
178260-7-3-1,/tmp\sound_datasets\urbansound8k\audio/fold5/178260-7-3-1.wav,7,jackhammer,5,"[2, 4, 7]"
187920-7-0-0,/tmp\sound_datasets\urbansound8k\audio/fold5/187920-7-0-0.wav,7,jackhammer,5,"[2, 4, 7]"
37869-3-0-0,/tmp\sound_datasets\urbansound8k\audio/fold5/37869-3-0-0.wav,3,dog_bark,5,"[0, 1, 3]"
71439-1-1-0,/tmp\sound_datasets\urbansound8k\audio/fold5/71439-1-1-0.wav,1,car_horn,5,"[1, 2, 1]"
36263-9-0-13,/tmp\sound_datasets\urbansound8k\audio/fold5/36263-9-0-13.wav,9,street_music,5,"[3, 7, 9]"
77233-3-0-7,/tmp\sound_datasets\urbansound8k\audio/fold5/77233-3-0-7.wav,3,dog_bark,5,"[0, 1, 3]"
191449-6-0-0,/tmp\sound_datasets\urbansound8k\audio/fold5/191449-6-0-0.wav,6,gun_shot,5,"[2, 6, 6]"
100263-2-0-121,/tmp\sound_datasets\urbansound8k\audio/fold5/100263-2-0-121.wav,2,children_playing,5,"[0, 0, 2]"
156634-5-0-10,/tmp\sound_datasets\urbansound8k\audio/fold5/156634-5-0-10.wav,5,engine_idling,5,"[1, 2, 5]"
17578-5-0-1,/tmp\sound_datasets\urbansound8k\audio/fold5/17578-5-0-1.wav,5,engine_idling,5,"[1, 2, 5]"
104998-7-9-9,/tmp\sound_datasets\urbansound8k\audio/fold5/104998-7-9-9.wav,7,jackhammer,5,"[2, 4, 7]"
104998-7-11-2,/tmp\sound_datasets\urbansound8k\audio/fold5/104998-7-11-2.wav,7,jackhammer,5,"[2, 4, 7]"
49312-2-0-7,/tmp\sound_datasets\urbansound8k\audio/fold5/49312-2-0-7.wav,2,children_playing,5,"[0, 0, 2]"
178260-7-1-3,/tmp\sound_datasets\urbansound8k\audio/fold5/178260-7-1-3.wav,7,jackhammer,5,"[2, 4, 7]"
159701-6-6-0,/tmp\sound_datasets\urbansound8k\audio/fold5/159701-6-6-0.wav,6,gun_shot,5,"[2, 6, 6]"
104998-7-7-7,/tmp\sound_datasets\urbansound8k\audio/fold5/104998-7-7-7.wav,7,jackhammer,5,"[2, 4, 7]"
83196-9-0-9,/tmp\sound_datasets\urbansound8k\audio/fold5/83196-9-0-9.wav,9,street_music,5,"[3, 7, 9]"
104998-7-8-17,/tmp\sound_datasets\urbansound8k\audio/fold5/104998-7-8-17.wav,7,jackhammer,5,"[2, 4, 7]"
178260-7-1-2,/tmp\sound_datasets\urbansound8k\audio/fold5/178260-7-1-2.wav,7,jackhammer,5,"[2, 4, 7]"
156634-5-0-11,/tmp\sound_datasets\urbansound8k\audio/fold5/156634-5-0-11.wav,5,engine_idling,5,"[1, 2, 5]"
17578-5-0-0,/tmp\sound_datasets\urbansound8k\audio/fold5/17578-5-0-0.wav,5,engine_idling,5,"[1, 2, 5]"
203516-3-0-0,/tmp\sound_datasets\urbansound8k\audio/fold5/203516-3-0-0.wav,3,dog_bark,5,"[0, 1, 3]"
185436-1-1-0,/tmp\sound_datasets\urbansound8k\audio/fold5/185436-1-1-0.wav,1,car_horn,5,"[1, 2, 1]"
36263-9-0-12,/tmp\sound_datasets\urbansound8k\audio/fold5/36263-9-0-12.wav,9,street_music,5,"[3, 7, 9]"
104421-2-1-3,/tmp\sound_datasets\urbansound8k\audio/fold5/104421-2-1-3.wav,2,children_playing,5,"[0, 0, 2]"
178260-7-3-0,/tmp\sound_datasets\urbansound8k\audio/fold5/178260-7-3-0.wav,7,jackhammer,5,"[2, 4, 7]"
159439-2-0-10,/tmp\sound_datasets\urbansound8k\audio/fold5/159439-2-0-10.wav,2,children_playing,5,"[0, 0, 2]"
180125-4-3-10,/tmp\sound_datasets\urbansound8k\audio/fold5/180125-4-3-10.wav,4,drilling,5,"[2, 4, 4]"
72259-1-0-0,/tmp\sound_datasets\urbansound8k\audio/fold5/72259-1-0-0.wav,1,car_horn,5,"[1, 2, 1]"
162432-6-2-0,/tmp\sound_datasets\urbansound8k\audio/fold5/162432-6-2-0.wav,6,gun_shot,5,"[2, 6, 6]"
180125-4-2-1,/tmp\sound_datasets\urbansound8k\audio/fold5/180125-4-2-1.wav,4,drilling,5,"[2, 4, 4]"
77247-6-0-0,/tmp\sound_datasets\urbansound8k\audio/fold5/77247-6-0-0.wav,6,gun_shot,5,"[2, 6, 6]"
90013-7-0-3,/tmp\sound_datasets\urbansound8k\audio/fold5/90013-7-0-3.wav,7,jackhammer,5,"[2, 4, 7]"
164782-8-0-1,/tmp\sound_datasets\urbansound8k\audio/fold5/164782-8-0-1.wav,8,siren,5,"[1, 3, 8]"
116163-3-1-0,/tmp\sound_datasets\urbansound8k\audio/fold5/116163-3-1-0.wav,3,dog_bark,5,"[0, 1, 3]"
46391-1-0-0,/tmp\sound_datasets\urbansound8k\audio/fold5/46391-1-0-0.wav,1,car_horn,5,"[1, 2, 1]"
171388-9-0-43,/tmp\sound_datasets\urbansound8k\audio/fold5/171388-9-0-43.wav,9,street_music,5,"[3, 7, 9]"
72259-1-7-14,/tmp\sound_datasets\urbansound8k\audio/fold5/72259-1-7-14.wav,1,car_horn,5,"[1, 2, 1]"
72259-1-9-11,/tmp\sound_datasets\urbansound8k\audio/fold5/72259-1-9-11.wav,1,car_horn,5,"[1, 2, 1]"
180128-4-0-0,/tmp\sound_datasets\urbansound8k\audio/fold5/180128-4-0-0.wav,4,drilling,5,"[2, 4, 4]"
178686-0-0-67,/tmp\sound_datasets\urbansound8k\audio/fold5/178686-0-0-67.wav,0,air_conditioner,5,"[2, 5, 0]"
28284-3-0-0,/tmp\sound_datasets\urbansound8k\audio/fold6/28284-3-0-0.wav,3,dog_bark,6,"[0, 1, 3]"
133494-2-0-26,/tmp\sound_datasets\urbansound8k\audio/fold6/133494-2-0-26.wav,2,children_playing,6,"[0, 0, 2]"
94632-5-0-0,/tmp\sound_datasets\urbansound8k\audio/fold6/94632-5-0-0.wav,5,engine_idling,6,"[1, 2, 5]"
155127-9-0-2,/tmp\sound_datasets\urbansound8k\audio/fold6/155127-9-0-2.wav,9,street_music,6,"[3, 7, 9]"
74726-8-2-1,/tmp\sound_datasets\urbansound8k\audio/fold6/74726-8-2-1.wav,8,siren,6,"[1, 3, 8]"
98263-9-0-22,/tmp\sound_datasets\urbansound8k\audio/fold6/98263-9-0-22.wav,9,street_music,6,"[3, 7, 9]"
74726-8-0-3,/tmp\sound_datasets\urbansound8k\audio/fold6/74726-8-0-3.wav,8,siren,6,"[1, 3, 8]"
116423-2-0-4,/tmp\sound_datasets\urbansound8k\audio/fold6/116423-2-0-4.wav,2,children_playing,6,"[0, 0, 2]"
30206-7-0-3,/tmp\sound_datasets\urbansound8k\audio/fold6/30206-7-0-3.wav,7,jackhammer,6,"[2, 4, 7]"
34952-8-0-6,/tmp\sound_datasets\urbansound8k\audio/fold6/34952-8-0-6.wav,8,siren,6,"[1, 3, 8]"
194753-3-3-0,/tmp\sound_datasets\urbansound8k\audio/fold6/194753-3-3-0.wav,3,dog_bark,6,"[0, 1, 3]"
167701-4-6-2,/tmp\sound_datasets\urbansound8k\audio/fold6/167701-4-6-2.wav,4,drilling,6,"[2, 4, 4]"
74726-8-0-14,/tmp\sound_datasets\urbansound8k\audio/fold6/74726-8-0-14.wav,8,siren,6,"[1, 3, 8]"
47160-0-0-4,/tmp\sound_datasets\urbansound8k\audio/fold6/47160-0-0-4.wav,0,air_conditioner,6,"[2, 5, 0]"
110868-9-0-14,/tmp\sound_datasets\urbansound8k\audio/fold6/110868-9-0-14.wav,9,street_music,6,"[3, 7, 9]"
169045-2-0-14,/tmp\sound_datasets\urbansound8k\audio/fold6/169045-2-0-14.wav,2,children_playing,6,"[0, 0, 2]"
135160-8-0-0,/tmp\sound_datasets\urbansound8k\audio/fold6/135160-8-0-0.wav,8,siren,6,"[1, 3, 8]"
194321-9-0-61,/tmp\sound_datasets\urbansound8k\audio/fold6/194321-9-0-61.wav,9,street_music,6,"[3, 7, 9]"
39884-5-0-0,/tmp\sound_datasets\urbansound8k\audio/fold6/39884-5-0-0.wav,5,engine_idling,6,"[1, 2, 5]"
166931-4-2-0,/tmp\sound_datasets\urbansound8k\audio/fold6/166931-4-2-0.wav,4,drilling,6,"[2, 4, 4]"
167701-4-4-0,/tmp\sound_datasets\urbansound8k\audio/fold6/167701-4-4-0.wav,4,drilling,6,"[2, 4, 4]"
78651-5-0-5,/tmp\sound_datasets\urbansound8k\audio/fold6/78651-5-0-5.wav,5,engine_idling,6,"[1, 2, 5]"
124389-8-1-2,/tmp\sound_datasets\urbansound8k\audio/fold6/124389-8-1-2.wav,8,siren,6,"[1, 3, 8]"
14114-4-0-0,/tmp\sound_datasets\urbansound8k\audio/fold6/14114-4-0-0.wav,4,drilling,6,"[2, 4, 4]"
124389-8-1-3,/tmp\sound_datasets\urbansound8k\audio/fold6/124389-8-1-3.wav,8,siren,6,"[1, 3, 8]"
69962-2-0-2,/tmp\sound_datasets\urbansound8k\audio/fold6/69962-2-0-2.wav,2,children_playing,6,"[0, 0, 2]"
14114-4-0-1,/tmp\sound_datasets\urbansound8k\audio/fold6/14114-4-0-1.wav,4,drilling,6,"[2, 4, 4]"
82368-2-0-7,/tmp\sound_datasets\urbansound8k\audio/fold6/82368-2-0-7.wav,2,children_playing,6,"[0, 0, 2]"
78651-5-0-4,/tmp\sound_datasets\urbansound8k\audio/fold6/78651-5-0-4.wav,5,engine_idling,6,"[1, 2, 5]"
39884-5-0-1,/tmp\sound_datasets\urbansound8k\audio/fold6/39884-5-0-1.wav,5,engine_idling,6,"[1, 2, 5]"
135160-8-0-1,/tmp\sound_datasets\urbansound8k\audio/fold6/135160-8-0-1.wav,8,siren,6,"[1, 3, 8]"
110868-9-0-15,/tmp\sound_datasets\urbansound8k\audio/fold6/110868-9-0-15.wav,9,street_music,6,"[3, 7, 9]"
52882-2-0-4,/tmp\sound_datasets\urbansound8k\audio/fold6/52882-2-0-4.wav,2,children_playing,6,"[0, 0, 2]"
71088-4-1-0,/tmp\sound_datasets\urbansound8k\audio/fold6/71088-4-1-0.wav,4,drilling,6,"[2, 4, 4]"
74726-8-0-15,/tmp\sound_datasets\urbansound8k\audio/fold6/74726-8-0-15.wav,8,siren,6,"[1, 3, 8]"
167701-4-6-3,/tmp\sound_datasets\urbansound8k\audio/fold6/167701-4-6-3.wav,4,drilling,6,"[2, 4, 4]"
34952-8-0-7,/tmp\sound_datasets\urbansound8k\audio/fold6/34952-8-0-7.wav,8,siren,6,"[1, 3, 8]"
204919-3-3-0,/tmp\sound_datasets\urbansound8k\audio/fold6/204919-3-3-0.wav,3,dog_bark,6,"[0, 1, 3]"
193697-2-0-107,/tmp\sound_datasets\urbansound8k\audio/fold6/193697-2-0-107.wav,2,children_playing,6,"[0, 0, 2]"
30206-7-0-2,/tmp\sound_datasets\urbansound8k\audio/fold6/30206-7-0-2.wav,7,jackhammer,6,"[2, 4, 7]"
74726-8-0-2,/tmp\sound_datasets\urbansound8k\audio/fold6/74726-8-0-2.wav,8,siren,6,"[1, 3, 8]"
69962-2-0-20,/tmp\sound_datasets\urbansound8k\audio/fold6/69962-2-0-20.wav,2,children_playing,6,"[0, 0, 2]"
148835-6-0-0,/tmp\sound_datasets\urbansound8k\audio/fold6/148835-6-0-0.wav,6,gun_shot,6,"[2, 6, 6]"
137969-2-0-37,/tmp\sound_datasets\urbansound8k\audio/fold6/137969-2-0-37.wav,2,children_playing,6,"[0, 0, 2]"
122738-9-0-11,/tmp\sound_datasets\urbansound8k\audio/fold6/122738-9-0-11.wav,9,street_music,6,"[3, 7, 9]"
74726-8-2-0,/tmp\sound_datasets\urbansound8k\audio/fold6/74726-8-2-0.wav,8,siren,6,"[1, 3, 8]"
159702-6-2-0,/tmp\sound_datasets\urbansound8k\audio/fold6/159702-6-2-0.wav,6,gun_shot,6,"[2, 6, 6]"
28284-3-0-1,/tmp\sound_datasets\urbansound8k\audio/fold6/28284-3-0-1.wav,3,dog_bark,6,"[0, 1, 3]"
135544-6-15-0,/tmp\sound_datasets\urbansound8k\audio/fold6/135544-6-15-0.wav,6,gun_shot,6,"[2, 6, 6]"
184805-0-0-34,/tmp\sound_datasets\urbansound8k\audio/fold6/184805-0-0-34.wav,0,air_conditioner,6,"[2, 5, 0]"
133494-2-0-25,/tmp\sound_datasets\urbansound8k\audio/fold6/133494-2-0-25.wav,2,children_playing,6,"[0, 0, 2]"
85249-2-0-14,/tmp\sound_datasets\urbansound8k\audio/fold6/85249-2-0-14.wav,2,children_playing,6,"[0, 0, 2]"
133494-2-0-31,/tmp\sound_datasets\urbansound8k\audio/fold6/133494-2-0-31.wav,2,children_playing,6,"[0, 0, 2]"
148835-6-2-0,/tmp\sound_datasets\urbansound8k\audio/fold6/148835-6-2-0.wav,6,gun_shot,6,"[2, 6, 6]"
133494-2-0-19,/tmp\sound_datasets\urbansound8k\audio/fold6/133494-2-0-19.wav,2,children_playing,6,"[0, 0, 2]"
74726-8-2-2,/tmp\sound_datasets\urbansound8k\audio/fold6/74726-8-2-2.wav,8,siren,6,"[1, 3, 8]"
71079-4-1-0,/tmp\sound_datasets\urbansound8k\audio/fold6/71079-4-1-0.wav,4,drilling,6,"[2, 4, 4]"
14358-3-0-26,/tmp\sound_datasets\urbansound8k\audio/fold6/14358-3-0-26.wav,3,dog_bark,6,"[0, 1, 3]"
125574-3-0-0,/tmp\sound_datasets\urbansound8k\audio/fold6/125574-3-0-0.wav,3,dog_bark,6,"[0, 1, 3]"
204919-3-1-0,/tmp\sound_datasets\urbansound8k\audio/fold6/204919-3-1-0.wav,3,dog_bark,6,"[0, 1, 3]"
98263-9-0-35,/tmp\sound_datasets\urbansound8k\audio/fold6/98263-9-0-35.wav,9,street_music,6,"[3, 7, 9]"
135544-6-17-0,/tmp\sound_datasets\urbansound8k\audio/fold6/135544-6-17-0.wav,6,gun_shot,6,"[2, 6, 6]"
98680-9-0-14,/tmp\sound_datasets\urbansound8k\audio/fold6/98680-9-0-14.wav,9,street_music,6,"[3, 7, 9]"
115243-9-0-0,/tmp\sound_datasets\urbansound8k\audio/fold6/115243-9-0-0.wav,9,street_music,6,"[3, 7, 9]"
50455-5-0-0,/tmp\sound_datasets\urbansound8k\audio/fold6/50455-5-0-0.wav,5,engine_idling,6,"[1, 2, 5]"
58005-4-0-41,/tmp\sound_datasets\urbansound8k\audio/fold6/58005-4-0-41.wav,4,drilling,6,"[2, 4, 4]"
164311-3-1-0,/tmp\sound_datasets\urbansound8k\audio/fold6/164311-3-1-0.wav,3,dog_bark,6,"[0, 1, 3]"
132021-7-0-9,/tmp\sound_datasets\urbansound8k\audio/fold6/132021-7-0-9.wav,7,jackhammer,6,"[2, 4, 7]"
74726-8-0-0,/tmp\sound_datasets\urbansound8k\audio/fold6/74726-8-0-0.wav,8,siren,6,"[1, 3, 8]"
159702-6-0-0,/tmp\sound_datasets\urbansound8k\audio/fold6/159702-6-0-0.wav,6,gun_shot,6,"[2, 6, 6]"
30206-7-0-0,/tmp\sound_datasets\urbansound8k\audio/fold6/30206-7-0-0.wav,7,jackhammer,6,"[2, 4, 7]"
69962-2-0-22,/tmp\sound_datasets\urbansound8k\audio/fold6/69962-2-0-22.wav,2,children_playing,6,"[0, 0, 2]"
58005-4-0-55,/tmp\sound_datasets\urbansound8k\audio/fold6/58005-4-0-55.wav,4,drilling,6,"[2, 4, 4]"
94632-5-1-23,/tmp\sound_datasets\urbansound8k\audio/fold6/94632-5-1-23.wav,5,engine_idling,6,"[1, 2, 5]"
39854-5-0-0,/tmp\sound_datasets\urbansound8k\audio/fold6/39854-5-0-0.wav,5,engine_idling,6,"[1, 2, 5]"
115243-9-0-81,/tmp\sound_datasets\urbansound8k\audio/fold6/115243-9-0-81.wav,9,street_music,6,"[3, 7, 9]"
167701-4-6-1,/tmp\sound_datasets\urbansound8k\audio/fold6/167701-4-6-1.wav,4,drilling,6,"[2, 4, 4]"
34952-8-0-5,/tmp\sound_datasets\urbansound8k\audio/fold6/34952-8-0-5.wav,8,siren,6,"[1, 3, 8]"
135160-8-0-3,/tmp\sound_datasets\urbansound8k\audio/fold6/135160-8-0-3.wav,8,siren,6,"[1, 3, 8]"
52882-2-0-6,/tmp\sound_datasets\urbansound8k\audio/fold6/52882-2-0-6.wav,2,children_playing,6,"[0, 0, 2]"
62564-5-0-9,/tmp\sound_datasets\urbansound8k\audio/fold6/62564-5-0-9.wav,5,engine_idling,6,"[1, 2, 5]"
166931-4-2-3,/tmp\sound_datasets\urbansound8k\audio/fold6/166931-4-2-3.wav,4,drilling,6,"[2, 4, 4]"
44325-9-0-67,/tmp\sound_datasets\urbansound8k\audio/fold6/44325-9-0-67.wav,9,street_music,6,"[3, 7, 9]"
39884-5-0-3,/tmp\sound_datasets\urbansound8k\audio/fold6/39884-5-0-3.wav,5,engine_idling,6,"[1, 2, 5]"
78651-5-0-6,/tmp\sound_datasets\urbansound8k\audio/fold6/78651-5-0-6.wav,5,engine_idling,6,"[1, 2, 5]"
42955-9-0-12,/tmp\sound_datasets\urbansound8k\audio/fold6/42955-9-0-12.wav,9,street_music,6,"[3, 7, 9]"
14114-4-0-3,/tmp\sound_datasets\urbansound8k\audio/fold6/14114-4-0-3.wav,4,drilling,6,"[2, 4, 4]"
124389-8-1-1,/tmp\sound_datasets\urbansound8k\audio/fold6/124389-8-1-1.wav,8,siren,6,"[1, 3, 8]"
166931-4-0-1,/tmp\sound_datasets\urbansound8k\audio/fold6/166931-4-0-1.wav,4,drilling,6,"[2, 4, 4]"
14114-4-0-2,/tmp\sound_datasets\urbansound8k\audio/fold6/14114-4-0-2.wav,4,drilling,6,"[2, 4, 4]"
166931-4-0-0,/tmp\sound_datasets\urbansound8k\audio/fold6/166931-4-0-0.wav,4,drilling,6,"[2, 4, 4]"
124389-8-1-0,/tmp\sound_datasets\urbansound8k\audio/fold6/124389-8-1-0.wav,8,siren,6,"[1, 3, 8]"
105319-3-0-22,/tmp\sound_datasets\urbansound8k\audio/fold6/105319-3-0-22.wav,3,dog_bark,6,"[0, 1, 3]"
78651-5-0-7,/tmp\sound_datasets\urbansound8k\audio/fold6/78651-5-0-7.wav,5,engine_idling,6,"[1, 2, 5]"
194753-3-1-0,/tmp\sound_datasets\urbansound8k\audio/fold6/194753-3-1-0.wav,3,dog_bark,6,"[0, 1, 3]"
39884-5-0-2,/tmp\sound_datasets\urbansound8k\audio/fold6/39884-5-0-2.wav,5,engine_idling,6,"[1, 2, 5]"
44325-9-0-72,/tmp\sound_datasets\urbansound8k\audio/fold6/44325-9-0-72.wav,9,street_music,6,"[3, 7, 9]"
52882-2-0-7,/tmp\sound_datasets\urbansound8k\audio/fold6/52882-2-0-7.wav,2,children_playing,6,"[0, 0, 2]"
62564-5-0-8,/tmp\sound_datasets\urbansound8k\audio/fold6/62564-5-0-8.wav,5,engine_idling,6,"[1, 2, 5]"
135160-8-0-2,/tmp\sound_datasets\urbansound8k\audio/fold6/135160-8-0-2.wav,8,siren,6,"[1, 3, 8]"
169045-2-0-16,/tmp\sound_datasets\urbansound8k\audio/fold6/169045-2-0-16.wav,2,children_playing,6,"[0, 0, 2]"
74726-8-0-16,/tmp\sound_datasets\urbansound8k\audio/fold6/74726-8-0-16.wav,8,siren,6,"[1, 3, 8]"
34952-8-0-4,/tmp\sound_datasets\urbansound8k\audio/fold6/34952-8-0-4.wav,8,siren,6,"[1, 3, 8]"
194321-9-0-126,/tmp\sound_datasets\urbansound8k\audio/fold6/194321-9-0-126.wav,9,street_music,6,"[3, 7, 9]"
167701-4-6-0,/tmp\sound_datasets\urbansound8k\audio/fold6/167701-4-6-0.wav,4,drilling,6,"[2, 4, 4]"
58005-4-0-68,/tmp\sound_datasets\urbansound8k\audio/fold6/58005-4-0-68.wav,4,drilling,6,"[2, 4, 4]"
193697-2-0-110,/tmp\sound_datasets\urbansound8k\audio/fold6/193697-2-0-110.wav,2,children_playing,6,"[0, 0, 2]"
115243-9-0-94,/tmp\sound_datasets\urbansound8k\audio/fold6/115243-9-0-94.wav,9,street_music,6,"[3, 7, 9]"
184805-0-0-121,/tmp\sound_datasets\urbansound8k\audio/fold6/184805-0-0-121.wav,0,air_conditioner,6,"[2, 5, 0]"
132021-7-0-8,/tmp\sound_datasets\urbansound8k\audio/fold6/132021-7-0-8.wav,7,jackhammer,6,"[2, 4, 7]"
58005-4-0-40,/tmp\sound_datasets\urbansound8k\audio/fold6/58005-4-0-40.wav,4,drilling,6,"[2, 4, 4]"
30206-7-0-1,/tmp\sound_datasets\urbansound8k\audio/fold6/30206-7-0-1.wav,7,jackhammer,6,"[2, 4, 7]"
74726-8-0-1,/tmp\sound_datasets\urbansound8k\audio/fold6/74726-8-0-1.wav,8,siren,6,"[1, 3, 8]"
166489-3-0-4,/tmp\sound_datasets\urbansound8k\audio/fold6/166489-3-0-4.wav,3,dog_bark,6,"[0, 1, 3]"
137969-2-0-20,/tmp\sound_datasets\urbansound8k\audio/fold6/137969-2-0-20.wav,2,children_playing,6,"[0, 0, 2]"
122738-9-0-12,/tmp\sound_datasets\urbansound8k\audio/fold6/122738-9-0-12.wav,9,street_music,6,"[3, 7, 9]"
74726-8-2-3,/tmp\sound_datasets\urbansound8k\audio/fold6/74726-8-2-3.wav,8,siren,6,"[1, 3, 8]"
94632-5-0-2,/tmp\sound_datasets\urbansound8k\audio/fold6/94632-5-0-2.wav,5,engine_idling,6,"[1, 2, 5]"
38121-3-0-0,/tmp\sound_datasets\urbansound8k\audio/fold6/38121-3-0-0.wav,3,dog_bark,6,"[0, 1, 3]"
35548-9-2-9,/tmp\sound_datasets\urbansound8k\audio/fold6/35548-9-2-9.wav,9,street_music,6,"[3, 7, 9]"
97331-2-0-17,/tmp\sound_datasets\urbansound8k\audio/fold6/97331-2-0-17.wav,2,children_playing,6,"[0, 0, 2]"
133494-2-0-18,/tmp\sound_datasets\urbansound8k\audio/fold6/133494-2-0-18.wav,2,children_playing,6,"[0, 0, 2]"
85249-2-0-29,/tmp\sound_datasets\urbansound8k\audio/fold6/85249-2-0-29.wav,2,children_playing,6,"[0, 0, 2]"
97331-2-0-13,/tmp\sound_datasets\urbansound8k\audio/fold6/97331-2-0-13.wav,2,children_playing,6,"[0, 0, 2]"
24364-4-0-10,/tmp\sound_datasets\urbansound8k\audio/fold6/24364-4-0-10.wav,4,drilling,6,"[2, 4, 4]"
94632-5-0-6,/tmp\sound_datasets\urbansound8k\audio/fold6/94632-5-0-6.wav,5,engine_idling,6,"[1, 2, 5]"
184805-0-0-27,/tmp\sound_datasets\urbansound8k\audio/fold6/184805-0-0-27.wav,0,air_conditioner,6,"[2, 5, 0]"
64346-6-0-0,/tmp\sound_datasets\urbansound8k\audio/fold6/64346-6-0-0.wav,6,gun_shot,6,"[2, 6, 6]"
167701-4-2-0,/tmp\sound_datasets\urbansound8k\audio/fold6/167701-4-2-0.wav,4,drilling,6,"[2, 4, 4]"
35548-9-0-21,/tmp\sound_datasets\urbansound8k\audio/fold6/35548-9-0-21.wav,9,street_music,6,"[3, 7, 9]"
137969-2-0-18,/tmp\sound_datasets\urbansound8k\audio/fold6/137969-2-0-18.wav,2,children_playing,6,"[0, 0, 2]"
18933-1-0-0,/tmp\sound_datasets\urbansound8k\audio/fold6/18933-1-0-0.wav,1,car_horn,6,"[1, 2, 1]"
98263-9-0-24,/tmp\sound_datasets\urbansound8k\audio/fold6/98263-9-0-24.wav,9,street_music,6,"[3, 7, 9]"
98680-9-0-11,/tmp\sound_datasets\urbansound8k\audio/fold6/98680-9-0-11.wav,9,street_music,6,"[3, 7, 9]"
166931-4-4-0,/tmp\sound_datasets\urbansound8k\audio/fold6/166931-4-4-0.wav,4,drilling,6,"[2, 4, 4]"
94632-5-1-26,/tmp\sound_datasets\urbansound8k\audio/fold6/94632-5-1-26.wav,5,engine_idling,6,"[1, 2, 5]"
116423-2-0-2,/tmp\sound_datasets\urbansound8k\audio/fold6/116423-2-0-2.wav,2,children_playing,6,"[0, 0, 2]"
74726-8-0-5,/tmp\sound_datasets\urbansound8k\audio/fold6/74726-8-0-5.wav,8,siren,6,"[1, 3, 8]"
30206-7-0-5,/tmp\sound_datasets\urbansound8k\audio/fold6/30206-7-0-5.wav,7,jackhammer,6,"[2, 4, 7]"
58005-4-0-44,/tmp\sound_datasets\urbansound8k\audio/fold6/58005-4-0-44.wav,4,drilling,6,"[2, 4, 4]"
47160-0-0-2,/tmp\sound_datasets\urbansound8k\audio/fold6/47160-0-0-2.wav,0,air_conditioner,6,"[2, 5, 0]"
74726-8-0-12,/tmp\sound_datasets\urbansound8k\audio/fold6/74726-8-0-12.wav,8,siren,6,"[1, 3, 8]"
197075-3-4-1,/tmp\sound_datasets\urbansound8k\audio/fold6/197075-3-4-1.wav,3,dog_bark,6,"[0, 1, 3]"
167701-4-6-4,/tmp\sound_datasets\urbansound8k\audio/fold6/167701-4-6-4.wav,4,drilling,6,"[2, 4, 4]"
34952-8-0-0,/tmp\sound_datasets\urbansound8k\audio/fold6/34952-8-0-0.wav,8,siren,6,"[1, 3, 8]"
46299-2-0-9,/tmp\sound_datasets\urbansound8k\audio/fold6/46299-2-0-9.wav,2,children_playing,6,"[0, 0, 2]"
39884-5-0-6,/tmp\sound_datasets\urbansound8k\audio/fold6/39884-5-0-6.wav,5,engine_idling,6,"[1, 2, 5]"
110868-9-0-8,/tmp\sound_datasets\urbansound8k\audio/fold6/110868-9-0-8.wav,9,street_music,6,"[3, 7, 9]"
135160-8-0-6,/tmp\sound_datasets\urbansound8k\audio/fold6/135160-8-0-6.wav,8,siren,6,"[1, 3, 8]"
52882-2-0-3,/tmp\sound_datasets\urbansound8k\audio/fold6/52882-2-0-3.wav,2,children_playing,6,"[0, 0, 2]"
34643-4-1-0,/tmp\sound_datasets\urbansound8k\audio/fold6/34643-4-1-0.wav,4,drilling,6,"[2, 4, 4]"
78651-5-0-3,/tmp\sound_datasets\urbansound8k\audio/fold6/78651-5-0-3.wav,5,engine_idling,6,"[1, 2, 5]"
82368-2-0-0,/tmp\sound_datasets\urbansound8k\audio/fold6/82368-2-0-0.wav,2,children_playing,6,"[0, 0, 2]"
124389-8-1-4,/tmp\sound_datasets\urbansound8k\audio/fold6/124389-8-1-4.wav,8,siren,6,"[1, 3, 8]"
188004-8-0-1,/tmp\sound_datasets\urbansound8k\audio/fold6/188004-8-0-1.wav,8,siren,6,"[1, 3, 8]"
148833-6-0-0,/tmp\sound_datasets\urbansound8k\audio/fold6/148833-6-0-0.wav,6,gun_shot,6,"[2, 6, 6]"
159702-6-4-0,/tmp\sound_datasets\urbansound8k\audio/fold6/159702-6-4-0.wav,6,gun_shot,6,"[2, 6, 6]"
188004-8-0-0,/tmp\sound_datasets\urbansound8k\audio/fold6/188004-8-0-0.wav,8,siren,6,"[1, 3, 8]"
124389-8-1-5,/tmp\sound_datasets\urbansound8k\audio/fold6/124389-8-1-5.wav,8,siren,6,"[1, 3, 8]"
29932-1-1-0,/tmp\sound_datasets\urbansound8k\audio/fold6/29932-1-1-0.wav,1,car_horn,6,"[1, 2, 1]"
135544-6-13-0,/tmp\sound_datasets\urbansound8k\audio/fold6/135544-6-13-0.wav,6,gun_shot,6,"[2, 6, 6]"
82368-2-0-1,/tmp\sound_datasets\urbansound8k\audio/fold6/82368-2-0-1.wav,2,children_playing,6,"[0, 0, 2]"
78651-5-0-2,/tmp\sound_datasets\urbansound8k\audio/fold6/78651-5-0-2.wav,5,engine_idling,6,"[1, 2, 5]"
34643-4-1-1,/tmp\sound_datasets\urbansound8k\audio/fold6/34643-4-1-1.wav,4,drilling,6,"[2, 4, 4]"
167701-4-12-0,/tmp\sound_datasets\urbansound8k\audio/fold6/167701-4-12-0.wav,4,drilling,6,"[2, 4, 4]"
110868-9-0-13,/tmp\sound_datasets\urbansound8k\audio/fold6/110868-9-0-13.wav,9,street_music,6,"[3, 7, 9]"
135160-8-0-7,/tmp\sound_datasets\urbansound8k\audio/fold6/135160-8-0-7.wav,8,siren,6,"[1, 3, 8]"
39884-5-0-7,/tmp\sound_datasets\urbansound8k\audio/fold6/39884-5-0-7.wav,5,engine_idling,6,"[1, 2, 5]"
166931-4-2-7,/tmp\sound_datasets\urbansound8k\audio/fold6/166931-4-2-7.wav,4,drilling,6,"[2, 4, 4]"
169045-2-0-8,/tmp\sound_datasets\urbansound8k\audio/fold6/169045-2-0-8.wav,2,children_playing,6,"[0, 0, 2]"
34952-8-0-1,/tmp\sound_datasets\urbansound8k\audio/fold6/34952-8-0-1.wav,8,siren,6,"[1, 3, 8]"
46299-2-0-8,/tmp\sound_datasets\urbansound8k\audio/fold6/46299-2-0-8.wav,2,children_playing,6,"[0, 0, 2]"
74726-8-0-13,/tmp\sound_datasets\urbansound8k\audio/fold6/74726-8-0-13.wav,8,siren,6,"[1, 3, 8]"
47160-0-0-3,/tmp\sound_datasets\urbansound8k\audio/fold6/47160-0-0-3.wav,0,air_conditioner,6,"[2, 5, 0]"
58005-4-0-51,/tmp\sound_datasets\urbansound8k\audio/fold6/58005-4-0-51.wav,4,drilling,6,"[2, 4, 4]"
46299-2-0-21,/tmp\sound_datasets\urbansound8k\audio/fold6/46299-2-0-21.wav,2,children_playing,6,"[0, 0, 2]"
30206-7-0-4,/tmp\sound_datasets\urbansound8k\audio/fold6/30206-7-0-4.wav,7,jackhammer,6,"[2, 4, 7]"
74726-8-0-4,/tmp\sound_datasets\urbansound8k\audio/fold6/74726-8-0-4.wav,8,siren,6,"[1, 3, 8]"
116423-2-0-3,/tmp\sound_datasets\urbansound8k\audio/fold6/116423-2-0-3.wav,2,children_playing,6,"[0, 0, 2]"
58005-4-0-45,/tmp\sound_datasets\urbansound8k\audio/fold6/58005-4-0-45.wav,4,drilling,6,"[2, 4, 4]"
115243-9-0-4,/tmp\sound_datasets\urbansound8k\audio/fold6/115243-9-0-4.wav,9,street_music,6,"[3, 7, 9]"
166489-3-0-1,/tmp\sound_datasets\urbansound8k\audio/fold6/166489-3-0-1.wav,3,dog_bark,6,"[0, 1, 3]"
115243-9-0-46,/tmp\sound_datasets\urbansound8k\audio/fold6/115243-9-0-46.wav,9,street_music,6,"[3, 7, 9]"
193697-2-0-90,/tmp\sound_datasets\urbansound8k\audio/fold6/193697-2-0-90.wav,2,children_playing,6,"[0, 0, 2]"
135544-6-8-0,/tmp\sound_datasets\urbansound8k\audio/fold6/135544-6-8-0.wav,6,gun_shot,6,"[2, 6, 6]"
70740-8-0-0,/tmp\sound_datasets\urbansound8k\audio/fold6/70740-8-0-0.wav,8,siren,6,"[1, 3, 8]"
129356-2-0-118,/tmp\sound_datasets\urbansound8k\audio/fold6/129356-2-0-118.wav,2,children_playing,6,"[0, 0, 2]"
194321-9-0-241,/tmp\sound_datasets\urbansound8k\audio/fold6/194321-9-0-241.wav,9,street_music,6,"[3, 7, 9]"
184805-0-0-32,/tmp\sound_datasets\urbansound8k\audio/fold6/184805-0-0-32.wav,0,air_conditioner,6,"[2, 5, 0]"
85249-2-0-10,/tmp\sound_datasets\urbansound8k\audio/fold6/85249-2-0-10.wav,2,children_playing,6,"[0, 0, 2]"
51027-3-0-9,/tmp\sound_datasets\urbansound8k\audio/fold6/51027-3-0-9.wav,3,dog_bark,6,"[0, 1, 3]"
24364-4-0-11,/tmp\sound_datasets\urbansound8k\audio/fold6/24364-4-0-11.wav,4,drilling,6,"[2, 4, 4]"
133494-2-0-37,/tmp\sound_datasets\urbansound8k\audio/fold6/133494-2-0-37.wav,2,children_playing,6,"[0, 0, 2]"
74726-8-2-4,/tmp\sound_datasets\urbansound8k\audio/fold6/74726-8-2-4.wav,8,siren,6,"[1, 3, 8]"
98263-9-0-33,/tmp\sound_datasets\urbansound8k\audio/fold6/98263-9-0-33.wav,9,street_music,6,"[3, 7, 9]"
193697-2-0-103,/tmp\sound_datasets\urbansound8k\audio/fold6/193697-2-0-103.wav,2,children_playing,6,"[0, 0, 2]"
166931-4-4-3,/tmp\sound_datasets\urbansound8k\audio/fold6/166931-4-4-3.wav,4,drilling,6,"[2, 4, 4]"
135160-8-0-11,/tmp\sound_datasets\urbansound8k\audio/fold6/135160-8-0-11.wav,8,siren,6,"[1, 3, 8]"
94632-5-1-19,/tmp\sound_datasets\urbansound8k\audio/fold6/94632-5-1-19.wav,5,engine_idling,6,"[1, 2, 5]"
116423-2-0-1,/tmp\sound_datasets\urbansound8k\audio/fold6/116423-2-0-1.wav,2,children_playing,6,"[0, 0, 2]"
74726-8-0-6,/tmp\sound_datasets\urbansound8k\audio/fold6/74726-8-0-6.wav,8,siren,6,"[1, 3, 8]"
30206-7-0-6,/tmp\sound_datasets\urbansound8k\audio/fold6/30206-7-0-6.wav,7,jackhammer,6,"[2, 4, 7]"
74726-8-0-11,/tmp\sound_datasets\urbansound8k\audio/fold6/74726-8-0-11.wav,8,siren,6,"[1, 3, 8]"
167701-4-10-0,/tmp\sound_datasets\urbansound8k\audio/fold6/167701-4-10-0.wav,4,drilling,6,"[2, 4, 4]"
47160-0-0-1,/tmp\sound_datasets\urbansound8k\audio/fold6/47160-0-0-1.wav,0,air_conditioner,6,"[2, 5, 0]"
34952-8-0-3,/tmp\sound_datasets\urbansound8k\audio/fold6/34952-8-0-3.wav,8,siren,6,"[1, 3, 8]"
135544-6-11-0,/tmp\sound_datasets\urbansound8k\audio/fold6/135544-6-11-0.wav,6,gun_shot,6,"[2, 6, 6]"
39884-5-0-5,/tmp\sound_datasets\urbansound8k\audio/fold6/39884-5-0-5.wav,5,engine_idling,6,"[1, 2, 5]"
52882-2-0-0,/tmp\sound_datasets\urbansound8k\audio/fold6/52882-2-0-0.wav,2,children_playing,6,"[0, 0, 2]"
110868-9-0-11,/tmp\sound_datasets\urbansound8k\audio/fold6/110868-9-0-11.wav,9,street_music,6,"[3, 7, 9]"
159702-6-6-0,/tmp\sound_datasets\urbansound8k\audio/fold6/159702-6-6-0.wav,6,gun_shot,6,"[2, 6, 6]"
135160-8-0-5,/tmp\sound_datasets\urbansound8k\audio/fold6/135160-8-0-5.wav,8,siren,6,"[1, 3, 8]"
148835-6-4-0,/tmp\sound_datasets\urbansound8k\audio/fold6/148835-6-4-0.wav,6,gun_shot,6,"[2, 6, 6]"
197075-3-6-0,/tmp\sound_datasets\urbansound8k\audio/fold6/197075-3-6-0.wav,3,dog_bark,6,"[0, 1, 3]"
78651-5-0-0,/tmp\sound_datasets\urbansound8k\audio/fold6/78651-5-0-0.wav,5,engine_idling,6,"[1, 2, 5]"
42955-9-0-14,/tmp\sound_datasets\urbansound8k\audio/fold6/42955-9-0-14.wav,9,street_music,6,"[3, 7, 9]"
39852-5-0-1,/tmp\sound_datasets\urbansound8k\audio/fold6/39852-5-0-1.wav,5,engine_idling,6,"[1, 2, 5]"
124389-8-1-7,/tmp\sound_datasets\urbansound8k\audio/fold6/124389-8-1-7.wav,8,siren,6,"[1, 3, 8]"
188004-8-0-2,/tmp\sound_datasets\urbansound8k\audio/fold6/188004-8-0-2.wav,8,siren,6,"[1, 3, 8]"
166931-4-2-13,/tmp\sound_datasets\urbansound8k\audio/fold6/166931-4-2-13.wav,4,drilling,6,"[2, 4, 4]"
166931-4-2-12,/tmp\sound_datasets\urbansound8k\audio/fold6/166931-4-2-12.wav,4,drilling,6,"[2, 4, 4]"
124389-8-1-6,/tmp\sound_datasets\urbansound8k\audio/fold6/124389-8-1-6.wav,8,siren,6,"[1, 3, 8]"
78651-5-0-1,/tmp\sound_datasets\urbansound8k\audio/fold6/78651-5-0-1.wav,5,engine_idling,6,"[1, 2, 5]"
39852-5-0-0,/tmp\sound_datasets\urbansound8k\audio/fold6/39852-5-0-0.wav,5,engine_idling,6,"[1, 2, 5]"
68657-1-0-0,/tmp\sound_datasets\urbansound8k\audio/fold6/68657-1-0-0.wav,1,car_horn,6,"[1, 2, 1]"
159704-6-0-0,/tmp\sound_datasets\urbansound8k\audio/fold6/159704-6-0-0.wav,6,gun_shot,6,"[2, 6, 6]"
135160-8-0-4,/tmp\sound_datasets\urbansound8k\audio/fold6/135160-8-0-4.wav,8,siren,6,"[1, 3, 8]"
39884-5-0-4,/tmp\sound_datasets\urbansound8k\audio/fold6/39884-5-0-4.wav,5,engine_idling,6,"[1, 2, 5]"
34952-8-0-2,/tmp\sound_datasets\urbansound8k\audio/fold6/34952-8-0-2.wav,8,siren,6,"[1, 3, 8]"
47160-0-0-0,/tmp\sound_datasets\urbansound8k\audio/fold6/47160-0-0-0.wav,0,air_conditioner,6,"[2, 5, 0]"
74726-8-0-10,/tmp\sound_datasets\urbansound8k\audio/fold6/74726-8-0-10.wav,8,siren,6,"[1, 3, 8]"
94632-5-1-18,/tmp\sound_datasets\urbansound8k\audio/fold6/94632-5-1-18.wav,5,engine_idling,6,"[1, 2, 5]"
46299-2-0-22,/tmp\sound_datasets\urbansound8k\audio/fold6/46299-2-0-22.wav,2,children_playing,6,"[0, 0, 2]"
30206-7-0-7,/tmp\sound_datasets\urbansound8k\audio/fold6/30206-7-0-7.wav,7,jackhammer,6,"[2, 4, 7]"
74726-8-0-7,/tmp\sound_datasets\urbansound8k\audio/fold6/74726-8-0-7.wav,8,siren,6,"[1, 3, 8]"
116423-2-0-0,/tmp\sound_datasets\urbansound8k\audio/fold6/116423-2-0-0.wav,2,children_playing,6,"[0, 0, 2]"
69962-2-0-25,/tmp\sound_datasets\urbansound8k\audio/fold6/69962-2-0-25.wav,2,children_playing,6,"[0, 0, 2]"
46299-2-0-36,/tmp\sound_datasets\urbansound8k\audio/fold6/46299-2-0-36.wav,2,children_playing,6,"[0, 0, 2]"
135160-8-0-10,/tmp\sound_datasets\urbansound8k\audio/fold6/135160-8-0-10.wav,8,siren,6,"[1, 3, 8]"
166931-4-4-2,/tmp\sound_datasets\urbansound8k\audio/fold6/166931-4-4-2.wav,4,drilling,6,"[2, 4, 4]"
94632-5-1-30,/tmp\sound_datasets\urbansound8k\audio/fold6/94632-5-1-30.wav,5,engine_idling,6,"[1, 2, 5]"
167701-4-0-0,/tmp\sound_datasets\urbansound8k\audio/fold6/167701-4-0-0.wav,4,drilling,6,"[2, 4, 4]"
35548-9-0-23,/tmp\sound_datasets\urbansound8k\audio/fold6/35548-9-0-23.wav,9,street_music,6,"[3, 7, 9]"
166489-3-0-2,/tmp\sound_datasets\urbansound8k\audio/fold6/166489-3-0-2.wav,3,dog_bark,6,"[0, 1, 3]"
74726-8-2-5,/tmp\sound_datasets\urbansound8k\audio/fold6/74726-8-2-5.wav,8,siren,6,"[1, 3, 8]"
97392-3-0-0,/tmp\sound_datasets\urbansound8k\audio/fold6/97392-3-0-0.wav,3,dog_bark,6,"[0, 1, 3]"
133494-2-0-22,/tmp\sound_datasets\urbansound8k\audio/fold6/133494-2-0-22.wav,2,children_playing,6,"[0, 0, 2]"
124389-8-1-18,/tmp\sound_datasets\urbansound8k\audio/fold6/124389-8-1-18.wav,8,siren,6,"[1, 3, 8]"
24364-4-0-12,/tmp\sound_datasets\urbansound8k\audio/fold6/24364-4-0-12.wav,4,drilling,6,"[2, 4, 4]"
204240-0-0-27,/tmp\sound_datasets\urbansound8k\audio/fold6/204240-0-0-27.wav,0,air_conditioner,6,"[2, 5, 0]"
24364-4-0-8,/tmp\sound_datasets\urbansound8k\audio/fold6/24364-4-0-8.wav,4,drilling,6,"[2, 4, 4]"
14358-3-0-85,/tmp\sound_datasets\urbansound8k\audio/fold6/14358-3-0-85.wav,3,dog_bark,6,"[0, 1, 3]"
108638-9-0-1,/tmp\sound_datasets\urbansound8k\audio/fold6/108638-9-0-1.wav,9,street_music,6,"[3, 7, 9]"
133494-2-0-45,/tmp\sound_datasets\urbansound8k\audio/fold6/133494-2-0-45.wav,2,children_playing,6,"[0, 0, 2]"
204240-0-0-33,/tmp\sound_datasets\urbansound8k\audio/fold6/204240-0-0-33.wav,0,air_conditioner,6,"[2, 5, 0]"
63724-0-0-3,/tmp\sound_datasets\urbansound8k\audio/fold6/63724-0-0-3.wav,0,air_conditioner,6,"[2, 5, 0]"
71088-4-2-0,/tmp\sound_datasets\urbansound8k\audio/fold6/71088-4-2-0.wav,4,drilling,6,"[2, 4, 4]"
184805-0-0-81,/tmp\sound_datasets\urbansound8k\audio/fold6/184805-0-0-81.wav,0,air_conditioner,6,"[2, 5, 0]"
137969-2-0-41,/tmp\sound_datasets\urbansound8k\audio/fold6/137969-2-0-41.wav,2,children_playing,6,"[0, 0, 2]"
137969-2-0-55,/tmp\sound_datasets\urbansound8k\audio/fold6/137969-2-0-55.wav,2,children_playing,6,"[0, 0, 2]"
204240-0-0-0,/tmp\sound_datasets\urbansound8k\audio/fold6/204240-0-0-0.wav,0,air_conditioner,6,"[2, 5, 0]"
122738-9-0-3,/tmp\sound_datasets\urbansound8k\audio/fold6/122738-9-0-3.wav,9,street_music,6,"[3, 7, 9]"
131918-7-0-3,/tmp\sound_datasets\urbansound8k\audio/fold6/131918-7-0-3.wav,7,jackhammer,6,"[2, 4, 7]"
121285-0-0-6,/tmp\sound_datasets\urbansound8k\audio/fold6/121285-0-0-6.wav,0,air_conditioner,6,"[2, 5, 0]"
95536-3-0-2,/tmp\sound_datasets\urbansound8k\audio/fold6/95536-3-0-2.wav,3,dog_bark,6,"[0, 1, 3]"
54697-7-0-0,/tmp\sound_datasets\urbansound8k\audio/fold6/54697-7-0-0.wav,7,jackhammer,6,"[2, 4, 7]"
135544-6-16-0,/tmp\sound_datasets\urbansound8k\audio/fold6/135544-6-16-0.wav,6,gun_shot,6,"[2, 6, 6]"
78651-5-0-10,/tmp\sound_datasets\urbansound8k\audio/fold6/78651-5-0-10.wav,5,engine_idling,6,"[1, 2, 5]"
74726-8-1-0,/tmp\sound_datasets\urbansound8k\audio/fold6/74726-8-1-0.wav,8,siren,6,"[1, 3, 8]"
159702-6-1-0,/tmp\sound_datasets\urbansound8k\audio/fold6/159702-6-1-0.wav,6,gun_shot,6,"[2, 6, 6]"
164311-3-0-0,/tmp\sound_datasets\urbansound8k\audio/fold6/164311-3-0-0.wav,3,dog_bark,6,"[0, 1, 3]"
39854-5-1-0,/tmp\sound_datasets\urbansound8k\audio/fold6/39854-5-1-0.wav,5,engine_idling,6,"[1, 2, 5]"
196088-2-0-0,/tmp\sound_datasets\urbansound8k\audio/fold6/196088-2-0-0.wav,2,children_playing,6,"[0, 0, 2]"
128465-1-0-3,/tmp\sound_datasets\urbansound8k\audio/fold6/128465-1-0-3.wav,1,car_horn,6,"[1, 2, 1]"
111386-5-1-8,/tmp\sound_datasets\urbansound8k\audio/fold6/111386-5-1-8.wav,5,engine_idling,6,"[1, 2, 5]"
118072-3-0-0,/tmp\sound_datasets\urbansound8k\audio/fold6/118072-3-0-0.wav,3,dog_bark,6,"[0, 1, 3]"
148835-6-3-0,/tmp\sound_datasets\urbansound8k\audio/fold6/148835-6-3-0.wav,6,gun_shot,6,"[2, 6, 6]"
71079-4-0-0,/tmp\sound_datasets\urbansound8k\audio/fold6/71079-4-0-0.wav,4,drilling,6,"[2, 4, 4]"
30206-7-0-18,/tmp\sound_datasets\urbansound8k\audio/fold6/30206-7-0-18.wav,7,jackhammer,6,"[2, 4, 7]"
30206-7-0-30,/tmp\sound_datasets\urbansound8k\audio/fold6/30206-7-0-30.wav,7,jackhammer,6,"[2, 4, 7]"
30206-7-0-24,/tmp\sound_datasets\urbansound8k\audio/fold6/30206-7-0-24.wav,7,jackhammer,6,"[2, 4, 7]"
204919-3-0-0,/tmp\sound_datasets\urbansound8k\audio/fold6/204919-3-0-0.wav,3,dog_bark,6,"[0, 1, 3]"
30206-7-0-25,/tmp\sound_datasets\urbansound8k\audio/fold6/30206-7-0-25.wav,7,jackhammer,6,"[2, 4, 7]"
30206-7-0-31,/tmp\sound_datasets\urbansound8k\audio/fold6/30206-7-0-31.wav,7,jackhammer,6,"[2, 4, 7]"
30206-7-0-19,/tmp\sound_datasets\urbansound8k\audio/fold6/30206-7-0-19.wav,7,jackhammer,6,"[2, 4, 7]"
4910-3-0-0,/tmp\sound_datasets\urbansound8k\audio/fold6/4910-3-0-0.wav,3,dog_bark,6,"[0, 1, 3]"
94632-5-1-2,/tmp\sound_datasets\urbansound8k\audio/fold6/94632-5-1-2.wav,5,engine_idling,6,"[1, 2, 5]"
197075-3-1-1,/tmp\sound_datasets\urbansound8k\audio/fold6/197075-3-1-1.wav,3,dog_bark,6,"[0, 1, 3]"
111386-5-1-9,/tmp\sound_datasets\urbansound8k\audio/fold6/111386-5-1-9.wav,5,engine_idling,6,"[1, 2, 5]"
148834-6-0-0,/tmp\sound_datasets\urbansound8k\audio/fold6/148834-6-0-0.wav,6,gun_shot,6,"[2, 6, 6]"
128465-1-0-2,/tmp\sound_datasets\urbansound8k\audio/fold6/128465-1-0-2.wav,1,car_horn,6,"[1, 2, 1]"
39854-5-1-1,/tmp\sound_datasets\urbansound8k\audio/fold6/39854-5-1-1.wav,5,engine_idling,6,"[1, 2, 5]"
101281-3-0-0,/tmp\sound_datasets\urbansound8k\audio/fold6/101281-3-0-0.wav,3,dog_bark,6,"[0, 1, 3]"
74726-8-1-1,/tmp\sound_datasets\urbansound8k\audio/fold6/74726-8-1-1.wav,8,siren,6,"[1, 3, 8]"
78651-5-0-11,/tmp\sound_datasets\urbansound8k\audio/fold6/78651-5-0-11.wav,5,engine_idling,6,"[1, 2, 5]"
54697-7-0-1,/tmp\sound_datasets\urbansound8k\audio/fold6/54697-7-0-1.wav,7,jackhammer,6,"[2, 4, 7]"
121285-0-0-7,/tmp\sound_datasets\urbansound8k\audio/fold6/121285-0-0-7.wav,0,air_conditioner,6,"[2, 5, 0]"
166931-4-3-2,/tmp\sound_datasets\urbansound8k\audio/fold6/166931-4-3-2.wav,4,drilling,6,"[2, 4, 4]"
89442-9-0-14,/tmp\sound_datasets\urbansound8k\audio/fold6/89442-9-0-14.wav,9,street_music,6,"[3, 7, 9]"
58005-4-0-34,/tmp\sound_datasets\urbansound8k\audio/fold6/58005-4-0-34.wav,4,drilling,6,"[2, 4, 4]"
98263-9-0-1,/tmp\sound_datasets\urbansound8k\audio/fold6/98263-9-0-1.wav,9,street_music,6,"[3, 7, 9]"
111386-5-1-14,/tmp\sound_datasets\urbansound8k\audio/fold6/111386-5-1-14.wav,5,engine_idling,6,"[1, 2, 5]"
131918-7-0-2,/tmp\sound_datasets\urbansound8k\audio/fold6/131918-7-0-2.wav,7,jackhammer,6,"[2, 4, 7]"
122738-9-0-2,/tmp\sound_datasets\urbansound8k\audio/fold6/122738-9-0-2.wav,9,street_music,6,"[3, 7, 9]"
204240-0-0-1,/tmp\sound_datasets\urbansound8k\audio/fold6/204240-0-0-1.wav,0,air_conditioner,6,"[2, 5, 0]"
167701-4-7-0,/tmp\sound_datasets\urbansound8k\audio/fold6/167701-4-7-0.wav,4,drilling,6,"[2, 4, 4]"
14358-3-0-90,/tmp\sound_datasets\urbansound8k\audio/fold6/14358-3-0-90.wav,3,dog_bark,6,"[0, 1, 3]"
63724-0-0-2,/tmp\sound_datasets\urbansound8k\audio/fold6/63724-0-0-2.wav,0,air_conditioner,6,"[2, 5, 0]"
104327-2-0-26,/tmp\sound_datasets\urbansound8k\audio/fold6/104327-2-0-26.wav,2,children_playing,6,"[0, 0, 2]"
204240-0-0-32,/tmp\sound_datasets\urbansound8k\audio/fold6/204240-0-0-32.wav,0,air_conditioner,6,"[2, 5, 0]"
85249-2-0-61,/tmp\sound_datasets\urbansound8k\audio/fold6/85249-2-0-61.wav,2,children_playing,6,"[0, 0, 2]"
24364-4-0-9,/tmp\sound_datasets\urbansound8k\audio/fold6/24364-4-0-9.wav,4,drilling,6,"[2, 4, 4]"
184805-0-0-57,/tmp\sound_datasets\urbansound8k\audio/fold6/184805-0-0-57.wav,0,air_conditioner,6,"[2, 5, 0]"
204240-0-0-26,/tmp\sound_datasets\urbansound8k\audio/fold6/204240-0-0-26.wav,0,air_conditioner,6,"[2, 5, 0]"
194753-3-0-0,/tmp\sound_datasets\urbansound8k\audio/fold6/194753-3-0-0.wav,3,dog_bark,6,"[0, 1, 3]"
108638-9-0-0,/tmp\sound_datasets\urbansound8k\audio/fold6/108638-9-0-0.wav,9,street_music,6,"[3, 7, 9]"
204240-0-0-30,/tmp\sound_datasets\urbansound8k\audio/fold6/204240-0-0-30.wav,0,air_conditioner,6,"[2, 5, 0]"
63724-0-0-0,/tmp\sound_datasets\urbansound8k\audio/fold6/63724-0-0-0.wav,0,air_conditioner,6,"[2, 5, 0]"
167701-4-5-0,/tmp\sound_datasets\urbansound8k\audio/fold6/167701-4-5-0.wav,4,drilling,6,"[2, 4, 4]"
108638-9-0-2,/tmp\sound_datasets\urbansound8k\audio/fold6/108638-9-0-2.wav,9,street_music,6,"[3, 7, 9]"
104327-2-0-30,/tmp\sound_datasets\urbansound8k\audio/fold6/104327-2-0-30.wav,2,children_playing,6,"[0, 0, 2]"
197075-3-7-5,/tmp\sound_datasets\urbansound8k\audio/fold6/197075-3-7-5.wav,3,dog_bark,6,"[0, 1, 3]"
204240-0-0-18,/tmp\sound_datasets\urbansound8k\audio/fold6/204240-0-0-18.wav,0,air_conditioner,6,"[2, 5, 0]"
184805-0-0-82,/tmp\sound_datasets\urbansound8k\audio/fold6/184805-0-0-82.wav,0,air_conditioner,6,"[2, 5, 0]"
166931-4-1-2,/tmp\sound_datasets\urbansound8k\audio/fold6/166931-4-1-2.wav,4,drilling,6,"[2, 4, 4]"
137969-2-0-56,/tmp\sound_datasets\urbansound8k\audio/fold6/137969-2-0-56.wav,2,children_playing,6,"[0, 0, 2]"
194753-3-2-0,/tmp\sound_datasets\urbansound8k\audio/fold6/194753-3-2-0.wav,3,dog_bark,6,"[0, 1, 3]"
131918-7-0-0,/tmp\sound_datasets\urbansound8k\audio/fold6/131918-7-0-0.wav,7,jackhammer,6,"[2, 4, 7]"
204240-0-0-3,/tmp\sound_datasets\urbansound8k\audio/fold6/204240-0-0-3.wav,0,air_conditioner,6,"[2, 5, 0]"
121285-0-0-5,/tmp\sound_datasets\urbansound8k\audio/fold6/121285-0-0-5.wav,0,air_conditioner,6,"[2, 5, 0]"
54697-7-0-3,/tmp\sound_datasets\urbansound8k\audio/fold6/54697-7-0-3.wav,7,jackhammer,6,"[2, 4, 7]"
95536-3-0-1,/tmp\sound_datasets\urbansound8k\audio/fold6/95536-3-0-1.wav,3,dog_bark,6,"[0, 1, 3]"
194321-9-0-150,/tmp\sound_datasets\urbansound8k\audio/fold6/194321-9-0-150.wav,9,street_music,6,"[3, 7, 9]"
78651-5-0-13,/tmp\sound_datasets\urbansound8k\audio/fold6/78651-5-0-13.wav,5,engine_idling,6,"[1, 2, 5]"
194321-9-0-6,/tmp\sound_datasets\urbansound8k\audio/fold6/194321-9-0-6.wav,9,street_music,6,"[3, 7, 9]"
39854-5-1-3,/tmp\sound_datasets\urbansound8k\audio/fold6/39854-5-1-3.wav,5,engine_idling,6,"[1, 2, 5]"
128465-1-0-0,/tmp\sound_datasets\urbansound8k\audio/fold6/128465-1-0-0.wav,1,car_horn,6,"[1, 2, 1]"
28284-3-1-0,/tmp\sound_datasets\urbansound8k\audio/fold6/28284-3-1-0.wav,3,dog_bark,6,"[0, 1, 3]"
94632-5-0-14,/tmp\sound_datasets\urbansound8k\audio/fold6/94632-5-0-14.wav,5,engine_idling,6,"[1, 2, 5]"
155127-9-1-2,/tmp\sound_datasets\urbansound8k\audio/fold6/155127-9-1-2.wav,9,street_music,6,"[3, 7, 9]"
94632-5-0-28,/tmp\sound_datasets\urbansound8k\audio/fold6/94632-5-0-28.wav,5,engine_idling,6,"[1, 2, 5]"
30206-7-0-27,/tmp\sound_datasets\urbansound8k\audio/fold6/30206-7-0-27.wav,7,jackhammer,6,"[2, 4, 7]"
30206-7-0-33,/tmp\sound_datasets\urbansound8k\audio/fold6/30206-7-0-33.wav,7,jackhammer,6,"[2, 4, 7]"
30206-7-0-32,/tmp\sound_datasets\urbansound8k\audio/fold6/30206-7-0-32.wav,7,jackhammer,6,"[2, 4, 7]"
104327-2-0-4,/tmp\sound_datasets\urbansound8k\audio/fold6/104327-2-0-4.wav,2,children_playing,6,"[0, 0, 2]"
94632-5-0-29,/tmp\sound_datasets\urbansound8k\audio/fold6/94632-5-0-29.wav,5,engine_idling,6,"[1, 2, 5]"
30206-7-0-26,/tmp\sound_datasets\urbansound8k\audio/fold6/30206-7-0-26.wav,7,jackhammer,6,"[2, 4, 7]"
159702-6-3-0,/tmp\sound_datasets\urbansound8k\audio/fold6/159702-6-3-0.wav,6,gun_shot,6,"[2, 6, 6]"
94632-5-0-15,/tmp\sound_datasets\urbansound8k\audio/fold6/94632-5-0-15.wav,5,engine_idling,6,"[1, 2, 5]"
128465-1-0-1,/tmp\sound_datasets\urbansound8k\audio/fold6/128465-1-0-1.wav,1,car_horn,6,"[1, 2, 1]"
125554-3-0-0,/tmp\sound_datasets\urbansound8k\audio/fold6/125554-3-0-0.wav,3,dog_bark,6,"[0, 1, 3]"
135544-6-14-0,/tmp\sound_datasets\urbansound8k\audio/fold6/135544-6-14-0.wav,6,gun_shot,6,"[2, 6, 6]"
39854-5-1-2,/tmp\sound_datasets\urbansound8k\audio/fold6/39854-5-1-2.wav,5,engine_idling,6,"[1, 2, 5]"
74726-8-1-2,/tmp\sound_datasets\urbansound8k\audio/fold6/74726-8-1-2.wav,8,siren,6,"[1, 3, 8]"
148835-6-1-0,/tmp\sound_datasets\urbansound8k\audio/fold6/148835-6-1-0.wav,6,gun_shot,6,"[2, 6, 6]"
78651-5-0-12,/tmp\sound_datasets\urbansound8k\audio/fold6/78651-5-0-12.wav,5,engine_idling,6,"[1, 2, 5]"
54697-7-0-2,/tmp\sound_datasets\urbansound8k\audio/fold6/54697-7-0-2.wav,7,jackhammer,6,"[2, 4, 7]"
179860-1-0-0,/tmp\sound_datasets\urbansound8k\audio/fold6/179860-1-0-0.wav,1,car_horn,6,"[1, 2, 1]"
89442-9-0-17,/tmp\sound_datasets\urbansound8k\audio/fold6/89442-9-0-17.wav,9,street_music,6,"[3, 7, 9]"
166931-4-3-1,/tmp\sound_datasets\urbansound8k\audio/fold6/166931-4-3-1.wav,4,drilling,6,"[2, 4, 4]"
121285-0-0-4,/tmp\sound_datasets\urbansound8k\audio/fold6/121285-0-0-4.wav,0,air_conditioner,6,"[2, 5, 0]"
58005-4-0-23,/tmp\sound_datasets\urbansound8k\audio/fold6/58005-4-0-23.wav,4,drilling,6,"[2, 4, 4]"
204240-0-0-2,/tmp\sound_datasets\urbansound8k\audio/fold6/204240-0-0-2.wav,0,air_conditioner,6,"[2, 5, 0]"
71088-4-0-0,/tmp\sound_datasets\urbansound8k\audio/fold6/71088-4-0-0.wav,4,drilling,6,"[2, 4, 4]"
131918-7-0-1,/tmp\sound_datasets\urbansound8k\audio/fold6/131918-7-0-1.wav,7,jackhammer,6,"[2, 4, 7]"
82368-2-0-10,/tmp\sound_datasets\urbansound8k\audio/fold6/82368-2-0-10.wav,2,children_playing,6,"[0, 0, 2]"
204240-0-0-19,/tmp\sound_datasets\urbansound8k\audio/fold6/204240-0-0-19.wav,0,air_conditioner,6,"[2, 5, 0]"
104327-2-0-19,/tmp\sound_datasets\urbansound8k\audio/fold6/104327-2-0-19.wav,2,children_playing,6,"[0, 0, 2]"
85249-2-0-62,/tmp\sound_datasets\urbansound8k\audio/fold6/85249-2-0-62.wav,2,children_playing,6,"[0, 0, 2]"
184805-0-0-54,/tmp\sound_datasets\urbansound8k\audio/fold6/184805-0-0-54.wav,0,air_conditioner,6,"[2, 5, 0]"
204240-0-0-25,/tmp\sound_datasets\urbansound8k\audio/fold6/204240-0-0-25.wav,0,air_conditioner,6,"[2, 5, 0]"
63724-0-0-1,/tmp\sound_datasets\urbansound8k\audio/fold6/63724-0-0-1.wav,0,air_conditioner,6,"[2, 5, 0]"
184805-0-0-40,/tmp\sound_datasets\urbansound8k\audio/fold6/184805-0-0-40.wav,0,air_conditioner,6,"[2, 5, 0]"
204240-0-0-31,/tmp\sound_datasets\urbansound8k\audio/fold6/204240-0-0-31.wav,0,air_conditioner,6,"[2, 5, 0]"
204240-0-0-35,/tmp\sound_datasets\urbansound8k\audio/fold6/204240-0-0-35.wav,0,air_conditioner,6,"[2, 5, 0]"
63724-0-0-5,/tmp\sound_datasets\urbansound8k\audio/fold6/63724-0-0-5.wav,0,air_conditioner,6,"[2, 5, 0]"
204240-0-0-21,/tmp\sound_datasets\urbansound8k\audio/fold6/204240-0-0-21.wav,0,air_conditioner,6,"[2, 5, 0]"
131918-7-0-5,/tmp\sound_datasets\urbansound8k\audio/fold6/131918-7-0-5.wav,7,jackhammer,6,"[2, 4, 7]"
34643-4-2-1,/tmp\sound_datasets\urbansound8k\audio/fold6/34643-4-2-1.wav,4,drilling,6,"[2, 4, 4]"
111386-5-1-13,/tmp\sound_datasets\urbansound8k\audio/fold6/111386-5-1-13.wav,5,engine_idling,6,"[1, 2, 5]"
204240-0-0-6,/tmp\sound_datasets\urbansound8k\audio/fold6/204240-0-0-6.wav,0,air_conditioner,6,"[2, 5, 0]"
122738-9-0-5,/tmp\sound_datasets\urbansound8k\audio/fold6/122738-9-0-5.wav,9,street_music,6,"[3, 7, 9]"
167701-4-11-0,/tmp\sound_datasets\urbansound8k\audio/fold6/167701-4-11-0.wav,4,drilling,6,"[2, 4, 4]"
135544-6-10-0,/tmp\sound_datasets\urbansound8k\audio/fold6/135544-6-10-0.wav,6,gun_shot,6,"[2, 6, 6]"
121285-0-0-0,/tmp\sound_datasets\urbansound8k\audio/fold6/121285-0-0-0.wav,0,air_conditioner,6,"[2, 5, 0]"
78651-5-0-16,/tmp\sound_datasets\urbansound8k\audio/fold6/78651-5-0-16.wav,5,engine_idling,6,"[1, 2, 5]"
95536-3-0-4,/tmp\sound_datasets\urbansound8k\audio/fold6/95536-3-0-4.wav,3,dog_bark,6,"[0, 1, 3]"
31973-9-0-64,/tmp\sound_datasets\urbansound8k\audio/fold6/31973-9-0-64.wav,9,street_music,6,"[3, 7, 9]"
128465-1-0-5,/tmp\sound_datasets\urbansound8k\audio/fold6/128465-1-0-5.wav,1,car_horn,6,"[1, 2, 1]"
30206-7-0-22,/tmp\sound_datasets\urbansound8k\audio/fold6/30206-7-0-22.wav,7,jackhammer,6,"[2, 4, 7]"
30206-7-0-36,/tmp\sound_datasets\urbansound8k\audio/fold6/30206-7-0-36.wav,7,jackhammer,6,"[2, 4, 7]"
94632-5-0-10,/tmp\sound_datasets\urbansound8k\audio/fold6/94632-5-0-10.wav,5,engine_idling,6,"[1, 2, 5]"
30206-7-0-37,/tmp\sound_datasets\urbansound8k\audio/fold6/30206-7-0-37.wav,7,jackhammer,6,"[2, 4, 7]"
30206-7-0-23,/tmp\sound_datasets\urbansound8k\audio/fold6/30206-7-0-23.wav,7,jackhammer,6,"[2, 4, 7]"
128465-1-0-4,/tmp\sound_datasets\urbansound8k\audio/fold6/128465-1-0-4.wav,1,car_horn,6,"[1, 2, 1]"
31973-9-0-71,/tmp\sound_datasets\urbansound8k\audio/fold6/31973-9-0-71.wav,9,street_music,6,"[3, 7, 9]"
95536-3-0-5,/tmp\sound_datasets\urbansound8k\audio/fold6/95536-3-0-5.wav,3,dog_bark,6,"[0, 1, 3]"
167701-4-1-0,/tmp\sound_datasets\urbansound8k\audio/fold6/167701-4-1-0.wav,4,drilling,6,"[2, 4, 4]"
78651-5-0-17,/tmp\sound_datasets\urbansound8k\audio/fold6/78651-5-0-17.wav,5,engine_idling,6,"[1, 2, 5]"
58005-4-0-32,/tmp\sound_datasets\urbansound8k\audio/fold6/58005-4-0-32.wav,4,drilling,6,"[2, 4, 4]"
58005-4-0-26,/tmp\sound_datasets\urbansound8k\audio/fold6/58005-4-0-26.wav,4,drilling,6,"[2, 4, 4]"
121285-0-0-1,/tmp\sound_datasets\urbansound8k\audio/fold6/121285-0-0-1.wav,0,air_conditioner,6,"[2, 5, 0]"
204240-0-0-7,/tmp\sound_datasets\urbansound8k\audio/fold6/204240-0-0-7.wav,0,air_conditioner,6,"[2, 5, 0]"
111386-5-1-12,/tmp\sound_datasets\urbansound8k\audio/fold6/111386-5-1-12.wav,5,engine_idling,6,"[1, 2, 5]"
34643-4-2-0,/tmp\sound_datasets\urbansound8k\audio/fold6/34643-4-2-0.wav,4,drilling,6,"[2, 4, 4]"
131918-7-0-4,/tmp\sound_datasets\urbansound8k\audio/fold6/131918-7-0-4.wav,7,jackhammer,6,"[2, 4, 7]"
166931-4-1-6,/tmp\sound_datasets\urbansound8k\audio/fold6/166931-4-1-6.wav,4,drilling,6,"[2, 4, 4]"
104327-2-0-34,/tmp\sound_datasets\urbansound8k\audio/fold6/104327-2-0-34.wav,2,children_playing,6,"[0, 0, 2]"
204240-0-0-20,/tmp\sound_datasets\urbansound8k\audio/fold6/204240-0-0-20.wav,0,air_conditioner,6,"[2, 5, 0]"
184805-0-0-51,/tmp\sound_datasets\urbansound8k\audio/fold6/184805-0-0-51.wav,0,air_conditioner,6,"[2, 5, 0]"
108638-9-0-6,/tmp\sound_datasets\urbansound8k\audio/fold6/108638-9-0-6.wav,9,street_music,6,"[3, 7, 9]"
97331-2-0-59,/tmp\sound_datasets\urbansound8k\audio/fold6/97331-2-0-59.wav,2,children_playing,6,"[0, 0, 2]"
63724-0-0-4,/tmp\sound_datasets\urbansound8k\audio/fold6/63724-0-0-4.wav,0,air_conditioner,6,"[2, 5, 0]"
204240-0-0-34,/tmp\sound_datasets\urbansound8k\audio/fold6/204240-0-0-34.wav,0,air_conditioner,6,"[2, 5, 0]"
184805-0-0-45,/tmp\sound_datasets\urbansound8k\audio/fold6/184805-0-0-45.wav,0,air_conditioner,6,"[2, 5, 0]"
34643-4-0-0,/tmp\sound_datasets\urbansound8k\audio/fold6/34643-4-0-0.wav,4,drilling,6,"[2, 4, 4]"
108638-9-0-4,/tmp\sound_datasets\urbansound8k\audio/fold6/108638-9-0-4.wav,9,street_music,6,"[3, 7, 9]"
204240-0-0-22,/tmp\sound_datasets\urbansound8k\audio/fold6/204240-0-0-22.wav,0,air_conditioner,6,"[2, 5, 0]"
184805-0-0-47,/tmp\sound_datasets\urbansound8k\audio/fold6/184805-0-0-47.wav,0,air_conditioner,6,"[2, 5, 0]"
63724-0-0-6,/tmp\sound_datasets\urbansound8k\audio/fold6/63724-0-0-6.wav,0,air_conditioner,6,"[2, 5, 0]"
82368-2-0-17,/tmp\sound_datasets\urbansound8k\audio/fold6/82368-2-0-17.wav,2,children_playing,6,"[0, 0, 2]"
166931-4-1-4,/tmp\sound_datasets\urbansound8k\audio/fold6/166931-4-1-4.wav,4,drilling,6,"[2, 4, 4]"
148833-6-1-0,/tmp\sound_datasets\urbansound8k\audio/fold6/148833-6-1-0.wav,6,gun_shot,6,"[2, 6, 6]"
97331-2-0-98,/tmp\sound_datasets\urbansound8k\audio/fold6/97331-2-0-98.wav,2,children_playing,6,"[0, 0, 2]"
184805-0-0-90,/tmp\sound_datasets\urbansound8k\audio/fold6/184805-0-0-90.wav,0,air_conditioner,6,"[2, 5, 0]"
155212-9-0-13,/tmp\sound_datasets\urbansound8k\audio/fold6/155212-9-0-13.wav,9,street_music,6,"[3, 7, 9]"
204240-0-0-5,/tmp\sound_datasets\urbansound8k\audio/fold6/204240-0-0-5.wav,0,air_conditioner,6,"[2, 5, 0]"
131918-7-0-6,/tmp\sound_datasets\urbansound8k\audio/fold6/131918-7-0-6.wav,7,jackhammer,6,"[2, 4, 7]"
111386-5-1-10,/tmp\sound_datasets\urbansound8k\audio/fold6/111386-5-1-10.wav,5,engine_idling,6,"[1, 2, 5]"
34643-4-2-2,/tmp\sound_datasets\urbansound8k\audio/fold6/34643-4-2-2.wav,4,drilling,6,"[2, 4, 4]"
121285-0-0-3,/tmp\sound_datasets\urbansound8k\audio/fold6/121285-0-0-3.wav,0,air_conditioner,6,"[2, 5, 0]"
58005-4-0-30,/tmp\sound_datasets\urbansound8k\audio/fold6/58005-4-0-30.wav,4,drilling,6,"[2, 4, 4]"
58005-4-0-24,/tmp\sound_datasets\urbansound8k\audio/fold6/58005-4-0-24.wav,4,drilling,6,"[2, 4, 4]"
66000-9-0-8,/tmp\sound_datasets\urbansound8k\audio/fold6/66000-9-0-8.wav,9,street_music,6,"[3, 7, 9]"
78651-5-0-15,/tmp\sound_datasets\urbansound8k\audio/fold6/78651-5-0-15.wav,5,engine_idling,6,"[1, 2, 5]"
128465-1-0-6,/tmp\sound_datasets\urbansound8k\audio/fold6/128465-1-0-6.wav,1,car_horn,6,"[1, 2, 1]"
167701-4-3-0,/tmp\sound_datasets\urbansound8k\audio/fold6/167701-4-3-0.wav,4,drilling,6,"[2, 4, 4]"
30206-7-0-35,/tmp\sound_datasets\urbansound8k\audio/fold6/30206-7-0-35.wav,7,jackhammer,6,"[2, 4, 7]"
104327-2-0-3,/tmp\sound_datasets\urbansound8k\audio/fold6/104327-2-0-3.wav,2,children_playing,6,"[0, 0, 2]"
155317-3-0-0,/tmp\sound_datasets\urbansound8k\audio/fold6/155317-3-0-0.wav,3,dog_bark,6,"[0, 1, 3]"
30206-7-0-21,/tmp\sound_datasets\urbansound8k\audio/fold6/30206-7-0-21.wav,7,jackhammer,6,"[2, 4, 7]"
132162-9-1-68,/tmp\sound_datasets\urbansound8k\audio/fold6/132162-9-1-68.wav,9,street_music,6,"[3, 7, 9]"
94632-5-0-13,/tmp\sound_datasets\urbansound8k\audio/fold6/94632-5-0-13.wav,5,engine_idling,6,"[1, 2, 5]"
161923-3-0-19,/tmp\sound_datasets\urbansound8k\audio/fold6/161923-3-0-19.wav,3,dog_bark,6,"[0, 1, 3]"
30206-7-0-20,/tmp\sound_datasets\urbansound8k\audio/fold6/30206-7-0-20.wav,7,jackhammer,6,"[2, 4, 7]"
30206-7-0-34,/tmp\sound_datasets\urbansound8k\audio/fold6/30206-7-0-34.wav,7,jackhammer,6,"[2, 4, 7]"
35548-9-1-14,/tmp\sound_datasets\urbansound8k\audio/fold6/35548-9-1-14.wav,9,street_music,6,"[3, 7, 9]"
128465-1-0-7,/tmp\sound_datasets\urbansound8k\audio/fold6/128465-1-0-7.wav,1,car_horn,6,"[1, 2, 1]"
94632-5-1-7,/tmp\sound_datasets\urbansound8k\audio/fold6/94632-5-1-7.wav,5,engine_idling,6,"[1, 2, 5]"
101281-3-0-5,/tmp\sound_datasets\urbansound8k\audio/fold6/101281-3-0-5.wav,3,dog_bark,6,"[0, 1, 3]"
39854-5-1-4,/tmp\sound_datasets\urbansound8k\audio/fold6/39854-5-1-4.wav,5,engine_idling,6,"[1, 2, 5]"
54697-7-0-4,/tmp\sound_datasets\urbansound8k\audio/fold6/54697-7-0-4.wav,7,jackhammer,6,"[2, 4, 7]"
155212-9-1-85,/tmp\sound_datasets\urbansound8k\audio/fold6/155212-9-1-85.wav,9,street_music,6,"[3, 7, 9]"
78651-5-0-14,/tmp\sound_datasets\urbansound8k\audio/fold6/78651-5-0-14.wav,5,engine_idling,6,"[1, 2, 5]"
135544-6-9-0,/tmp\sound_datasets\urbansound8k\audio/fold6/135544-6-9-0.wav,6,gun_shot,6,"[2, 6, 6]"
121285-0-0-2,/tmp\sound_datasets\urbansound8k\audio/fold6/121285-0-0-2.wav,0,air_conditioner,6,"[2, 5, 0]"
204919-3-4-0,/tmp\sound_datasets\urbansound8k\audio/fold6/204919-3-4-0.wav,3,dog_bark,6,"[0, 1, 3]"
111386-5-1-11,/tmp\sound_datasets\urbansound8k\audio/fold6/111386-5-1-11.wav,5,engine_idling,6,"[1, 2, 5]"
131918-7-0-7,/tmp\sound_datasets\urbansound8k\audio/fold6/131918-7-0-7.wav,7,jackhammer,6,"[2, 4, 7]"
159702-6-5-0,/tmp\sound_datasets\urbansound8k\audio/fold6/159702-6-5-0.wav,6,gun_shot,6,"[2, 6, 6]"
166931-4-1-5,/tmp\sound_datasets\urbansound8k\audio/fold6/166931-4-1-5.wav,4,drilling,6,"[2, 4, 4]"
29932-1-0-0,/tmp\sound_datasets\urbansound8k\audio/fold6/29932-1-0-0.wav,1,car_horn,6,"[1, 2, 1]"
63724-0-0-7,/tmp\sound_datasets\urbansound8k\audio/fold6/63724-0-0-7.wav,0,air_conditioner,6,"[2, 5, 0]"
108638-9-0-5,/tmp\sound_datasets\urbansound8k\audio/fold6/108638-9-0-5.wav,9,street_music,6,"[3, 7, 9]"
135544-6-12-0,/tmp\sound_datasets\urbansound8k\audio/fold6/135544-6-12-0.wav,6,gun_shot,6,"[2, 6, 6]"
204240-0-0-23,/tmp\sound_datasets\urbansound8k\audio/fold6/204240-0-0-23.wav,0,air_conditioner,6,"[2, 5, 0]"
184805-0-0-77,/tmp\sound_datasets\urbansound8k\audio/fold6/184805-0-0-77.wav,0,air_conditioner,6,"[2, 5, 0]"
196077-2-0-0,/tmp\sound_datasets\urbansound8k\audio/fold6/196077-2-0-0.wav,2,children_playing,6,"[0, 0, 2]"
109233-3-0-3,/tmp\sound_datasets\urbansound8k\audio/fold6/109233-3-0-3.wav,3,dog_bark,6,"[0, 1, 3]"
160575-3-4-0,/tmp\sound_datasets\urbansound8k\audio/fold6/160575-3-4-0.wav,3,dog_bark,6,"[0, 1, 3]"
204240-0-0-12,/tmp\sound_datasets\urbansound8k\audio/fold6/204240-0-0-12.wav,0,air_conditioner,6,"[2, 5, 0]"
184805-0-0-63,/tmp\sound_datasets\urbansound8k\audio/fold6/184805-0-0-63.wav,0,air_conditioner,6,"[2, 5, 0]"
184805-0-0-5,/tmp\sound_datasets\urbansound8k\audio/fold6/184805-0-0-5.wav,0,air_conditioner,6,"[2, 5, 0]"
24364-4-0-1,/tmp\sound_datasets\urbansound8k\audio/fold6/24364-4-0-1.wav,4,drilling,6,"[2, 4, 4]"
62564-5-0-10,/tmp\sound_datasets\urbansound8k\audio/fold6/62564-5-0-10.wav,5,engine_idling,6,"[1, 2, 5]"
184805-0-0-88,/tmp\sound_datasets\urbansound8k\audio/fold6/184805-0-0-88.wav,0,air_conditioner,6,"[2, 5, 0]"
204240-0-0-9,/tmp\sound_datasets\urbansound8k\audio/fold6/204240-0-0-9.wav,0,air_conditioner,6,"[2, 5, 0]"
89442-9-0-34,/tmp\sound_datasets\urbansound8k\audio/fold6/89442-9-0-34.wav,9,street_music,6,"[3, 7, 9]"
137969-2-0-4,/tmp\sound_datasets\urbansound8k\audio/fold6/137969-2-0-4.wav,2,children_playing,6,"[0, 0, 2]"
155212-9-1-88,/tmp\sound_datasets\urbansound8k\audio/fold6/155212-9-1-88.wav,9,street_music,6,"[3, 7, 9]"
155488-3-2-0,/tmp\sound_datasets\urbansound8k\audio/fold6/155488-3-2-0.wav,3,dog_bark,6,"[0, 1, 3]"
43802-1-0-0,/tmp\sound_datasets\urbansound8k\audio/fold6/43802-1-0-0.wav,1,car_horn,6,"[1, 2, 1]"
132021-7-1-0,/tmp\sound_datasets\urbansound8k\audio/fold6/132021-7-1-0.wav,7,jackhammer,6,"[2, 4, 7]"
51027-3-1-4,/tmp\sound_datasets\urbansound8k\audio/fold6/51027-3-1-4.wav,3,dog_bark,6,"[0, 1, 3]"
161922-3-1-4,/tmp\sound_datasets\urbansound8k\audio/fold6/161922-3-1-4.wav,3,dog_bark,6,"[0, 1, 3]"
31973-9-0-57,/tmp\sound_datasets\urbansound8k\audio/fold6/31973-9-0-57.wav,9,street_music,6,"[3, 7, 9]"
31973-9-0-43,/tmp\sound_datasets\urbansound8k\audio/fold6/31973-9-0-43.wav,9,street_music,6,"[3, 7, 9]"
111386-5-1-1,/tmp\sound_datasets\urbansound8k\audio/fold6/111386-5-1-1.wav,5,engine_idling,6,"[1, 2, 5]"
132162-9-1-58,/tmp\sound_datasets\urbansound8k\audio/fold6/132162-9-1-58.wav,9,street_music,6,"[3, 7, 9]"
94632-5-0-22,/tmp\sound_datasets\urbansound8k\audio/fold6/94632-5-0-22.wav,5,engine_idling,6,"[1, 2, 5]"
135544-6-5-0,/tmp\sound_datasets\urbansound8k\audio/fold6/135544-6-5-0.wav,6,gun_shot,6,"[2, 6, 6]"
30206-7-0-39,/tmp\sound_datasets\urbansound8k\audio/fold6/30206-7-0-39.wav,7,jackhammer,6,"[2, 4, 7]"
143115-1-2-0,/tmp\sound_datasets\urbansound8k\audio/fold6/143115-1-2-0.wav,1,car_horn,6,"[1, 2, 1]"
30206-7-0-11,/tmp\sound_datasets\urbansound8k\audio/fold6/30206-7-0-11.wav,7,jackhammer,6,"[2, 4, 7]"
36902-3-0-0,/tmp\sound_datasets\urbansound8k\audio/fold6/36902-3-0-0.wav,3,dog_bark,6,"[0, 1, 3]"
30206-7-0-10,/tmp\sound_datasets\urbansound8k\audio/fold6/30206-7-0-10.wav,7,jackhammer,6,"[2, 4, 7]"
30206-7-0-38,/tmp\sound_datasets\urbansound8k\audio/fold6/30206-7-0-38.wav,7,jackhammer,6,"[2, 4, 7]"
133797-6-1-0,/tmp\sound_datasets\urbansound8k\audio/fold6/133797-6-1-0.wav,6,gun_shot,6,"[2, 6, 6]"
111386-5-1-0,/tmp\sound_datasets\urbansound8k\audio/fold6/111386-5-1-0.wav,5,engine_idling,6,"[1, 2, 5]"
161922-3-1-5,/tmp\sound_datasets\urbansound8k\audio/fold6/161922-3-1-5.wav,3,dog_bark,6,"[0, 1, 3]"
31973-9-0-56,/tmp\sound_datasets\urbansound8k\audio/fold6/31973-9-0-56.wav,9,street_music,6,"[3, 7, 9]"
66623-4-0-6,/tmp\sound_datasets\urbansound8k\audio/fold6/66623-4-0-6.wav,4,drilling,6,"[2, 4, 4]"
4912-3-3-0,/tmp\sound_datasets\urbansound8k\audio/fold6/4912-3-3-0.wav,3,dog_bark,6,"[0, 1, 3]"
157322-3-0-3,/tmp\sound_datasets\urbansound8k\audio/fold6/157322-3-0-3.wav,3,dog_bark,6,"[0, 1, 3]"
179725-4-0-0,/tmp\sound_datasets\urbansound8k\audio/fold6/179725-4-0-0.wav,4,drilling,6,"[2, 4, 4]"
115243-9-0-16,/tmp\sound_datasets\urbansound8k\audio/fold6/115243-9-0-16.wav,9,street_music,6,"[3, 7, 9]"
204240-0-0-8,/tmp\sound_datasets\urbansound8k\audio/fold6/204240-0-0-8.wav,0,air_conditioner,6,"[2, 5, 0]"
85249-2-0-68,/tmp\sound_datasets\urbansound8k\audio/fold6/85249-2-0-68.wav,2,children_playing,6,"[0, 0, 2]"
24364-4-0-0,/tmp\sound_datasets\urbansound8k\audio/fold6/24364-4-0-0.wav,4,drilling,6,"[2, 4, 4]"
184805-0-0-4,/tmp\sound_datasets\urbansound8k\audio/fold6/184805-0-0-4.wav,0,air_conditioner,6,"[2, 5, 0]"
204240-0-0-13,/tmp\sound_datasets\urbansound8k\audio/fold6/204240-0-0-13.wav,0,air_conditioner,6,"[2, 5, 0]"
196077-2-0-1,/tmp\sound_datasets\urbansound8k\audio/fold6/196077-2-0-1.wav,2,children_playing,6,"[0, 0, 2]"
204240-0-0-11,/tmp\sound_datasets\urbansound8k\audio/fold6/204240-0-0-11.wav,0,air_conditioner,6,"[2, 5, 0]"
184805-0-0-74,/tmp\sound_datasets\urbansound8k\audio/fold6/184805-0-0-74.wav,0,air_conditioner,6,"[2, 5, 0]"
24364-4-0-2,/tmp\sound_datasets\urbansound8k\audio/fold6/24364-4-0-2.wav,4,drilling,6,"[2, 4, 4]"
63724-0-0-9,/tmp\sound_datasets\urbansound8k\audio/fold6/63724-0-0-9.wav,0,air_conditioner,6,"[2, 5, 0]"
184805-0-0-48,/tmp\sound_datasets\urbansound8k\audio/fold6/184805-0-0-48.wav,0,air_conditioner,6,"[2, 5, 0]"
129356-2-0-48,/tmp\sound_datasets\urbansound8k\audio/fold6/129356-2-0-48.wav,2,children_playing,6,"[0, 0, 2]"
82368-2-0-30,/tmp\sound_datasets\urbansound8k\audio/fold6/82368-2-0-30.wav,2,children_playing,6,"[0, 0, 2]"
122738-9-0-9,/tmp\sound_datasets\urbansound8k\audio/fold6/122738-9-0-9.wav,9,street_music,6,"[3, 7, 9]"
58005-4-0-17,/tmp\sound_datasets\urbansound8k\audio/fold6/58005-4-0-17.wav,4,drilling,6,"[2, 4, 4]"
82317-1-0-0,/tmp\sound_datasets\urbansound8k\audio/fold6/82317-1-0-0.wav,1,car_horn,6,"[1, 2, 1]"
66623-4-0-4,/tmp\sound_datasets\urbansound8k\audio/fold6/66623-4-0-4.wav,4,drilling,6,"[2, 4, 4]"
4912-3-1-0,/tmp\sound_datasets\urbansound8k\audio/fold6/4912-3-1-0.wav,3,dog_bark,6,"[0, 1, 3]"
111386-5-1-2,/tmp\sound_datasets\urbansound8k\audio/fold6/111386-5-1-2.wav,5,engine_idling,6,"[1, 2, 5]"
94632-5-1-9,/tmp\sound_datasets\urbansound8k\audio/fold6/94632-5-1-9.wav,5,engine_idling,6,"[1, 2, 5]"
94632-5-0-21,/tmp\sound_datasets\urbansound8k\audio/fold6/94632-5-0-21.wav,5,engine_idling,6,"[1, 2, 5]"
132162-9-1-73,/tmp\sound_datasets\urbansound8k\audio/fold6/132162-9-1-73.wav,9,street_music,6,"[3, 7, 9]"
30206-7-0-12,/tmp\sound_datasets\urbansound8k\audio/fold6/30206-7-0-12.wav,7,jackhammer,6,"[2, 4, 7]"
132162-9-1-67,/tmp\sound_datasets\urbansound8k\audio/fold6/132162-9-1-67.wav,9,street_music,6,"[3, 7, 9]"
30206-7-0-13,/tmp\sound_datasets\urbansound8k\audio/fold6/30206-7-0-13.wav,7,jackhammer,6,"[2, 4, 7]"
94632-5-0-34,/tmp\sound_datasets\urbansound8k\audio/fold6/94632-5-0-34.wav,5,engine_idling,6,"[1, 2, 5]"
128465-1-0-8,/tmp\sound_datasets\urbansound8k\audio/fold6/128465-1-0-8.wav,1,car_horn,6,"[1, 2, 1]"
43802-1-2-0,/tmp\sound_datasets\urbansound8k\audio/fold6/43802-1-2-0.wav,1,car_horn,6,"[1, 2, 1]"
161922-3-1-6,/tmp\sound_datasets\urbansound8k\audio/fold6/161922-3-1-6.wav,3,dog_bark,6,"[0, 1, 3]"
111386-5-1-3,/tmp\sound_datasets\urbansound8k\audio/fold6/111386-5-1-3.wav,5,engine_idling,6,"[1, 2, 5]"
143115-1-0-0,/tmp\sound_datasets\urbansound8k\audio/fold6/143115-1-0-0.wav,1,car_horn,6,"[1, 2, 1]"
155212-9-1-75,/tmp\sound_datasets\urbansound8k\audio/fold6/155212-9-1-75.wav,9,street_music,6,"[3, 7, 9]"
36902-3-2-0,/tmp\sound_datasets\urbansound8k\audio/fold6/36902-3-2-0.wav,3,dog_bark,6,"[0, 1, 3]"
44325-9-0-18,/tmp\sound_datasets\urbansound8k\audio/fold6/44325-9-0-18.wav,9,street_music,6,"[3, 7, 9]"
135544-6-7-0,/tmp\sound_datasets\urbansound8k\audio/fold6/135544-6-7-0.wav,6,gun_shot,6,"[2, 6, 6]"
155212-9-1-49,/tmp\sound_datasets\urbansound8k\audio/fold6/155212-9-1-49.wav,9,street_music,6,"[3, 7, 9]"
111048-6-0-0,/tmp\sound_datasets\urbansound8k\audio/fold6/111048-6-0-0.wav,6,gun_shot,6,"[2, 6, 6]"
161923-3-0-5,/tmp\sound_datasets\urbansound8k\audio/fold6/161923-3-0-5.wav,3,dog_bark,6,"[0, 1, 3]"
66000-9-0-6,/tmp\sound_datasets\urbansound8k\audio/fold6/66000-9-0-6.wav,9,street_music,6,"[3, 7, 9]"
66623-4-0-5,/tmp\sound_datasets\urbansound8k\audio/fold6/66623-4-0-5.wav,4,drilling,6,"[2, 4, 4]"
189986-0-0-0,/tmp\sound_datasets\urbansound8k\audio/fold6/189986-0-0-0.wav,0,air_conditioner,6,"[2, 5, 0]"
158979-6-0-0,/tmp\sound_datasets\urbansound8k\audio/fold6/158979-6-0-0.wav,6,gun_shot,6,"[2, 6, 6]"
131918-7-0-8,/tmp\sound_datasets\urbansound8k\audio/fold6/131918-7-0-8.wav,7,jackhammer,6,"[2, 4, 7]"
162434-6-1-0,/tmp\sound_datasets\urbansound8k\audio/fold6/162434-6-1-0.wav,6,gun_shot,6,"[2, 6, 6]"
175917-3-1-1,/tmp\sound_datasets\urbansound8k\audio/fold6/175917-3-1-1.wav,3,dog_bark,6,"[0, 1, 3]"
155127-9-1-23,/tmp\sound_datasets\urbansound8k\audio/fold6/155127-9-1-23.wav,9,street_music,6,"[3, 7, 9]"
82368-2-0-25,/tmp\sound_datasets\urbansound8k\audio/fold6/82368-2-0-25.wav,2,children_playing,6,"[0, 0, 2]"
184805-0-0-49,/tmp\sound_datasets\urbansound8k\audio/fold6/184805-0-0-49.wav,0,air_conditioner,6,"[2, 5, 0]"
63724-0-0-8,/tmp\sound_datasets\urbansound8k\audio/fold6/63724-0-0-8.wav,0,air_conditioner,6,"[2, 5, 0]"
24364-4-0-3,/tmp\sound_datasets\urbansound8k\audio/fold6/24364-4-0-3.wav,4,drilling,6,"[2, 4, 4]"
97331-2-0-55,/tmp\sound_datasets\urbansound8k\audio/fold6/97331-2-0-55.wav,2,children_playing,6,"[0, 0, 2]"
184805-0-0-75,/tmp\sound_datasets\urbansound8k\audio/fold6/184805-0-0-75.wav,0,air_conditioner,6,"[2, 5, 0]"
184805-0-0-61,/tmp\sound_datasets\urbansound8k\audio/fold6/184805-0-0-61.wav,0,air_conditioner,6,"[2, 5, 0]"
204240-0-0-10,/tmp\sound_datasets\urbansound8k\audio/fold6/204240-0-0-10.wav,0,air_conditioner,6,"[2, 5, 0]"
204240-0-0-28,/tmp\sound_datasets\urbansound8k\audio/fold6/204240-0-0-28.wav,0,air_conditioner,6,"[2, 5, 0]"
24364-4-0-7,/tmp\sound_datasets\urbansound8k\audio/fold6/24364-4-0-7.wav,4,drilling,6,"[2, 4, 4]"
104327-2-0-28,/tmp\sound_datasets\urbansound8k\audio/fold6/104327-2-0-28.wav,2,children_playing,6,"[0, 0, 2]"
75490-8-0-0,/tmp\sound_datasets\urbansound8k\audio/fold6/75490-8-0-0.wav,8,siren,6,"[1, 3, 8]"
204240-0-0-14,/tmp\sound_datasets\urbansound8k\audio/fold6/204240-0-0-14.wav,0,air_conditioner,6,"[2, 5, 0]"
109233-3-0-5,/tmp\sound_datasets\urbansound8k\audio/fold6/109233-3-0-5.wav,3,dog_bark,6,"[0, 1, 3]"
143115-1-4-0,/tmp\sound_datasets\urbansound8k\audio/fold6/143115-1-4-0.wav,1,car_horn,6,"[1, 2, 1]"
155127-9-1-27,/tmp\sound_datasets\urbansound8k\audio/fold6/155127-9-1-27.wav,9,street_music,6,"[3, 7, 9]"
135544-6-3-0,/tmp\sound_datasets\urbansound8k\audio/fold6/135544-6-3-0.wav,6,gun_shot,6,"[2, 6, 6]"
57607-1-0-0,/tmp\sound_datasets\urbansound8k\audio/fold6/57607-1-0-0.wav,1,car_horn,6,"[1, 2, 1]"
167701-4-9-1,/tmp\sound_datasets\urbansound8k\audio/fold6/167701-4-9-1.wav,4,drilling,6,"[2, 4, 4]"
121285-0-0-9,/tmp\sound_datasets\urbansound8k\audio/fold6/121285-0-0-9.wav,0,air_conditioner,6,"[2, 5, 0]"
157322-3-0-4,/tmp\sound_datasets\urbansound8k\audio/fold6/157322-3-0-4.wav,3,dog_bark,6,"[0, 1, 3]"
66623-4-0-1,/tmp\sound_datasets\urbansound8k\audio/fold6/66623-4-0-1.wav,4,drilling,6,"[2, 4, 4]"
66000-9-0-2,/tmp\sound_datasets\urbansound8k\audio/fold6/66000-9-0-2.wav,9,street_music,6,"[3, 7, 9]"
36403-6-0-0,/tmp\sound_datasets\urbansound8k\audio/fold6/36403-6-0-0.wav,6,gun_shot,6,"[2, 6, 6]"
135544-6-18-0,/tmp\sound_datasets\urbansound8k\audio/fold6/135544-6-18-0.wav,6,gun_shot,6,"[2, 6, 6]"
107842-4-3-0,/tmp\sound_datasets\urbansound8k\audio/fold6/107842-4-3-0.wav,4,drilling,6,"[2, 4, 4]"
83680-5-0-1,/tmp\sound_datasets\urbansound8k\audio/fold6/83680-5-0-1.wav,5,engine_idling,6,"[1, 2, 5]"
111386-5-1-7,/tmp\sound_datasets\urbansound8k\audio/fold6/111386-5-1-7.wav,5,engine_idling,6,"[1, 2, 5]"
31973-9-0-51,/tmp\sound_datasets\urbansound8k\audio/fold6/31973-9-0-51.wav,9,street_music,6,"[3, 7, 9]"
161923-3-0-12,/tmp\sound_datasets\urbansound8k\audio/fold6/161923-3-0-12.wav,3,dog_bark,6,"[0, 1, 3]"
30206-7-0-17,/tmp\sound_datasets\urbansound8k\audio/fold6/30206-7-0-17.wav,7,jackhammer,6,"[2, 4, 7]"
94632-5-0-25,/tmp\sound_datasets\urbansound8k\audio/fold6/94632-5-0-25.wav,5,engine_idling,6,"[1, 2, 5]"
94632-5-0-31,/tmp\sound_datasets\urbansound8k\audio/fold6/94632-5-0-31.wav,5,engine_idling,6,"[1, 2, 5]"
132162-9-1-63,/tmp\sound_datasets\urbansound8k\audio/fold6/132162-9-1-63.wav,9,street_music,6,"[3, 7, 9]"
30206-7-0-16,/tmp\sound_datasets\urbansound8k\audio/fold6/30206-7-0-16.wav,7,jackhammer,6,"[2, 4, 7]"
111386-5-1-6,/tmp\sound_datasets\urbansound8k\audio/fold6/111386-5-1-6.wav,5,engine_idling,6,"[1, 2, 5]"
83680-5-0-0,/tmp\sound_datasets\urbansound8k\audio/fold6/83680-5-0-0.wav,5,engine_idling,6,"[1, 2, 5]"
208030-3-1-0,/tmp\sound_datasets\urbansound8k\audio/fold6/208030-3-1-0.wav,3,dog_bark,6,"[0, 1, 3]"
44325-9-0-21,/tmp\sound_datasets\urbansound8k\audio/fold6/44325-9-0-21.wav,9,street_music,6,"[3, 7, 9]"
44325-9-0-35,/tmp\sound_datasets\urbansound8k\audio/fold6/44325-9-0-35.wav,9,street_music,6,"[3, 7, 9]"
66000-9-0-3,/tmp\sound_datasets\urbansound8k\audio/fold6/66000-9-0-3.wav,9,street_music,6,"[3, 7, 9]"
66623-4-0-0,/tmp\sound_datasets\urbansound8k\audio/fold6/66623-4-0-0.wav,4,drilling,6,"[2, 4, 4]"
157322-3-0-5,/tmp\sound_datasets\urbansound8k\audio/fold6/157322-3-0-5.wav,3,dog_bark,6,"[0, 1, 3]"
161923-3-0-0,/tmp\sound_datasets\urbansound8k\audio/fold6/161923-3-0-0.wav,3,dog_bark,6,"[0, 1, 3]"
58005-4-0-13,/tmp\sound_datasets\urbansound8k\audio/fold6/58005-4-0-13.wav,4,drilling,6,"[2, 4, 4]"
121285-0-0-8,/tmp\sound_datasets\urbansound8k\audio/fold6/121285-0-0-8.wav,0,air_conditioner,6,"[2, 5, 0]"
167701-4-9-0,/tmp\sound_datasets\urbansound8k\audio/fold6/167701-4-9-0.wav,4,drilling,6,"[2, 4, 4]"
104327-2-0-15,/tmp\sound_datasets\urbansound8k\audio/fold6/104327-2-0-15.wav,2,children_playing,6,"[0, 0, 2]"
109233-3-0-4,/tmp\sound_datasets\urbansound8k\audio/fold6/109233-3-0-4.wav,3,dog_bark,6,"[0, 1, 3]"
204240-0-0-15,/tmp\sound_datasets\urbansound8k\audio/fold6/204240-0-0-15.wav,0,air_conditioner,6,"[2, 5, 0]"
184805-0-0-64,/tmp\sound_datasets\urbansound8k\audio/fold6/184805-0-0-64.wav,0,air_conditioner,6,"[2, 5, 0]"
184805-0-0-2,/tmp\sound_datasets\urbansound8k\audio/fold6/184805-0-0-2.wav,0,air_conditioner,6,"[2, 5, 0]"
75490-8-0-1,/tmp\sound_datasets\urbansound8k\audio/fold6/75490-8-0-1.wav,8,siren,6,"[1, 3, 8]"
97331-2-0-50,/tmp\sound_datasets\urbansound8k\audio/fold6/97331-2-0-50.wav,2,children_playing,6,"[0, 0, 2]"
129356-2-0-199,/tmp\sound_datasets\urbansound8k\audio/fold6/129356-2-0-199.wav,2,children_playing,6,"[0, 0, 2]"
24364-4-0-6,/tmp\sound_datasets\urbansound8k\audio/fold6/24364-4-0-6.wav,4,drilling,6,"[2, 4, 4]"
204240-0-0-29,/tmp\sound_datasets\urbansound8k\audio/fold6/204240-0-0-29.wav,0,air_conditioner,6,"[2, 5, 0]"
184805-0-0-58,/tmp\sound_datasets\urbansound8k\audio/fold6/184805-0-0-58.wav,0,air_conditioner,6,"[2, 5, 0]"
24364-4-0-4,/tmp\sound_datasets\urbansound8k\audio/fold6/24364-4-0-4.wav,4,drilling,6,"[2, 4, 4]"
109233-3-0-6,/tmp\sound_datasets\urbansound8k\audio/fold6/109233-3-0-6.wav,3,dog_bark,6,"[0, 1, 3]"
204240-0-0-17,/tmp\sound_datasets\urbansound8k\audio/fold6/204240-0-0-17.wav,0,air_conditioner,6,"[2, 5, 0]"
155127-9-1-24,/tmp\sound_datasets\urbansound8k\audio/fold6/155127-9-1-24.wav,9,street_music,6,"[3, 7, 9]"
184805-0-0-99,/tmp\sound_datasets\urbansound8k\audio/fold6/184805-0-0-99.wav,0,air_conditioner,6,"[2, 5, 0]"
66000-9-0-1,/tmp\sound_datasets\urbansound8k\audio/fold6/66000-9-0-1.wav,9,street_music,6,"[3, 7, 9]"
9032-3-1-0,/tmp\sound_datasets\urbansound8k\audio/fold6/9032-3-1-0.wav,3,dog_bark,6,"[0, 1, 3]"
66623-4-0-2,/tmp\sound_datasets\urbansound8k\audio/fold6/66623-4-0-2.wav,4,drilling,6,"[2, 4, 4]"
83680-5-0-2,/tmp\sound_datasets\urbansound8k\audio/fold6/83680-5-0-2.wav,5,engine_idling,6,"[1, 2, 5]"
182474-1-0-0,/tmp\sound_datasets\urbansound8k\audio/fold6/182474-1-0-0.wav,1,car_horn,6,"[1, 2, 1]"
51027-3-1-1,/tmp\sound_datasets\urbansound8k\audio/fold6/51027-3-1-1.wav,3,dog_bark,6,"[0, 1, 3]"
111386-5-1-4,/tmp\sound_datasets\urbansound8k\audio/fold6/111386-5-1-4.wav,5,engine_idling,6,"[1, 2, 5]"
14358-3-0-7,/tmp\sound_datasets\urbansound8k\audio/fold6/14358-3-0-7.wav,3,dog_bark,6,"[0, 1, 3]"
30206-7-0-14,/tmp\sound_datasets\urbansound8k\audio/fold6/30206-7-0-14.wav,7,jackhammer,6,"[2, 4, 7]"
175848-1-0-0,/tmp\sound_datasets\urbansound8k\audio/fold6/175848-1-0-0.wav,1,car_horn,6,"[1, 2, 1]"
30206-7-0-28,/tmp\sound_datasets\urbansound8k\audio/fold6/30206-7-0-28.wav,7,jackhammer,6,"[2, 4, 7]"
94632-5-0-27,/tmp\sound_datasets\urbansound8k\audio/fold6/94632-5-0-27.wav,5,engine_idling,6,"[1, 2, 5]"
190680-3-1-0,/tmp\sound_datasets\urbansound8k\audio/fold6/190680-3-1-0.wav,3,dog_bark,6,"[0, 1, 3]"
94632-5-0-33,/tmp\sound_datasets\urbansound8k\audio/fold6/94632-5-0-33.wav,5,engine_idling,6,"[1, 2, 5]"
30206-7-0-29,/tmp\sound_datasets\urbansound8k\audio/fold6/30206-7-0-29.wav,7,jackhammer,6,"[2, 4, 7]"
30206-7-0-15,/tmp\sound_datasets\urbansound8k\audio/fold6/30206-7-0-15.wav,7,jackhammer,6,"[2, 4, 7]"
107842-4-1-0,/tmp\sound_datasets\urbansound8k\audio/fold6/107842-4-1-0.wav,4,drilling,6,"[2, 4, 4]"
111386-5-1-5,/tmp\sound_datasets\urbansound8k\audio/fold6/111386-5-1-5.wav,5,engine_idling,6,"[1, 2, 5]"
203355-3-1-0,/tmp\sound_datasets\urbansound8k\audio/fold6/203355-3-1-0.wav,3,dog_bark,6,"[0, 1, 3]"
155488-3-0-6,/tmp\sound_datasets\urbansound8k\audio/fold6/155488-3-0-6.wav,3,dog_bark,6,"[0, 1, 3]"
83680-5-0-3,/tmp\sound_datasets\urbansound8k\audio/fold6/83680-5-0-3.wav,5,engine_idling,6,"[1, 2, 5]"
162702-1-1-0,/tmp\sound_datasets\urbansound8k\audio/fold6/162702-1-1-0.wav,1,car_horn,6,"[1, 2, 1]"
66623-4-0-3,/tmp\sound_datasets\urbansound8k\audio/fold6/66623-4-0-3.wav,4,drilling,6,"[2, 4, 4]"
157322-3-0-6,/tmp\sound_datasets\urbansound8k\audio/fold6/157322-3-0-6.wav,3,dog_bark,6,"[0, 1, 3]"
66000-9-0-0,/tmp\sound_datasets\urbansound8k\audio/fold6/66000-9-0-0.wav,9,street_music,6,"[3, 7, 9]"
160575-3-0-0,/tmp\sound_datasets\urbansound8k\audio/fold6/160575-3-0-0.wav,3,dog_bark,6,"[0, 1, 3]"
135544-6-1-0,/tmp\sound_datasets\urbansound8k\audio/fold6/135544-6-1-0.wav,6,gun_shot,6,"[2, 6, 6]"
46299-2-0-48,/tmp\sound_datasets\urbansound8k\audio/fold6/46299-2-0-48.wav,2,children_playing,6,"[0, 0, 2]"
82368-2-0-23,/tmp\sound_datasets\urbansound8k\audio/fold6/82368-2-0-23.wav,2,children_playing,6,"[0, 0, 2]"
155127-9-1-25,/tmp\sound_datasets\urbansound8k\audio/fold6/155127-9-1-25.wav,9,street_music,6,"[3, 7, 9]"
204240-0-0-16,/tmp\sound_datasets\urbansound8k\audio/fold6/204240-0-0-16.wav,0,air_conditioner,6,"[2, 5, 0]"
24364-4-0-5,/tmp\sound_datasets\urbansound8k\audio/fold6/24364-4-0-5.wav,4,drilling,6,"[2, 4, 4]"
75490-8-0-2,/tmp\sound_datasets\urbansound8k\audio/fold6/75490-8-0-2.wav,8,siren,6,"[1, 3, 8]"
129356-2-0-98,/tmp\sound_datasets\urbansound8k\audio/fold6/129356-2-0-98.wav,2,children_playing,6,"[0, 0, 2]"
85249-2-0-79,/tmp\sound_datasets\urbansound8k\audio/fold6/85249-2-0-79.wav,2,children_playing,6,"[0, 0, 2]"
111386-5-0-2,/tmp\sound_datasets\urbansound8k\audio/fold6/111386-5-0-2.wav,5,engine_idling,6,"[1, 2, 5]"
4912-3-0-0,/tmp\sound_datasets\urbansound8k\audio/fold6/4912-3-0-0.wav,3,dog_bark,6,"[0, 1, 3]"
94632-5-0-9,/tmp\sound_datasets\urbansound8k\audio/fold6/94632-5-0-9.wav,5,engine_idling,6,"[1, 2, 5]"
51027-3-0-7,/tmp\sound_datasets\urbansound8k\audio/fold6/51027-3-0-7.wav,3,dog_bark,6,"[0, 1, 3]"
97331-2-0-20,/tmp\sound_datasets\urbansound8k\audio/fold6/97331-2-0-20.wav,2,children_playing,6,"[0, 0, 2]"
124389-8-1-15,/tmp\sound_datasets\urbansound8k\audio/fold6/124389-8-1-15.wav,8,siren,6,"[1, 3, 8]"
106486-5-0-0,/tmp\sound_datasets\urbansound8k\audio/fold6/106486-5-0-0.wav,5,engine_idling,6,"[1, 2, 5]"
133797-6-2-0,/tmp\sound_datasets\urbansound8k\audio/fold6/133797-6-2-0.wav,6,gun_shot,6,"[2, 6, 6]"
58005-4-0-63,/tmp\sound_datasets\urbansound8k\audio/fold6/58005-4-0-63.wav,4,drilling,6,"[2, 4, 4]"
132021-7-0-3,/tmp\sound_datasets\urbansound8k\audio/fold6/132021-7-0-3.wav,7,jackhammer,6,"[2, 4, 7]"
117271-3-0-3,/tmp\sound_datasets\urbansound8k\audio/fold6/117271-3-0-3.wav,3,dog_bark,6,"[0, 1, 3]"
132021-7-0-10,/tmp\sound_datasets\urbansound8k\audio/fold6/132021-7-0-10.wav,7,jackhammer,6,"[2, 4, 7]"
196076-2-0-0,/tmp\sound_datasets\urbansound8k\audio/fold6/196076-2-0-0.wav,2,children_playing,6,"[0, 0, 2]"
135160-8-0-9,/tmp\sound_datasets\urbansound8k\audio/fold6/135160-8-0-9.wav,8,siren,6,"[1, 3, 8]"
155212-9-1-14,/tmp\sound_datasets\urbansound8k\audio/fold6/155212-9-1-14.wav,9,street_music,6,"[3, 7, 9]"
62564-5-0-3,/tmp\sound_datasets\urbansound8k\audio/fold6/62564-5-0-3.wav,5,engine_idling,6,"[1, 2, 5]"
175917-3-2-2,/tmp\sound_datasets\urbansound8k\audio/fold6/175917-3-2-2.wav,3,dog_bark,6,"[0, 1, 3]"
105319-3-0-29,/tmp\sound_datasets\urbansound8k\audio/fold6/105319-3-0-29.wav,3,dog_bark,6,"[0, 1, 3]"
42955-9-0-18,/tmp\sound_datasets\urbansound8k\audio/fold6/42955-9-0-18.wav,9,street_music,6,"[3, 7, 9]"
63724-0-0-13,/tmp\sound_datasets\urbansound8k\audio/fold6/63724-0-0-13.wav,0,air_conditioner,6,"[2, 5, 0]"
208030-3-4-0,/tmp\sound_datasets\urbansound8k\audio/fold6/208030-3-4-0.wav,3,dog_bark,6,"[0, 1, 3]"
190680-3-6-0,/tmp\sound_datasets\urbansound8k\audio/fold6/190680-3-6-0.wav,3,dog_bark,6,"[0, 1, 3]"
42955-9-0-19,/tmp\sound_datasets\urbansound8k\audio/fold6/42955-9-0-19.wav,9,street_music,6,"[3, 7, 9]"
63724-0-0-12,/tmp\sound_datasets\urbansound8k\audio/fold6/63724-0-0-12.wav,0,air_conditioner,6,"[2, 5, 0]"
98680-9-0-5,/tmp\sound_datasets\urbansound8k\audio/fold6/98680-9-0-5.wav,9,street_music,6,"[3, 7, 9]"
62564-5-0-2,/tmp\sound_datasets\urbansound8k\audio/fold6/62564-5-0-2.wav,5,engine_idling,6,"[1, 2, 5]"
135160-8-0-8,/tmp\sound_datasets\urbansound8k\audio/fold6/135160-8-0-8.wav,8,siren,6,"[1, 3, 8]"
110868-9-0-6,/tmp\sound_datasets\urbansound8k\audio/fold6/110868-9-0-6.wav,9,street_music,6,"[3, 7, 9]"
166931-4-2-8,/tmp\sound_datasets\urbansound8k\audio/fold6/166931-4-2-8.wav,4,drilling,6,"[2, 4, 4]"
44325-9-0-78,/tmp\sound_datasets\urbansound8k\audio/fold6/44325-9-0-78.wav,9,street_music,6,"[3, 7, 9]"
169045-2-0-20,/tmp\sound_datasets\urbansound8k\audio/fold6/169045-2-0-20.wav,2,children_playing,6,"[0, 0, 2]"
162434-6-0-0,/tmp\sound_datasets\urbansound8k\audio/fold6/162434-6-0-0.wav,6,gun_shot,6,"[2, 6, 6]"
160575-3-7-0,/tmp\sound_datasets\urbansound8k\audio/fold6/160575-3-7-0.wav,3,dog_bark,6,"[0, 1, 3]"
132021-7-0-11,/tmp\sound_datasets\urbansound8k\audio/fold6/132021-7-0-11.wav,7,jackhammer,6,"[2, 4, 7]"
117271-3-0-2,/tmp\sound_datasets\urbansound8k\audio/fold6/117271-3-0-2.wav,3,dog_bark,6,"[0, 1, 3]"
107842-4-2-4,/tmp\sound_datasets\urbansound8k\audio/fold6/107842-4-2-4.wav,4,drilling,6,"[2, 4, 4]"
143115-1-1-0,/tmp\sound_datasets\urbansound8k\audio/fold6/143115-1-1-0.wav,1,car_horn,6,"[1, 2, 1]"
132021-7-0-2,/tmp\sound_datasets\urbansound8k\audio/fold6/132021-7-0-2.wav,7,jackhammer,6,"[2, 4, 7]"
94632-5-1-14,/tmp\sound_datasets\urbansound8k\audio/fold6/94632-5-1-14.wav,5,engine_idling,6,"[1, 2, 5]"
69962-2-0-15,/tmp\sound_datasets\urbansound8k\audio/fold6/69962-2-0-15.wav,2,children_playing,6,"[0, 0, 2]"
135544-6-6-0,/tmp\sound_datasets\urbansound8k\audio/fold6/135544-6-6-0.wav,6,gun_shot,6,"[2, 6, 6]"
58005-4-0-76,/tmp\sound_datasets\urbansound8k\audio/fold6/58005-4-0-76.wav,4,drilling,6,"[2, 4, 4]"
94632-5-1-28,/tmp\sound_datasets\urbansound8k\audio/fold6/94632-5-1-28.wav,5,engine_idling,6,"[1, 2, 5]"
184805-0-0-103,/tmp\sound_datasets\urbansound8k\audio/fold6/184805-0-0-103.wav,0,air_conditioner,6,"[2, 5, 0]"
106486-5-0-1,/tmp\sound_datasets\urbansound8k\audio/fold6/106486-5-0-1.wav,5,engine_idling,6,"[1, 2, 5]"
99710-9-0-6,/tmp\sound_datasets\urbansound8k\audio/fold6/99710-9-0-6.wav,9,street_music,6,"[3, 7, 9]"
97331-2-0-35,/tmp\sound_datasets\urbansound8k\audio/fold6/97331-2-0-35.wav,2,children_playing,6,"[0, 0, 2]"
124389-8-1-14,/tmp\sound_datasets\urbansound8k\audio/fold6/124389-8-1-14.wav,8,siren,6,"[1, 3, 8]"
94632-5-0-8,/tmp\sound_datasets\urbansound8k\audio/fold6/94632-5-0-8.wav,5,engine_idling,6,"[1, 2, 5]"
111386-5-0-3,/tmp\sound_datasets\urbansound8k\audio/fold6/111386-5-0-3.wav,5,engine_idling,6,"[1, 2, 5]"
111386-5-0-1,/tmp\sound_datasets\urbansound8k\audio/fold6/111386-5-0-1.wav,5,engine_idling,6,"[1, 2, 5]"
124389-8-1-16,/tmp\sound_datasets\urbansound8k\audio/fold6/124389-8-1-16.wav,8,siren,6,"[1, 3, 8]"
129356-2-0-101,/tmp\sound_datasets\urbansound8k\audio/fold6/129356-2-0-101.wav,2,children_playing,6,"[0, 0, 2]"
135544-6-4-0,/tmp\sound_datasets\urbansound8k\audio/fold6/135544-6-4-0.wav,6,gun_shot,6,"[2, 6, 6]"
129356-2-0-115,/tmp\sound_datasets\urbansound8k\audio/fold6/129356-2-0-115.wav,2,children_playing,6,"[0, 0, 2]"
143115-1-3-0,/tmp\sound_datasets\urbansound8k\audio/fold6/143115-1-3-0.wav,1,car_horn,6,"[1, 2, 1]"
36902-3-1-0,/tmp\sound_datasets\urbansound8k\audio/fold6/36902-3-1-0.wav,3,dog_bark,6,"[0, 1, 3]"
129356-2-0-129,/tmp\sound_datasets\urbansound8k\audio/fold6/129356-2-0-129.wav,2,children_playing,6,"[0, 0, 2]"
155488-3-3-0,/tmp\sound_datasets\urbansound8k\audio/fold6/155488-3-3-0.wav,3,dog_bark,6,"[0, 1, 3]"
43802-1-1-0,/tmp\sound_datasets\urbansound8k\audio/fold6/43802-1-1-0.wav,1,car_horn,6,"[1, 2, 1]"
69962-2-0-17,/tmp\sound_datasets\urbansound8k\audio/fold6/69962-2-0-17.wav,2,children_playing,6,"[0, 0, 2]"
184805-0-0-101,/tmp\sound_datasets\urbansound8k\audio/fold6/184805-0-0-101.wav,0,air_conditioner,6,"[2, 5, 0]"
117271-3-0-0,/tmp\sound_datasets\urbansound8k\audio/fold6/117271-3-0-0.wav,3,dog_bark,6,"[0, 1, 3]"
30206-7-0-9,/tmp\sound_datasets\urbansound8k\audio/fold6/30206-7-0-9.wav,7,jackhammer,6,"[2, 4, 7]"
74726-8-0-9,/tmp\sound_datasets\urbansound8k\audio/fold6/74726-8-0-9.wav,8,siren,6,"[1, 3, 8]"
132021-7-0-0,/tmp\sound_datasets\urbansound8k\audio/fold6/132021-7-0-0.wav,7,jackhammer,6,"[2, 4, 7]"
175917-3-0-3,/tmp\sound_datasets\urbansound8k\audio/fold6/175917-3-0-3.wav,3,dog_bark,6,"[0, 1, 3]"
128891-3-0-4,/tmp\sound_datasets\urbansound8k\audio/fold6/128891-3-0-4.wav,3,dog_bark,6,"[0, 1, 3]"
62564-5-0-0,/tmp\sound_datasets\urbansound8k\audio/fold6/62564-5-0-0.wav,5,engine_idling,6,"[1, 2, 5]"
162434-6-2-0,/tmp\sound_datasets\urbansound8k\audio/fold6/162434-6-2-0.wav,6,gun_shot,6,"[2, 6, 6]"
63724-0-0-10,/tmp\sound_datasets\urbansound8k\audio/fold6/63724-0-0-10.wav,0,air_conditioner,6,"[2, 5, 0]"
124389-8-1-8,/tmp\sound_datasets\urbansound8k\audio/fold6/124389-8-1-8.wav,8,siren,6,"[1, 3, 8]"
124389-8-1-9,/tmp\sound_datasets\urbansound8k\audio/fold6/124389-8-1-9.wav,8,siren,6,"[1, 3, 8]"
63724-0-0-11,/tmp\sound_datasets\urbansound8k\audio/fold6/63724-0-0-11.wav,0,air_conditioner,6,"[2, 5, 0]"
101281-3-0-14,/tmp\sound_datasets\urbansound8k\audio/fold6/101281-3-0-14.wav,3,dog_bark,6,"[0, 1, 3]"
62564-5-0-1,/tmp\sound_datasets\urbansound8k\audio/fold6/62564-5-0-1.wav,5,engine_idling,6,"[1, 2, 5]"
128891-3-0-5,/tmp\sound_datasets\urbansound8k\audio/fold6/128891-3-0-5.wav,3,dog_bark,6,"[0, 1, 3]"
190680-3-4-0,/tmp\sound_datasets\urbansound8k\audio/fold6/190680-3-4-0.wav,3,dog_bark,6,"[0, 1, 3]"
99710-9-0-16,/tmp\sound_datasets\urbansound8k\audio/fold6/99710-9-0-16.wav,9,street_music,6,"[3, 7, 9]"
74726-8-0-8,/tmp\sound_datasets\urbansound8k\audio/fold6/74726-8-0-8.wav,8,siren,6,"[1, 3, 8]"
30206-7-0-8,/tmp\sound_datasets\urbansound8k\audio/fold6/30206-7-0-8.wav,7,jackhammer,6,"[2, 4, 7]"
132021-7-0-1,/tmp\sound_datasets\urbansound8k\audio/fold6/132021-7-0-1.wav,7,jackhammer,6,"[2, 4, 7]"
94632-5-1-17,/tmp\sound_datasets\urbansound8k\audio/fold6/94632-5-1-17.wav,5,engine_idling,6,"[1, 2, 5]"
132021-7-0-12,/tmp\sound_datasets\urbansound8k\audio/fold6/132021-7-0-12.wav,7,jackhammer,6,"[2, 4, 7]"
117271-3-0-1,/tmp\sound_datasets\urbansound8k\audio/fold6/117271-3-0-1.wav,3,dog_bark,6,"[0, 1, 3]"
69962-2-0-16,/tmp\sound_datasets\urbansound8k\audio/fold6/69962-2-0-16.wav,2,children_playing,6,"[0, 0, 2]"
35548-9-0-10,/tmp\sound_datasets\urbansound8k\audio/fold6/35548-9-0-10.wav,9,street_music,6,"[3, 7, 9]"
155488-3-3-1,/tmp\sound_datasets\urbansound8k\audio/fold6/155488-3-3-1.wav,3,dog_bark,6,"[0, 1, 3]"
4912-3-2-0,/tmp\sound_datasets\urbansound8k\audio/fold6/4912-3-2-0.wav,3,dog_bark,6,"[0, 1, 3]"
106486-5-0-2,/tmp\sound_datasets\urbansound8k\audio/fold6/106486-5-0-2.wav,5,engine_idling,6,"[1, 2, 5]"
133797-6-0-0,/tmp\sound_datasets\urbansound8k\audio/fold6/133797-6-0-0.wav,6,gun_shot,6,"[2, 6, 6]"
99710-9-0-5,/tmp\sound_datasets\urbansound8k\audio/fold6/99710-9-0-5.wav,9,street_music,6,"[3, 7, 9]"
124389-8-1-17,/tmp\sound_datasets\urbansound8k\audio/fold6/124389-8-1-17.wav,8,siren,6,"[1, 3, 8]"
184805-0-0-16,/tmp\sound_datasets\urbansound8k\audio/fold6/184805-0-0-16.wav,0,air_conditioner,6,"[2, 5, 0]"
111386-5-0-0,/tmp\sound_datasets\urbansound8k\audio/fold6/111386-5-0-0.wav,5,engine_idling,6,"[1, 2, 5]"
124389-8-1-13,/tmp\sound_datasets\urbansound8k\audio/fold6/124389-8-1-13.wav,8,siren,6,"[1, 3, 8]"
111386-5-0-4,/tmp\sound_datasets\urbansound8k\audio/fold6/111386-5-0-4.wav,5,engine_idling,6,"[1, 2, 5]"
89442-9-0-6,/tmp\sound_datasets\urbansound8k\audio/fold6/89442-9-0-6.wav,9,street_music,6,"[3, 7, 9]"
107842-4-0-1,/tmp\sound_datasets\urbansound8k\audio/fold6/107842-4-0-1.wav,4,drilling,6,"[2, 4, 4]"
208030-3-2-0,/tmp\sound_datasets\urbansound8k\audio/fold6/208030-3-2-0.wav,3,dog_bark,6,"[0, 1, 3]"
9032-3-0-0,/tmp\sound_datasets\urbansound8k\audio/fold6/9032-3-0-0.wav,3,dog_bark,6,"[0, 1, 3]"
193697-2-0-135,/tmp\sound_datasets\urbansound8k\audio/fold6/193697-2-0-135.wav,2,children_playing,6,"[0, 0, 2]"
107842-4-2-3,/tmp\sound_datasets\urbansound8k\audio/fold6/107842-4-2-3.wav,4,drilling,6,"[2, 4, 4]"
94632-5-1-13,/tmp\sound_datasets\urbansound8k\audio/fold6/94632-5-1-13.wav,5,engine_idling,6,"[1, 2, 5]"
132021-7-0-5,/tmp\sound_datasets\urbansound8k\audio/fold6/132021-7-0-5.wav,7,jackhammer,6,"[2, 4, 7]"
52882-2-0-11,/tmp\sound_datasets\urbansound8k\audio/fold6/52882-2-0-11.wav,2,children_playing,6,"[0, 0, 2]"
184805-0-0-104,/tmp\sound_datasets\urbansound8k\audio/fold6/184805-0-0-104.wav,0,air_conditioner,6,"[2, 5, 0]"
46299-2-0-0,/tmp\sound_datasets\urbansound8k\audio/fold6/46299-2-0-0.wav,2,children_playing,6,"[0, 0, 2]"
99710-9-0-12,/tmp\sound_datasets\urbansound8k\audio/fold6/99710-9-0-12.wav,9,street_music,6,"[3, 7, 9]"
62564-5-0-5,/tmp\sound_datasets\urbansound8k\audio/fold6/62564-5-0-5.wav,5,engine_idling,6,"[1, 2, 5]"
169045-2-0-0,/tmp\sound_datasets\urbansound8k\audio/fold6/169045-2-0-0.wav,2,children_playing,6,"[0, 0, 2]"
193697-2-0-5,/tmp\sound_datasets\urbansound8k\audio/fold6/193697-2-0-5.wav,2,children_playing,6,"[0, 0, 2]"
63724-0-0-15,/tmp\sound_datasets\urbansound8k\audio/fold6/63724-0-0-15.wav,0,air_conditioner,6,"[2, 5, 0]"
98680-9-0-2,/tmp\sound_datasets\urbansound8k\audio/fold6/98680-9-0-2.wav,9,street_music,6,"[3, 7, 9]"
42955-9-0-22,/tmp\sound_datasets\urbansound8k\audio/fold6/42955-9-0-22.wav,9,street_music,6,"[3, 7, 9]"
98680-9-0-3,/tmp\sound_datasets\urbansound8k\audio/fold6/98680-9-0-3.wav,9,street_music,6,"[3, 7, 9]"
63724-0-0-14,/tmp\sound_datasets\urbansound8k\audio/fold6/63724-0-0-14.wav,0,air_conditioner,6,"[2, 5, 0]"
135544-6-0-0,/tmp\sound_datasets\urbansound8k\audio/fold6/135544-6-0-0.wav,6,gun_shot,6,"[2, 6, 6]"
169045-2-0-1,/tmp\sound_datasets\urbansound8k\audio/fold6/169045-2-0-1.wav,2,children_playing,6,"[0, 0, 2]"
62564-5-0-4,/tmp\sound_datasets\urbansound8k\audio/fold6/62564-5-0-4.wav,5,engine_idling,6,"[1, 2, 5]"
58005-4-0-70,/tmp\sound_datasets\urbansound8k\audio/fold6/58005-4-0-70.wav,4,drilling,6,"[2, 4, 4]"
132021-7-0-4,/tmp\sound_datasets\urbansound8k\audio/fold6/132021-7-0-4.wav,7,jackhammer,6,"[2, 4, 7]"
162702-1-0-0,/tmp\sound_datasets\urbansound8k\audio/fold6/162702-1-0-0.wav,1,car_horn,6,"[1, 2, 1]"
107842-4-2-2,/tmp\sound_datasets\urbansound8k\audio/fold6/107842-4-2-2.wav,4,drilling,6,"[2, 4, 4]"
193697-2-0-99,/tmp\sound_datasets\urbansound8k\audio/fold6/193697-2-0-99.wav,2,children_playing,6,"[0, 0, 2]"
160575-3-1-0,/tmp\sound_datasets\urbansound8k\audio/fold6/160575-3-1-0.wav,3,dog_bark,6,"[0, 1, 3]"
98263-9-0-10,/tmp\sound_datasets\urbansound8k\audio/fold6/98263-9-0-10.wav,9,street_music,6,"[3, 7, 9]"
107842-4-0-0,/tmp\sound_datasets\urbansound8k\audio/fold6/107842-4-0-0.wav,4,drilling,6,"[2, 4, 4]"
89442-9-0-7,/tmp\sound_datasets\urbansound8k\audio/fold6/89442-9-0-7.wav,9,street_music,6,"[3, 7, 9]"
85249-2-0-25,/tmp\sound_datasets\urbansound8k\audio/fold6/85249-2-0-25.wav,2,children_playing,6,"[0, 0, 2]"
111386-5-0-5,/tmp\sound_datasets\urbansound8k\audio/fold6/111386-5-0-5.wav,5,engine_idling,6,"[1, 2, 5]"
184805-0-0-13,/tmp\sound_datasets\urbansound8k\audio/fold6/184805-0-0-13.wav,0,air_conditioner,6,"[2, 5, 0]"
203355-3-0-0,/tmp\sound_datasets\urbansound8k\audio/fold6/203355-3-0-0.wav,3,dog_bark,6,"[0, 1, 3]"
124389-8-1-12,/tmp\sound_datasets\urbansound8k\audio/fold6/124389-8-1-12.wav,8,siren,6,"[1, 3, 8]"
124389-8-1-10,/tmp\sound_datasets\urbansound8k\audio/fold6/124389-8-1-10.wav,8,siren,6,"[1, 3, 8]"
165641-4-0-0,/tmp\sound_datasets\urbansound8k\audio/fold6/165641-4-0-0.wav,4,drilling,6,"[2, 4, 4]"
111386-5-0-7,/tmp\sound_datasets\urbansound8k\audio/fold6/111386-5-0-7.wav,5,engine_idling,6,"[1, 2, 5]"
35548-9-2-7,/tmp\sound_datasets\urbansound8k\audio/fold6/35548-9-2-7.wav,9,street_music,6,"[3, 7, 9]"
175917-3-4-1,/tmp\sound_datasets\urbansound8k\audio/fold6/175917-3-4-1.wav,3,dog_bark,6,"[0, 1, 3]"
89442-9-0-5,/tmp\sound_datasets\urbansound8k\audio/fold6/89442-9-0-5.wav,9,street_music,6,"[3, 7, 9]"
107842-4-0-2,/tmp\sound_datasets\urbansound8k\audio/fold6/107842-4-0-2.wav,4,drilling,6,"[2, 4, 4]"
99710-9-0-2,/tmp\sound_datasets\urbansound8k\audio/fold6/99710-9-0-2.wav,9,street_music,6,"[3, 7, 9]"
161922-3-2-0,/tmp\sound_datasets\urbansound8k\audio/fold6/161922-3-2-0.wav,3,dog_bark,6,"[0, 1, 3]"
135544-6-19-0,/tmp\sound_datasets\urbansound8k\audio/fold6/135544-6-19-0.wav,6,gun_shot,6,"[2, 6, 6]"
132021-7-0-6,/tmp\sound_datasets\urbansound8k\audio/fold6/132021-7-0-6.wav,7,jackhammer,6,"[2, 4, 7]"
107842-4-2-0,/tmp\sound_datasets\urbansound8k\audio/fold6/107842-4-2-0.wav,4,drilling,6,"[2, 4, 4]"
46299-2-0-16,/tmp\sound_datasets\urbansound8k\audio/fold6/46299-2-0-16.wav,2,children_playing,6,"[0, 0, 2]"
69962-2-0-11,/tmp\sound_datasets\urbansound8k\audio/fold6/69962-2-0-11.wav,2,children_playing,6,"[0, 0, 2]"
194321-9-0-100,/tmp\sound_datasets\urbansound8k\audio/fold6/194321-9-0-100.wav,9,street_music,6,"[3, 7, 9]"
99710-9-0-11,/tmp\sound_datasets\urbansound8k\audio/fold6/99710-9-0-11.wav,9,street_music,6,"[3, 7, 9]"
62564-5-0-6,/tmp\sound_datasets\urbansound8k\audio/fold6/62564-5-0-6.wav,5,engine_idling,6,"[1, 2, 5]"
128891-3-0-2,/tmp\sound_datasets\urbansound8k\audio/fold6/128891-3-0-2.wav,3,dog_bark,6,"[0, 1, 3]"
169045-2-0-3,/tmp\sound_datasets\urbansound8k\audio/fold6/169045-2-0-3.wav,2,children_playing,6,"[0, 0, 2]"
63724-0-0-16,/tmp\sound_datasets\urbansound8k\audio/fold6/63724-0-0-16.wav,0,air_conditioner,6,"[2, 5, 0]"
78651-5-0-9,/tmp\sound_datasets\urbansound8k\audio/fold6/78651-5-0-9.wav,5,engine_idling,6,"[1, 2, 5]"
75490-8-1-0,/tmp\sound_datasets\urbansound8k\audio/fold6/75490-8-1-0.wav,8,siren,6,"[1, 3, 8]"
135544-6-2-0,/tmp\sound_datasets\urbansound8k\audio/fold6/135544-6-2-0.wav,6,gun_shot,6,"[2, 6, 6]"
95532-3-0-0,/tmp\sound_datasets\urbansound8k\audio/fold6/95532-3-0-0.wav,3,dog_bark,6,"[0, 1, 3]"
105319-3-0-39,/tmp\sound_datasets\urbansound8k\audio/fold6/105319-3-0-39.wav,3,dog_bark,6,"[0, 1, 3]"
75490-8-1-1,/tmp\sound_datasets\urbansound8k\audio/fold6/75490-8-1-1.wav,8,siren,6,"[1, 3, 8]"
78651-5-0-8,/tmp\sound_datasets\urbansound8k\audio/fold6/78651-5-0-8.wav,5,engine_idling,6,"[1, 2, 5]"
62564-5-0-7,/tmp\sound_datasets\urbansound8k\audio/fold6/62564-5-0-7.wav,5,engine_idling,6,"[1, 2, 5]"
52882-2-0-8,/tmp\sound_datasets\urbansound8k\audio/fold6/52882-2-0-8.wav,2,children_playing,6,"[0, 0, 2]"
132162-9-1-3,/tmp\sound_datasets\urbansound8k\audio/fold6/132162-9-1-3.wav,9,street_music,6,"[3, 7, 9]"
184805-0-0-112,/tmp\sound_datasets\urbansound8k\audio/fold6/184805-0-0-112.wav,0,air_conditioner,6,"[2, 5, 0]"
208030-3-0-0,/tmp\sound_datasets\urbansound8k\audio/fold6/208030-3-0-0.wav,3,dog_bark,6,"[0, 1, 3]"
107842-4-2-1,/tmp\sound_datasets\urbansound8k\audio/fold6/107842-4-2-1.wav,4,drilling,6,"[2, 4, 4]"
132021-7-0-7,/tmp\sound_datasets\urbansound8k\audio/fold6/132021-7-0-7.wav,7,jackhammer,6,"[2, 4, 7]"
94632-5-1-11,/tmp\sound_datasets\urbansound8k\audio/fold6/94632-5-1-11.wav,5,engine_idling,6,"[1, 2, 5]"
111386-5-0-6,/tmp\sound_datasets\urbansound8k\audio/fold6/111386-5-0-6.wav,5,engine_idling,6,"[1, 2, 5]"
9032-3-2-0,/tmp\sound_datasets\urbansound8k\audio/fold6/9032-3-2-0.wav,3,dog_bark,6,"[0, 1, 3]"
165641-4-0-1,/tmp\sound_datasets\urbansound8k\audio/fold6/165641-4-0-1.wav,4,drilling,6,"[2, 4, 4]"
124389-8-1-11,/tmp\sound_datasets\urbansound8k\audio/fold6/124389-8-1-11.wav,8,siren,6,"[1, 3, 8]"
44737-5-0-2,/tmp\sound_datasets\urbansound8k\audio/fold7/44737-5-0-2.wav,5,engine_idling,7,"[1, 2, 5]"
209992-5-2-81,/tmp\sound_datasets\urbansound8k\audio/fold7/209992-5-2-81.wav,5,engine_idling,7,"[1, 2, 5]"
201988-5-0-8,/tmp\sound_datasets\urbansound8k\audio/fold7/201988-5-0-8.wav,5,engine_idling,7,"[1, 2, 5]"
177537-7-0-21,/tmp\sound_datasets\urbansound8k\audio/fold7/177537-7-0-21.wav,7,jackhammer,7,"[2, 4, 7]"
135849-4-0-0,/tmp\sound_datasets\urbansound8k\audio/fold7/135849-4-0-0.wav,4,drilling,7,"[2, 4, 4]"
146845-0-0-21,/tmp\sound_datasets\urbansound8k\audio/fold7/146845-0-0-21.wav,0,air_conditioner,7,"[2, 5, 0]"
201988-5-0-21,/tmp\sound_datasets\urbansound8k\audio/fold7/201988-5-0-21.wav,5,engine_idling,7,"[1, 2, 5]"
146845-0-0-35,/tmp\sound_datasets\urbansound8k\audio/fold7/146845-0-0-35.wav,0,air_conditioner,7,"[2, 5, 0]"
209992-5-2-42,/tmp\sound_datasets\urbansound8k\audio/fold7/209992-5-2-42.wav,5,engine_idling,7,"[1, 2, 5]"
105289-8-2-2,/tmp\sound_datasets\urbansound8k\audio/fold7/105289-8-2-2.wav,8,siren,7,"[1, 3, 8]"
157950-3-0-0,/tmp\sound_datasets\urbansound8k\audio/fold7/157950-3-0-0.wav,3,dog_bark,7,"[0, 1, 3]"
159708-6-5-0,/tmp\sound_datasets\urbansound8k\audio/fold7/159708-6-5-0.wav,6,gun_shot,7,"[2, 6, 6]"
61503-2-0-5,/tmp\sound_datasets\urbansound8k\audio/fold7/61503-2-0-5.wav,2,children_playing,7,"[0, 0, 2]"
173891-9-0-2,/tmp\sound_datasets\urbansound8k\audio/fold7/173891-9-0-2.wav,9,street_music,7,"[3, 7, 9]"
105289-8-0-0,/tmp\sound_datasets\urbansound8k\audio/fold7/105289-8-0-0.wav,8,siren,7,"[1, 3, 8]"
71529-4-1-3,/tmp\sound_datasets\urbansound8k\audio/fold7/71529-4-1-3.wav,4,drilling,7,"[2, 4, 4]"
107357-8-1-9,/tmp\sound_datasets\urbansound8k\audio/fold7/107357-8-1-9.wav,8,siren,7,"[1, 3, 8]"
165529-2-0-90,/tmp\sound_datasets\urbansound8k\audio/fold7/165529-2-0-90.wav,2,children_playing,7,"[0, 0, 2]"
99812-1-2-0,/tmp\sound_datasets\urbansound8k\audio/fold7/99812-1-2-0.wav,1,car_horn,7,"[1, 2, 1]"
21683-9-0-30,/tmp\sound_datasets\urbansound8k\audio/fold7/21683-9-0-30.wav,9,street_music,7,"[3, 7, 9]"
177729-0-0-28,/tmp\sound_datasets\urbansound8k\audio/fold7/177729-0-0-28.wav,0,air_conditioner,7,"[2, 5, 0]"
61789-9-0-26,/tmp\sound_datasets\urbansound8k\audio/fold7/61789-9-0-26.wav,9,street_music,7,"[3, 7, 9]"
21683-9-0-18,/tmp\sound_datasets\urbansound8k\audio/fold7/21683-9-0-18.wav,9,street_music,7,"[3, 7, 9]"
102853-8-0-0,/tmp\sound_datasets\urbansound8k\audio/fold7/102853-8-0-0.wav,8,siren,7,"[1, 3, 8]"
21683-9-0-3,/tmp\sound_datasets\urbansound8k\audio/fold7/21683-9-0-3.wav,9,street_music,7,"[3, 7, 9]"
77751-7-7-0,/tmp\sound_datasets\urbansound8k\audio/fold7/77751-7-7-0.wav,7,jackhammer,7,"[2, 4, 7]"
81799-3-1-2,/tmp\sound_datasets\urbansound8k\audio/fold7/81799-3-1-2.wav,3,dog_bark,7,"[0, 1, 3]"
83488-1-1-0,/tmp\sound_datasets\urbansound8k\audio/fold7/83488-1-1-0.wav,1,car_horn,7,"[1, 2, 1]"
99812-1-0-2,/tmp\sound_datasets\urbansound8k\audio/fold7/99812-1-0-2.wav,1,car_horn,7,"[1, 2, 1]"
170243-1-0-0,/tmp\sound_datasets\urbansound8k\audio/fold7/170243-1-0-0.wav,1,car_horn,7,"[1, 2, 1]"
196075-2-0-0,/tmp\sound_datasets\urbansound8k\audio/fold7/196075-2-0-0.wav,2,children_playing,7,"[0, 0, 2]"
74965-4-1-2,/tmp\sound_datasets\urbansound8k\audio/fold7/74965-4-1-2.wav,4,drilling,7,"[2, 4, 4]"
102853-8-0-1,/tmp\sound_datasets\urbansound8k\audio/fold7/102853-8-0-1.wav,8,siren,7,"[1, 3, 8]"
71529-4-1-2,/tmp\sound_datasets\urbansound8k\audio/fold7/71529-4-1-2.wav,4,drilling,7,"[2, 4, 4]"
107357-8-1-8,/tmp\sound_datasets\urbansound8k\audio/fold7/107357-8-1-8.wav,8,siren,7,"[1, 3, 8]"
105289-8-0-1,/tmp\sound_datasets\urbansound8k\audio/fold7/105289-8-0-1.wav,8,siren,7,"[1, 3, 8]"
71866-9-0-31,/tmp\sound_datasets\urbansound8k\audio/fold7/71866-9-0-31.wav,9,street_music,7,"[3, 7, 9]"
66619-2-0-18,/tmp\sound_datasets\urbansound8k\audio/fold7/66619-2-0-18.wav,2,children_playing,7,"[0, 0, 2]"
171165-9-0-70,/tmp\sound_datasets\urbansound8k\audio/fold7/171165-9-0-70.wav,9,street_music,7,"[3, 7, 9]"
209992-5-2-43,/tmp\sound_datasets\urbansound8k\audio/fold7/209992-5-2-43.wav,5,engine_idling,7,"[1, 2, 5]"
28385-9-0-57,/tmp\sound_datasets\urbansound8k\audio/fold7/28385-9-0-57.wav,9,street_music,7,"[3, 7, 9]"
105289-8-2-3,/tmp\sound_datasets\urbansound8k\audio/fold7/105289-8-2-3.wav,8,siren,7,"[1, 3, 8]"
201988-5-0-20,/tmp\sound_datasets\urbansound8k\audio/fold7/201988-5-0-20.wav,5,engine_idling,7,"[1, 2, 5]"
177537-7-0-20,/tmp\sound_datasets\urbansound8k\audio/fold7/177537-7-0-20.wav,7,jackhammer,7,"[2, 4, 7]"
146845-0-0-20,/tmp\sound_datasets\urbansound8k\audio/fold7/146845-0-0-20.wav,0,air_conditioner,7,"[2, 5, 0]"
201988-5-0-9,/tmp\sound_datasets\urbansound8k\audio/fold7/201988-5-0-9.wav,5,engine_idling,7,"[1, 2, 5]"
7060-6-2-0,/tmp\sound_datasets\urbansound8k\audio/fold7/7060-6-2-0.wav,6,gun_shot,7,"[2, 6, 6]"
24631-6-0-0,/tmp\sound_datasets\urbansound8k\audio/fold7/24631-6-0-0.wav,6,gun_shot,7,"[2, 6, 6]"
74850-9-0-6,/tmp\sound_datasets\urbansound8k\audio/fold7/74850-9-0-6.wav,9,street_music,7,"[3, 7, 9]"
44737-5-0-3,/tmp\sound_datasets\urbansound8k\audio/fold7/44737-5-0-3.wav,5,engine_idling,7,"[1, 2, 5]"
44737-5-0-1,/tmp\sound_datasets\urbansound8k\audio/fold7/44737-5-0-1.wav,5,engine_idling,7,"[1, 2, 5]"
209992-5-2-82,/tmp\sound_datasets\urbansound8k\audio/fold7/209992-5-2-82.wav,5,engine_idling,7,"[1, 2, 5]"
146845-0-0-36,/tmp\sound_datasets\urbansound8k\audio/fold7/146845-0-0-36.wav,0,air_conditioner,7,"[2, 5, 0]"
201988-5-0-22,/tmp\sound_datasets\urbansound8k\audio/fold7/201988-5-0-22.wav,5,engine_idling,7,"[1, 2, 5]"
146845-0-0-22,/tmp\sound_datasets\urbansound8k\audio/fold7/146845-0-0-22.wav,0,air_conditioner,7,"[2, 5, 0]"
177537-7-0-22,/tmp\sound_datasets\urbansound8k\audio/fold7/177537-7-0-22.wav,7,jackhammer,7,"[2, 4, 7]"
105289-8-2-1,/tmp\sound_datasets\urbansound8k\audio/fold7/105289-8-2-1.wav,8,siren,7,"[1, 3, 8]"
177537-7-1-9,/tmp\sound_datasets\urbansound8k\audio/fold7/177537-7-1-9.wav,7,jackhammer,7,"[2, 4, 7]"
61503-2-0-6,/tmp\sound_datasets\urbansound8k\audio/fold7/61503-2-0-6.wav,2,children_playing,7,"[0, 0, 2]"
7060-6-0-0,/tmp\sound_datasets\urbansound8k\audio/fold7/7060-6-0-0.wav,6,gun_shot,7,"[2, 6, 6]"
173891-9-0-1,/tmp\sound_datasets\urbansound8k\audio/fold7/173891-9-0-1.wav,9,street_music,7,"[3, 7, 9]"
71529-4-1-0,/tmp\sound_datasets\urbansound8k\audio/fold7/71529-4-1-0.wav,4,drilling,7,"[2, 4, 4]"
149193-5-0-5,/tmp\sound_datasets\urbansound8k\audio/fold7/149193-5-0-5.wav,5,engine_idling,7,"[1, 2, 5]"
105289-8-0-3,/tmp\sound_datasets\urbansound8k\audio/fold7/105289-8-0-3.wav,8,siren,7,"[1, 3, 8]"
196059-2-0-0,/tmp\sound_datasets\urbansound8k\audio/fold7/196059-2-0-0.wav,2,children_playing,7,"[0, 0, 2]"
102853-8-0-3,/tmp\sound_datasets\urbansound8k\audio/fold7/102853-8-0-3.wav,8,siren,7,"[1, 3, 8]"
74965-4-1-0,/tmp\sound_datasets\urbansound8k\audio/fold7/74965-4-1-0.wav,4,drilling,7,"[2, 4, 4]"
77770-9-0-20,/tmp\sound_datasets\urbansound8k\audio/fold7/77770-9-0-20.wav,9,street_music,7,"[3, 7, 9]"
165644-4-0-0,/tmp\sound_datasets\urbansound8k\audio/fold7/165644-4-0-0.wav,4,drilling,7,"[2, 4, 4]"
99812-1-0-1,/tmp\sound_datasets\urbansound8k\audio/fold7/99812-1-0-1.wav,1,car_horn,7,"[1, 2, 1]"
99812-1-0-0,/tmp\sound_datasets\urbansound8k\audio/fold7/99812-1-0-0.wav,1,car_horn,7,"[1, 2, 1]"
165644-4-0-1,/tmp\sound_datasets\urbansound8k\audio/fold7/165644-4-0-1.wav,4,drilling,7,"[2, 4, 4]"
81799-3-1-0,/tmp\sound_datasets\urbansound8k\audio/fold7/81799-3-1-0.wav,3,dog_bark,7,"[0, 1, 3]"
177729-0-0-108,/tmp\sound_datasets\urbansound8k\audio/fold7/177729-0-0-108.wav,0,air_conditioner,7,"[2, 5, 0]"
74965-4-1-1,/tmp\sound_datasets\urbansound8k\audio/fold7/74965-4-1-1.wav,4,drilling,7,"[2, 4, 4]"
102853-8-0-2,/tmp\sound_datasets\urbansound8k\audio/fold7/102853-8-0-2.wav,8,siren,7,"[1, 3, 8]"
177729-0-0-120,/tmp\sound_datasets\urbansound8k\audio/fold7/177729-0-0-120.wav,0,air_conditioner,7,"[2, 5, 0]"
77751-7-5-0,/tmp\sound_datasets\urbansound8k\audio/fold7/77751-7-5-0.wav,7,jackhammer,7,"[2, 4, 7]"
175296-2-0-123,/tmp\sound_datasets\urbansound8k\audio/fold7/175296-2-0-123.wav,2,children_playing,7,"[0, 0, 2]"
148827-6-4-0,/tmp\sound_datasets\urbansound8k\audio/fold7/148827-6-4-0.wav,6,gun_shot,7,"[2, 6, 6]"
196059-2-0-1,/tmp\sound_datasets\urbansound8k\audio/fold7/196059-2-0-1.wav,2,children_playing,7,"[0, 0, 2]"
155238-2-0-31,/tmp\sound_datasets\urbansound8k\audio/fold7/155238-2-0-31.wav,2,children_playing,7,"[0, 0, 2]"
71866-9-0-3,/tmp\sound_datasets\urbansound8k\audio/fold7/71866-9-0-3.wav,9,street_music,7,"[3, 7, 9]"
27216-3-0-21,/tmp\sound_datasets\urbansound8k\audio/fold7/27216-3-0-21.wav,3,dog_bark,7,"[0, 1, 3]"
105289-8-0-2,/tmp\sound_datasets\urbansound8k\audio/fold7/105289-8-0-2.wav,8,siren,7,"[1, 3, 8]"
149193-5-0-4,/tmp\sound_datasets\urbansound8k\audio/fold7/149193-5-0-4.wav,5,engine_idling,7,"[1, 2, 5]"
165529-2-0-3,/tmp\sound_datasets\urbansound8k\audio/fold7/165529-2-0-3.wav,2,children_playing,7,"[0, 0, 2]"
207216-2-0-137,/tmp\sound_datasets\urbansound8k\audio/fold7/207216-2-0-137.wav,2,children_playing,7,"[0, 0, 2]"
207216-2-0-22,/tmp\sound_datasets\urbansound8k\audio/fold7/207216-2-0-22.wav,2,children_playing,7,"[0, 0, 2]"
71529-4-1-1,/tmp\sound_datasets\urbansound8k\audio/fold7/71529-4-1-1.wav,4,drilling,7,"[2, 4, 4]"
71866-9-0-32,/tmp\sound_datasets\urbansound8k\audio/fold7/71866-9-0-32.wav,9,street_music,7,"[3, 7, 9]"
61503-2-0-7,/tmp\sound_datasets\urbansound8k\audio/fold7/61503-2-0-7.wav,2,children_playing,7,"[0, 0, 2]"
177537-7-1-8,/tmp\sound_datasets\urbansound8k\audio/fold7/177537-7-1-8.wav,7,jackhammer,7,"[2, 4, 7]"
105289-8-2-0,/tmp\sound_datasets\urbansound8k\audio/fold7/105289-8-2-0.wav,8,siren,7,"[1, 3, 8]"
107357-8-1-18,/tmp\sound_datasets\urbansound8k\audio/fold7/107357-8-1-18.wav,8,siren,7,"[1, 3, 8]"
177537-7-0-23,/tmp\sound_datasets\urbansound8k\audio/fold7/177537-7-0-23.wav,7,jackhammer,7,"[2, 4, 7]"
44737-5-0-0,/tmp\sound_datasets\urbansound8k\audio/fold7/44737-5-0-0.wav,5,engine_idling,7,"[1, 2, 5]"
104625-4-0-66,/tmp\sound_datasets\urbansound8k\audio/fold7/104625-4-0-66.wav,4,drilling,7,"[2, 4, 4]"
74850-9-0-5,/tmp\sound_datasets\urbansound8k\audio/fold7/74850-9-0-5.wav,9,street_music,7,"[3, 7, 9]"
77751-7-1-0,/tmp\sound_datasets\urbansound8k\audio/fold7/77751-7-1-0.wav,7,jackhammer,7,"[2, 4, 7]"
148827-6-0-0,/tmp\sound_datasets\urbansound8k\audio/fold7/148827-6-0-0.wav,6,gun_shot,7,"[2, 6, 6]"
209992-5-2-87,/tmp\sound_datasets\urbansound8k\audio/fold7/209992-5-2-87.wav,5,engine_idling,7,"[1, 2, 5]"
28385-9-0-44,/tmp\sound_datasets\urbansound8k\audio/fold7/28385-9-0-44.wav,9,street_music,7,"[3, 7, 9]"
65745-3-0-88,/tmp\sound_datasets\urbansound8k\audio/fold7/65745-3-0-88.wav,3,dog_bark,7,"[0, 1, 3]"
105289-8-2-4,/tmp\sound_datasets\urbansound8k\audio/fold7/105289-8-2-4.wav,8,siren,7,"[1, 3, 8]"
146845-0-0-33,/tmp\sound_datasets\urbansound8k\audio/fold7/146845-0-0-33.wav,0,air_conditioner,7,"[2, 5, 0]"
194754-3-0-0,/tmp\sound_datasets\urbansound8k\audio/fold7/194754-3-0-0.wav,3,dog_bark,7,"[0, 1, 3]"
177537-7-0-27,/tmp\sound_datasets\urbansound8k\audio/fold7/177537-7-0-27.wav,7,jackhammer,7,"[2, 4, 7]"
146845-0-0-27,/tmp\sound_datasets\urbansound8k\audio/fold7/146845-0-0-27.wav,0,air_conditioner,7,"[2, 5, 0]"
85362-3-3-0,/tmp\sound_datasets\urbansound8k\audio/fold7/85362-3-3-0.wav,3,dog_bark,7,"[0, 1, 3]"
61503-2-0-3,/tmp\sound_datasets\urbansound8k\audio/fold7/61503-2-0-3.wav,2,children_playing,7,"[0, 0, 2]"
71529-4-1-5,/tmp\sound_datasets\urbansound8k\audio/fold7/71529-4-1-5.wav,4,drilling,7,"[2, 4, 4]"
149193-5-0-0,/tmp\sound_datasets\urbansound8k\audio/fold7/149193-5-0-0.wav,5,engine_idling,7,"[1, 2, 5]"
99812-1-4-0,/tmp\sound_datasets\urbansound8k\audio/fold7/99812-1-4-0.wav,1,car_horn,7,"[1, 2, 1]"
164797-2-0-47,/tmp\sound_datasets\urbansound8k\audio/fold7/164797-2-0-47.wav,2,children_playing,7,"[0, 0, 2]"
24965-3-2-0,/tmp\sound_datasets\urbansound8k\audio/fold7/24965-3-2-0.wav,3,dog_bark,7,"[0, 1, 3]"
102853-8-0-6,/tmp\sound_datasets\urbansound8k\audio/fold7/102853-8-0-6.wav,8,siren,7,"[1, 3, 8]"
159708-6-3-0,/tmp\sound_datasets\urbansound8k\audio/fold7/159708-6-3-0.wav,6,gun_shot,7,"[2, 6, 6]"
110918-3-0-26,/tmp\sound_datasets\urbansound8k\audio/fold7/110918-3-0-26.wav,3,dog_bark,7,"[0, 1, 3]"
168846-5-0-2,/tmp\sound_datasets\urbansound8k\audio/fold7/168846-5-0-2.wav,5,engine_idling,7,"[1, 2, 5]"
27216-3-0-18,/tmp\sound_datasets\urbansound8k\audio/fold7/27216-3-0-18.wav,3,dog_bark,7,"[0, 1, 3]"
71866-9-0-23,/tmp\sound_datasets\urbansound8k\audio/fold7/71866-9-0-23.wav,9,street_music,7,"[3, 7, 9]"
165529-2-0-6,/tmp\sound_datasets\urbansound8k\audio/fold7/165529-2-0-6.wav,2,children_playing,7,"[0, 0, 2]"
149193-5-0-1,/tmp\sound_datasets\urbansound8k\audio/fold7/149193-5-0-1.wav,5,engine_idling,7,"[1, 2, 5]"
57596-3-1-0,/tmp\sound_datasets\urbansound8k\audio/fold7/57596-3-1-0.wav,3,dog_bark,7,"[0, 1, 3]"
27216-3-0-24,/tmp\sound_datasets\urbansound8k\audio/fold7/27216-3-0-24.wav,3,dog_bark,7,"[0, 1, 3]"
71529-4-1-4,/tmp\sound_datasets\urbansound8k\audio/fold7/71529-4-1-4.wav,4,drilling,7,"[2, 4, 4]"
6902-2-0-26,/tmp\sound_datasets\urbansound8k\audio/fold7/6902-2-0-26.wav,2,children_playing,7,"[0, 0, 2]"
66619-2-0-22,/tmp\sound_datasets\urbansound8k\audio/fold7/66619-2-0-22.wav,2,children_playing,7,"[0, 0, 2]"
61503-2-0-2,/tmp\sound_datasets\urbansound8k\audio/fold7/61503-2-0-2.wav,2,children_playing,7,"[0, 0, 2]"
177537-7-0-26,/tmp\sound_datasets\urbansound8k\audio/fold7/177537-7-0-26.wav,7,jackhammer,7,"[2, 4, 7]"
194754-3-0-1,/tmp\sound_datasets\urbansound8k\audio/fold7/194754-3-0-1.wav,3,dog_bark,7,"[0, 1, 3]"
209992-5-2-79,/tmp\sound_datasets\urbansound8k\audio/fold7/209992-5-2-79.wav,5,engine_idling,7,"[1, 2, 5]"
146845-0-0-26,/tmp\sound_datasets\urbansound8k\audio/fold7/146845-0-0-26.wav,0,air_conditioner,7,"[2, 5, 0]"
146845-0-0-32,/tmp\sound_datasets\urbansound8k\audio/fold7/146845-0-0-32.wav,0,air_conditioner,7,"[2, 5, 0]"
14772-7-8-0,/tmp\sound_datasets\urbansound8k\audio/fold7/14772-7-8-0.wav,7,jackhammer,7,"[2, 4, 7]"
183894-1-5-0,/tmp\sound_datasets\urbansound8k\audio/fold7/183894-1-5-0.wav,1,car_horn,7,"[1, 2, 1]"
105289-8-2-5,/tmp\sound_datasets\urbansound8k\audio/fold7/105289-8-2-5.wav,8,siren,7,"[1, 3, 8]"
77751-7-1-1,/tmp\sound_datasets\urbansound8k\audio/fold7/77751-7-1-1.wav,7,jackhammer,7,"[2, 4, 7]"
135527-6-14-8,/tmp\sound_datasets\urbansound8k\audio/fold7/135527-6-14-8.wav,6,gun_shot,7,"[2, 6, 6]"
105289-8-2-7,/tmp\sound_datasets\urbansound8k\audio/fold7/105289-8-2-7.wav,8,siren,7,"[1, 3, 8]"
146845-0-0-18,/tmp\sound_datasets\urbansound8k\audio/fold7/146845-0-0-18.wav,0,air_conditioner,7,"[2, 5, 0]"
177537-7-0-18,/tmp\sound_datasets\urbansound8k\audio/fold7/177537-7-0-18.wav,7,jackhammer,7,"[2, 4, 7]"
201988-5-0-18,/tmp\sound_datasets\urbansound8k\audio/fold7/201988-5-0-18.wav,5,engine_idling,7,"[1, 2, 5]"
146845-0-0-24,/tmp\sound_datasets\urbansound8k\audio/fold7/146845-0-0-24.wav,0,air_conditioner,7,"[2, 5, 0]"
177537-7-0-24,/tmp\sound_datasets\urbansound8k\audio/fold7/177537-7-0-24.wav,7,jackhammer,7,"[2, 4, 7]"
177537-7-0-30,/tmp\sound_datasets\urbansound8k\audio/fold7/177537-7-0-30.wav,7,jackhammer,7,"[2, 4, 7]"
146845-0-0-30,/tmp\sound_datasets\urbansound8k\audio/fold7/146845-0-0-30.wav,0,air_conditioner,7,"[2, 5, 0]"
61503-2-0-0,/tmp\sound_datasets\urbansound8k\audio/fold7/61503-2-0-0.wav,2,children_playing,7,"[0, 0, 2]"
77770-9-0-9,/tmp\sound_datasets\urbansound8k\audio/fold7/77770-9-0-9.wav,9,street_music,7,"[3, 7, 9]"
189981-0-0-9,/tmp\sound_datasets\urbansound8k\audio/fold7/189981-0-0-9.wav,0,air_conditioner,7,"[2, 5, 0]"
183894-1-7-0,/tmp\sound_datasets\urbansound8k\audio/fold7/183894-1-7-0.wav,1,car_horn,7,"[1, 2, 1]"
149193-5-0-3,/tmp\sound_datasets\urbansound8k\audio/fold7/149193-5-0-3.wav,5,engine_idling,7,"[1, 2, 5]"
105289-8-0-5,/tmp\sound_datasets\urbansound8k\audio/fold7/105289-8-0-5.wav,8,siren,7,"[1, 3, 8]"
207216-2-0-130,/tmp\sound_datasets\urbansound8k\audio/fold7/207216-2-0-130.wav,2,children_playing,7,"[0, 0, 2]"
71529-4-1-6,/tmp\sound_datasets\urbansound8k\audio/fold7/71529-4-1-6.wav,4,drilling,7,"[2, 4, 4]"
183992-3-0-10,/tmp\sound_datasets\urbansound8k\audio/fold7/183992-3-0-10.wav,3,dog_bark,7,"[0, 1, 3]"
71866-9-0-21,/tmp\sound_datasets\urbansound8k\audio/fold7/71866-9-0-21.wav,9,street_music,7,"[3, 7, 9]"
164797-2-0-50,/tmp\sound_datasets\urbansound8k\audio/fold7/164797-2-0-50.wav,2,children_playing,7,"[0, 0, 2]"
173891-9-0-7,/tmp\sound_datasets\urbansound8k\audio/fold7/173891-9-0-7.wav,9,street_music,7,"[3, 7, 9]"
164797-2-0-44,/tmp\sound_datasets\urbansound8k\audio/fold7/164797-2-0-44.wav,2,children_playing,7,"[0, 0, 2]"
6902-2-0-18,/tmp\sound_datasets\urbansound8k\audio/fold7/6902-2-0-18.wav,2,children_playing,7,"[0, 0, 2]"
186936-5-0-0,/tmp\sound_datasets\urbansound8k\audio/fold7/186936-5-0-0.wav,5,engine_idling,7,"[1, 2, 5]"
171184-9-0-17,/tmp\sound_datasets\urbansound8k\audio/fold7/171184-9-0-17.wav,9,street_music,7,"[3, 7, 9]"
155238-2-0-36,/tmp\sound_datasets\urbansound8k\audio/fold7/155238-2-0-36.wav,2,children_playing,7,"[0, 0, 2]"
50629-4-4-9,/tmp\sound_datasets\urbansound8k\audio/fold7/50629-4-4-9.wav,4,drilling,7,"[2, 4, 4]"
165192-9-0-5,/tmp\sound_datasets\urbansound8k\audio/fold7/165192-9-0-5.wav,9,street_music,7,"[3, 7, 9]"
102853-8-0-5,/tmp\sound_datasets\urbansound8k\audio/fold7/102853-8-0-5.wav,8,siren,7,"[1, 3, 8]"
115242-9-0-14,/tmp\sound_datasets\urbansound8k\audio/fold7/115242-9-0-14.wav,9,street_music,7,"[3, 7, 9]"
168846-5-0-0,/tmp\sound_datasets\urbansound8k\audio/fold7/168846-5-0-0.wav,5,engine_idling,7,"[1, 2, 5]"
168846-5-0-1,/tmp\sound_datasets\urbansound8k\audio/fold7/168846-5-0-1.wav,5,engine_idling,7,"[1, 2, 5]"
102853-8-0-4,/tmp\sound_datasets\urbansound8k\audio/fold7/102853-8-0-4.wav,8,siren,7,"[1, 3, 8]"
24965-3-0-0,/tmp\sound_datasets\urbansound8k\audio/fold7/24965-3-0-0.wav,3,dog_bark,7,"[0, 1, 3]"
135527-6-8-0,/tmp\sound_datasets\urbansound8k\audio/fold7/135527-6-8-0.wav,6,gun_shot,7,"[2, 6, 6]"
165192-9-0-76,/tmp\sound_datasets\urbansound8k\audio/fold7/165192-9-0-76.wav,9,street_music,7,"[3, 7, 9]"
158593-2-0-8,/tmp\sound_datasets\urbansound8k\audio/fold7/158593-2-0-8.wav,2,children_playing,7,"[0, 0, 2]"
98525-8-0-0,/tmp\sound_datasets\urbansound8k\audio/fold7/98525-8-0-0.wav,8,siren,7,"[1, 3, 8]"
21683-9-0-34,/tmp\sound_datasets\urbansound8k\audio/fold7/21683-9-0-34.wav,9,street_music,7,"[3, 7, 9]"
50629-4-4-8,/tmp\sound_datasets\urbansound8k\audio/fold7/50629-4-4-8.wav,4,drilling,7,"[2, 4, 4]"
177729-0-0-38,/tmp\sound_datasets\urbansound8k\audio/fold7/177729-0-0-38.wav,0,air_conditioner,7,"[2, 5, 0]"
159708-6-1-0,/tmp\sound_datasets\urbansound8k\audio/fold7/159708-6-1-0.wav,6,gun_shot,7,"[2, 6, 6]"
186936-5-0-1,/tmp\sound_datasets\urbansound8k\audio/fold7/186936-5-0-1.wav,5,engine_idling,7,"[1, 2, 5]"
104625-4-1-20,/tmp\sound_datasets\urbansound8k\audio/fold7/104625-4-1-20.wav,4,drilling,7,"[2, 4, 4]"
207216-2-0-119,/tmp\sound_datasets\urbansound8k\audio/fold7/207216-2-0-119.wav,2,children_playing,7,"[0, 0, 2]"
155299-3-0-1,/tmp\sound_datasets\urbansound8k\audio/fold7/155299-3-0-1.wav,3,dog_bark,7,"[0, 1, 3]"
105289-8-0-4,/tmp\sound_datasets\urbansound8k\audio/fold7/105289-8-0-4.wav,8,siren,7,"[1, 3, 8]"
149193-5-0-2,/tmp\sound_datasets\urbansound8k\audio/fold7/149193-5-0-2.wav,5,engine_idling,7,"[1, 2, 5]"
164797-2-0-8,/tmp\sound_datasets\urbansound8k\audio/fold7/164797-2-0-8.wav,2,children_playing,7,"[0, 0, 2]"
189981-0-0-8,/tmp\sound_datasets\urbansound8k\audio/fold7/189981-0-0-8.wav,0,air_conditioner,7,"[2, 5, 0]"
77751-7-3-0,/tmp\sound_datasets\urbansound8k\audio/fold7/77751-7-3-0.wav,7,jackhammer,7,"[2, 4, 7]"
77770-9-0-8,/tmp\sound_datasets\urbansound8k\audio/fold7/77770-9-0-8.wav,9,street_music,7,"[3, 7, 9]"
148827-6-2-0,/tmp\sound_datasets\urbansound8k\audio/fold7/148827-6-2-0.wav,6,gun_shot,7,"[2, 6, 6]"
99812-1-6-0,/tmp\sound_datasets\urbansound8k\audio/fold7/99812-1-6-0.wav,1,car_horn,7,"[1, 2, 1]"
177537-7-0-31,/tmp\sound_datasets\urbansound8k\audio/fold7/177537-7-0-31.wav,7,jackhammer,7,"[2, 4, 7]"
146845-0-0-31,/tmp\sound_datasets\urbansound8k\audio/fold7/146845-0-0-31.wav,0,air_conditioner,7,"[2, 5, 0]"
155238-2-0-3,/tmp\sound_datasets\urbansound8k\audio/fold7/155238-2-0-3.wav,2,children_playing,7,"[0, 0, 2]"
146845-0-0-25,/tmp\sound_datasets\urbansound8k\audio/fold7/146845-0-0-25.wav,0,air_conditioner,7,"[2, 5, 0]"
177537-7-0-25,/tmp\sound_datasets\urbansound8k\audio/fold7/177537-7-0-25.wav,7,jackhammer,7,"[2, 4, 7]"
194754-3-0-2,/tmp\sound_datasets\urbansound8k\audio/fold7/194754-3-0-2.wav,3,dog_bark,7,"[0, 1, 3]"
28385-9-0-46,/tmp\sound_datasets\urbansound8k\audio/fold7/28385-9-0-46.wav,9,street_music,7,"[3, 7, 9]"
201988-5-0-19,/tmp\sound_datasets\urbansound8k\audio/fold7/201988-5-0-19.wav,5,engine_idling,7,"[1, 2, 5]"
123685-5-0-8,/tmp\sound_datasets\urbansound8k\audio/fold7/123685-5-0-8.wav,5,engine_idling,7,"[1, 2, 5]"
146845-0-0-19,/tmp\sound_datasets\urbansound8k\audio/fold7/146845-0-0-19.wav,0,air_conditioner,7,"[2, 5, 0]"
105289-8-2-6,/tmp\sound_datasets\urbansound8k\audio/fold7/105289-8-2-6.wav,8,siren,7,"[1, 3, 8]"
177537-7-0-19,/tmp\sound_datasets\urbansound8k\audio/fold7/177537-7-0-19.wav,7,jackhammer,7,"[2, 4, 7]"
135527-6-14-9,/tmp\sound_datasets\urbansound8k\audio/fold7/135527-6-14-9.wav,6,gun_shot,7,"[2, 6, 6]"
65745-3-0-61,/tmp\sound_datasets\urbansound8k\audio/fold7/65745-3-0-61.wav,3,dog_bark,7,"[0, 1, 3]"
209992-5-2-91,/tmp\sound_datasets\urbansound8k\audio/fold7/209992-5-2-91.wav,5,engine_idling,7,"[1, 2, 5]"
85362-3-1-0,/tmp\sound_datasets\urbansound8k\audio/fold7/85362-3-1-0.wav,3,dog_bark,7,"[0, 1, 3]"
104625-4-0-48,/tmp\sound_datasets\urbansound8k\audio/fold7/104625-4-0-48.wav,4,drilling,7,"[2, 4, 4]"
65745-3-0-49,/tmp\sound_datasets\urbansound8k\audio/fold7/65745-3-0-49.wav,3,dog_bark,7,"[0, 1, 3]"
74965-4-0-0,/tmp\sound_datasets\urbansound8k\audio/fold7/74965-4-0-0.wav,4,drilling,7,"[2, 4, 4]"
168846-5-1-6,/tmp\sound_datasets\urbansound8k\audio/fold7/168846-5-1-6.wav,5,engine_idling,7,"[1, 2, 5]"
81799-3-0-1,/tmp\sound_datasets\urbansound8k\audio/fold7/81799-3-0-1.wav,3,dog_bark,7,"[0, 1, 3]"
168846-5-1-12,/tmp\sound_datasets\urbansound8k\audio/fold7/168846-5-1-12.wav,5,engine_idling,7,"[1, 2, 5]"
74850-9-0-18,/tmp\sound_datasets\urbansound8k\audio/fold7/74850-9-0-18.wav,9,street_music,7,"[3, 7, 9]"
127443-4-0-3,/tmp\sound_datasets\urbansound8k\audio/fold7/127443-4-0-3.wav,4,drilling,7,"[2, 4, 4]"
207216-2-0-43,/tmp\sound_datasets\urbansound8k\audio/fold7/207216-2-0-43.wav,2,children_playing,7,"[0, 0, 2]"
177537-7-0-9,/tmp\sound_datasets\urbansound8k\audio/fold7/177537-7-0-9.wav,7,jackhammer,7,"[2, 4, 7]"
7060-6-1-0,/tmp\sound_datasets\urbansound8k\audio/fold7/7060-6-1-0.wav,6,gun_shot,7,"[2, 6, 6]"
146845-0-0-7,/tmp\sound_datasets\urbansound8k\audio/fold7/146845-0-0-7.wav,0,air_conditioner,7,"[2, 5, 0]"
177729-0-0-63,/tmp\sound_datasets\urbansound8k\audio/fold7/177729-0-0-63.wav,0,air_conditioner,7,"[2, 5, 0]"
202516-0-0-9,/tmp\sound_datasets\urbansound8k\audio/fold7/202516-0-0-9.wav,0,air_conditioner,7,"[2, 5, 0]"
71529-4-0-0,/tmp\sound_datasets\urbansound8k\audio/fold7/71529-4-0-0.wav,4,drilling,7,"[2, 4, 4]"
165529-2-0-18,/tmp\sound_datasets\urbansound8k\audio/fold7/165529-2-0-18.wav,2,children_playing,7,"[0, 0, 2]"
105289-8-1-3,/tmp\sound_datasets\urbansound8k\audio/fold7/105289-8-1-3.wav,8,siren,7,"[1, 3, 8]"
57323-8-0-7,/tmp\sound_datasets\urbansound8k\audio/fold7/57323-8-0-7.wav,8,siren,7,"[1, 3, 8]"
175296-2-0-76,/tmp\sound_datasets\urbansound8k\audio/fold7/175296-2-0-76.wav,2,children_playing,7,"[0, 0, 2]"
89443-9-0-50,/tmp\sound_datasets\urbansound8k\audio/fold7/89443-9-0-50.wav,9,street_music,7,"[3, 7, 9]"
57323-8-0-6,/tmp\sound_datasets\urbansound8k\audio/fold7/57323-8-0-6.wav,8,siren,7,"[1, 3, 8]"
105289-8-1-2,/tmp\sound_datasets\urbansound8k\audio/fold7/105289-8-1-2.wav,8,siren,7,"[1, 3, 8]"
71529-4-0-1,/tmp\sound_datasets\urbansound8k\audio/fold7/71529-4-0-1.wav,4,drilling,7,"[2, 4, 4]"
159708-6-6-0,/tmp\sound_datasets\urbansound8k\audio/fold7/159708-6-6-0.wav,6,gun_shot,7,"[2, 6, 6]"
202516-0-0-8,/tmp\sound_datasets\urbansound8k\audio/fold7/202516-0-0-8.wav,0,air_conditioner,7,"[2, 5, 0]"
177729-0-0-89,/tmp\sound_datasets\urbansound8k\audio/fold7/177729-0-0-89.wav,0,air_conditioner,7,"[2, 5, 0]"
146845-0-0-6,/tmp\sound_datasets\urbansound8k\audio/fold7/146845-0-0-6.wav,0,air_conditioner,7,"[2, 5, 0]"
177537-7-0-8,/tmp\sound_datasets\urbansound8k\audio/fold7/177537-7-0-8.wav,7,jackhammer,7,"[2, 4, 7]"
127443-4-0-2,/tmp\sound_datasets\urbansound8k\audio/fold7/127443-4-0-2.wav,4,drilling,7,"[2, 4, 4]"
77751-7-4-0,/tmp\sound_datasets\urbansound8k\audio/fold7/77751-7-4-0.wav,7,jackhammer,7,"[2, 4, 7]"
34871-3-6-0,/tmp\sound_datasets\urbansound8k\audio/fold7/34871-3-6-0.wav,3,dog_bark,7,"[0, 1, 3]"
168846-5-1-13,/tmp\sound_datasets\urbansound8k\audio/fold7/168846-5-1-13.wav,5,engine_idling,7,"[1, 2, 5]"
81799-3-0-0,/tmp\sound_datasets\urbansound8k\audio/fold7/81799-3-0-0.wav,3,dog_bark,7,"[0, 1, 3]"
99812-1-1-0,/tmp\sound_datasets\urbansound8k\audio/fold7/99812-1-1-0.wav,1,car_horn,7,"[1, 2, 1]"
168846-5-1-7,/tmp\sound_datasets\urbansound8k\audio/fold7/168846-5-1-7.wav,5,engine_idling,7,"[1, 2, 5]"
74965-4-0-1,/tmp\sound_datasets\urbansound8k\audio/fold7/74965-4-0-1.wav,4,drilling,7,"[2, 4, 4]"
192236-3-0-6,/tmp\sound_datasets\urbansound8k\audio/fold7/192236-3-0-6.wav,3,dog_bark,7,"[0, 1, 3]"
102853-8-1-0,/tmp\sound_datasets\urbansound8k\audio/fold7/102853-8-1-0.wav,8,siren,7,"[1, 3, 8]"
74965-4-0-3,/tmp\sound_datasets\urbansound8k\audio/fold7/74965-4-0-3.wav,4,drilling,7,"[2, 4, 4]"
77751-7-6-0,/tmp\sound_datasets\urbansound8k\audio/fold7/77751-7-6-0.wav,7,jackhammer,7,"[2, 4, 7]"
27216-3-0-9,/tmp\sound_datasets\urbansound8k\audio/fold7/27216-3-0-9.wav,3,dog_bark,7,"[0, 1, 3]"
192236-3-0-4,/tmp\sound_datasets\urbansound8k\audio/fold7/192236-3-0-4.wav,3,dog_bark,7,"[0, 1, 3]"
83488-1-0-0,/tmp\sound_datasets\urbansound8k\audio/fold7/83488-1-0-0.wav,1,car_horn,7,"[1, 2, 1]"
35382-0-0-0,/tmp\sound_datasets\urbansound8k\audio/fold7/35382-0-0-0.wav,0,air_conditioner,7,"[2, 5, 0]"
168846-5-1-5,/tmp\sound_datasets\urbansound8k\audio/fold7/168846-5-1-5.wav,5,engine_idling,7,"[1, 2, 5]"
168846-5-1-11,/tmp\sound_datasets\urbansound8k\audio/fold7/168846-5-1-11.wav,5,engine_idling,7,"[1, 2, 5]"
116485-3-2-0,/tmp\sound_datasets\urbansound8k\audio/fold7/116485-3-2-0.wav,3,dog_bark,7,"[0, 1, 3]"
74850-9-0-27,/tmp\sound_datasets\urbansound8k\audio/fold7/74850-9-0-27.wav,9,street_music,7,"[3, 7, 9]"
99812-1-3-0,/tmp\sound_datasets\urbansound8k\audio/fold7/99812-1-3-0.wav,1,car_horn,7,"[1, 2, 1]"
127443-4-0-0,/tmp\sound_datasets\urbansound8k\audio/fold7/127443-4-0-0.wav,4,drilling,7,"[2, 4, 4]"
175296-2-0-3,/tmp\sound_datasets\urbansound8k\audio/fold7/175296-2-0-3.wav,2,children_playing,7,"[0, 0, 2]"
155238-2-0-47,/tmp\sound_datasets\urbansound8k\audio/fold7/155238-2-0-47.wav,2,children_playing,7,"[0, 0, 2]"
209992-5-2-138,/tmp\sound_datasets\urbansound8k\audio/fold7/209992-5-2-138.wav,5,engine_idling,7,"[1, 2, 5]"
177729-0-0-74,/tmp\sound_datasets\urbansound8k\audio/fold7/177729-0-0-74.wav,0,air_conditioner,7,"[2, 5, 0]"
49313-2-0-20,/tmp\sound_datasets\urbansound8k\audio/fold7/49313-2-0-20.wav,2,children_playing,7,"[0, 0, 2]"
105289-8-1-0,/tmp\sound_datasets\urbansound8k\audio/fold7/105289-8-1-0.wav,8,siren,7,"[1, 3, 8]"
50454-5-0-0,/tmp\sound_datasets\urbansound8k\audio/fold7/50454-5-0-0.wav,5,engine_idling,7,"[1, 2, 5]"
84143-2-0-15,/tmp\sound_datasets\urbansound8k\audio/fold7/84143-2-0-15.wav,2,children_playing,7,"[0, 0, 2]"
57323-8-0-4,/tmp\sound_datasets\urbansound8k\audio/fold7/57323-8-0-4.wav,8,siren,7,"[1, 3, 8]"
27217-3-0-13,/tmp\sound_datasets\urbansound8k\audio/fold7/27217-3-0-13.wav,3,dog_bark,7,"[0, 1, 3]"
50629-4-1-8,/tmp\sound_datasets\urbansound8k\audio/fold7/50629-4-1-8.wav,4,drilling,7,"[2, 4, 4]"
110918-3-0-40,/tmp\sound_datasets\urbansound8k\audio/fold7/110918-3-0-40.wav,3,dog_bark,7,"[0, 1, 3]"
159708-6-4-0,/tmp\sound_datasets\urbansound8k\audio/fold7/159708-6-4-0.wav,6,gun_shot,7,"[2, 6, 6]"
50629-4-1-9,/tmp\sound_datasets\urbansound8k\audio/fold7/50629-4-1-9.wav,4,drilling,7,"[2, 4, 4]"
57323-8-0-5,/tmp\sound_datasets\urbansound8k\audio/fold7/57323-8-0-5.wav,8,siren,7,"[1, 3, 8]"
84143-2-0-14,/tmp\sound_datasets\urbansound8k\audio/fold7/84143-2-0-14.wav,2,children_playing,7,"[0, 0, 2]"
115242-9-0-70,/tmp\sound_datasets\urbansound8k\audio/fold7/115242-9-0-70.wav,9,street_music,7,"[3, 7, 9]"
107357-8-0-8,/tmp\sound_datasets\urbansound8k\audio/fold7/107357-8-0-8.wav,8,siren,7,"[1, 3, 8]"
209992-5-2-8,/tmp\sound_datasets\urbansound8k\audio/fold7/209992-5-2-8.wav,5,engine_idling,7,"[1, 2, 5]"
71529-4-0-2,/tmp\sound_datasets\urbansound8k\audio/fold7/71529-4-0-2.wav,4,drilling,7,"[2, 4, 4]"
105289-8-1-1,/tmp\sound_datasets\urbansound8k\audio/fold7/105289-8-1-1.wav,8,siren,7,"[1, 3, 8]"
21683-9-0-45,/tmp\sound_datasets\urbansound8k\audio/fold7/21683-9-0-45.wav,9,street_music,7,"[3, 7, 9]"
175296-2-0-140,/tmp\sound_datasets\urbansound8k\audio/fold7/175296-2-0-140.wav,2,children_playing,7,"[0, 0, 2]"
146845-0-0-5,/tmp\sound_datasets\urbansound8k\audio/fold7/146845-0-0-5.wav,0,air_conditioner,7,"[2, 5, 0]"
127443-4-0-1,/tmp\sound_datasets\urbansound8k\audio/fold7/127443-4-0-1.wav,4,drilling,7,"[2, 4, 4]"
168846-5-1-10,/tmp\sound_datasets\urbansound8k\audio/fold7/168846-5-1-10.wav,5,engine_idling,7,"[1, 2, 5]"
49313-2-0-9,/tmp\sound_datasets\urbansound8k\audio/fold7/49313-2-0-9.wav,2,children_playing,7,"[0, 0, 2]"
35382-0-0-1,/tmp\sound_datasets\urbansound8k\audio/fold7/35382-0-0-1.wav,0,air_conditioner,7,"[2, 5, 0]"
85662-3-0-0,/tmp\sound_datasets\urbansound8k\audio/fold7/85662-3-0-0.wav,3,dog_bark,7,"[0, 1, 3]"
168846-5-1-4,/tmp\sound_datasets\urbansound8k\audio/fold7/168846-5-1-4.wav,5,engine_idling,7,"[1, 2, 5]"
81788-2-0-12,/tmp\sound_datasets\urbansound8k\audio/fold7/81788-2-0-12.wav,2,children_playing,7,"[0, 0, 2]"
74965-4-0-2,/tmp\sound_datasets\urbansound8k\audio/fold7/74965-4-0-2.wav,4,drilling,7,"[2, 4, 4]"
104625-4-0-29,/tmp\sound_datasets\urbansound8k\audio/fold7/104625-4-0-29.wav,4,drilling,7,"[2, 4, 4]"
127443-4-0-10,/tmp\sound_datasets\urbansound8k\audio/fold7/127443-4-0-10.wav,4,drilling,7,"[2, 4, 4]"
171165-9-0-103,/tmp\sound_datasets\urbansound8k\audio/fold7/171165-9-0-103.wav,9,street_music,7,"[3, 7, 9]"
110918-3-0-1,/tmp\sound_datasets\urbansound8k\audio/fold7/110918-3-0-1.wav,3,dog_bark,7,"[0, 1, 3]"
104625-4-0-15,/tmp\sound_datasets\urbansound8k\audio/fold7/104625-4-0-15.wav,4,drilling,7,"[2, 4, 4]"
28385-9-0-33,/tmp\sound_datasets\urbansound8k\audio/fold7/28385-9-0-33.wav,9,street_music,7,"[3, 7, 9]"
81788-2-0-16,/tmp\sound_datasets\urbansound8k\audio/fold7/81788-2-0-16.wav,2,children_playing,7,"[0, 0, 2]"
168846-5-1-0,/tmp\sound_datasets\urbansound8k\audio/fold7/168846-5-1-0.wav,5,engine_idling,7,"[1, 2, 5]"
74850-9-0-22,/tmp\sound_datasets\urbansound8k\audio/fold7/74850-9-0-22.wav,9,street_music,7,"[3, 7, 9]"
82024-3-0-8,/tmp\sound_datasets\urbansound8k\audio/fold7/82024-3-0-8.wav,3,dog_bark,7,"[0, 1, 3]"
89209-3-0-0,/tmp\sound_datasets\urbansound8k\audio/fold7/89209-3-0-0.wav,3,dog_bark,7,"[0, 1, 3]"
168846-5-1-14,/tmp\sound_datasets\urbansound8k\audio/fold7/168846-5-1-14.wav,5,engine_idling,7,"[1, 2, 5]"
127443-4-0-5,/tmp\sound_datasets\urbansound8k\audio/fold7/127443-4-0-5.wav,4,drilling,7,"[2, 4, 4]"
62878-8-0-0,/tmp\sound_datasets\urbansound8k\audio/fold7/62878-8-0-0.wav,8,siren,7,"[1, 3, 8]"
146845-0-0-1,/tmp\sound_datasets\urbansound8k\audio/fold7/146845-0-0-1.wav,0,air_conditioner,7,"[2, 5, 0]"
183894-1-6-0,/tmp\sound_datasets\urbansound8k\audio/fold7/183894-1-6-0.wav,1,car_horn,7,"[1, 2, 1]"
177537-7-1-10,/tmp\sound_datasets\urbansound8k\audio/fold7/177537-7-1-10.wav,7,jackhammer,7,"[2, 4, 7]"
155299-3-1-0,/tmp\sound_datasets\urbansound8k\audio/fold7/155299-3-1-0.wav,3,dog_bark,7,"[0, 1, 3]"
209992-5-2-115,/tmp\sound_datasets\urbansound8k\audio/fold7/209992-5-2-115.wav,5,engine_idling,7,"[1, 2, 5]"
518-4-0-0,/tmp\sound_datasets\urbansound8k\audio/fold7/518-4-0-0.wav,4,drilling,7,"[2, 4, 4]"
84143-2-0-38,/tmp\sound_datasets\urbansound8k\audio/fold7/84143-2-0-38.wav,2,children_playing,7,"[0, 0, 2]"
57323-8-0-1,/tmp\sound_datasets\urbansound8k\audio/fold7/57323-8-0-1.wav,8,siren,7,"[1, 3, 8]"
84143-2-0-10,/tmp\sound_datasets\urbansound8k\audio/fold7/84143-2-0-10.wav,2,children_playing,7,"[0, 0, 2]"
104625-4-0-3,/tmp\sound_datasets\urbansound8k\audio/fold7/104625-4-0-3.wav,4,drilling,7,"[2, 4, 4]"
101848-9-0-0,/tmp\sound_datasets\urbansound8k\audio/fold7/101848-9-0-0.wav,9,street_music,7,"[3, 7, 9]"
101848-9-0-1,/tmp\sound_datasets\urbansound8k\audio/fold7/101848-9-0-1.wav,9,street_music,7,"[3, 7, 9]"
85362-3-0-0,/tmp\sound_datasets\urbansound8k\audio/fold7/85362-3-0-0.wav,3,dog_bark,7,"[0, 1, 3]"
57323-8-0-0,/tmp\sound_datasets\urbansound8k\audio/fold7/57323-8-0-0.wav,8,siren,7,"[1, 3, 8]"
49313-2-0-30,/tmp\sound_datasets\urbansound8k\audio/fold7/49313-2-0-30.wav,2,children_playing,7,"[0, 0, 2]"
518-4-0-1,/tmp\sound_datasets\urbansound8k\audio/fold7/518-4-0-1.wav,4,drilling,7,"[2, 4, 4]"
155299-3-1-1,/tmp\sound_datasets\urbansound8k\audio/fold7/155299-3-1-1.wav,3,dog_bark,7,"[0, 1, 3]"
209992-5-2-114,/tmp\sound_datasets\urbansound8k\audio/fold7/209992-5-2-114.wav,5,engine_idling,7,"[1, 2, 5]"
105289-8-1-4,/tmp\sound_datasets\urbansound8k\audio/fold7/105289-8-1-4.wav,8,siren,7,"[1, 3, 8]"
209992-5-2-100,/tmp\sound_datasets\urbansound8k\audio/fold7/209992-5-2-100.wav,5,engine_idling,7,"[1, 2, 5]"
177729-0-0-58,/tmp\sound_datasets\urbansound8k\audio/fold7/177729-0-0-58.wav,0,air_conditioner,7,"[2, 5, 0]"
77751-7-2-0,/tmp\sound_datasets\urbansound8k\audio/fold7/77751-7-2-0.wav,7,jackhammer,7,"[2, 4, 7]"
146845-0-0-0,/tmp\sound_datasets\urbansound8k\audio/fold7/146845-0-0-0.wav,0,air_conditioner,7,"[2, 5, 0]"
62878-8-0-1,/tmp\sound_datasets\urbansound8k\audio/fold7/62878-8-0-1.wav,8,siren,7,"[1, 3, 8]"
148827-6-3-0,/tmp\sound_datasets\urbansound8k\audio/fold7/148827-6-3-0.wav,6,gun_shot,7,"[2, 6, 6]"
127443-4-0-4,/tmp\sound_datasets\urbansound8k\audio/fold7/127443-4-0-4.wav,4,drilling,7,"[2, 4, 4]"
159708-6-0-0,/tmp\sound_datasets\urbansound8k\audio/fold7/159708-6-0-0.wav,6,gun_shot,7,"[2, 6, 6]"
171165-9-0-15,/tmp\sound_datasets\urbansound8k\audio/fold7/171165-9-0-15.wav,9,street_music,7,"[3, 7, 9]"
116485-3-2-4,/tmp\sound_datasets\urbansound8k\audio/fold7/116485-3-2-4.wav,3,dog_bark,7,"[0, 1, 3]"
168846-5-1-1,/tmp\sound_datasets\urbansound8k\audio/fold7/168846-5-1-1.wav,5,engine_idling,7,"[1, 2, 5]"
28385-9-0-32,/tmp\sound_datasets\urbansound8k\audio/fold7/28385-9-0-32.wav,9,street_music,7,"[3, 7, 9]"
209992-5-2-26,/tmp\sound_datasets\urbansound8k\audio/fold7/209992-5-2-26.wav,5,engine_idling,7,"[1, 2, 5]"
135527-6-9-0,/tmp\sound_datasets\urbansound8k\audio/fold7/135527-6-9-0.wav,6,gun_shot,7,"[2, 6, 6]"
24965-3-1-0,/tmp\sound_datasets\urbansound8k\audio/fold7/24965-3-1-0.wav,3,dog_bark,7,"[0, 1, 3]"
127443-4-0-11,/tmp\sound_datasets\urbansound8k\audio/fold7/127443-4-0-11.wav,4,drilling,7,"[2, 4, 4]"
116485-3-0-6,/tmp\sound_datasets\urbansound8k\audio/fold7/116485-3-0-6.wav,3,dog_bark,7,"[0, 1, 3]"
192236-3-0-2,/tmp\sound_datasets\urbansound8k\audio/fold7/192236-3-0-2.wav,3,dog_bark,7,"[0, 1, 3]"
116485-3-0-4,/tmp\sound_datasets\urbansound8k\audio/fold7/116485-3-0-4.wav,3,dog_bark,7,"[0, 1, 3]"
6902-2-0-9,/tmp\sound_datasets\urbansound8k\audio/fold7/6902-2-0-9.wav,2,children_playing,7,"[0, 0, 2]"
159708-6-2-0,/tmp\sound_datasets\urbansound8k\audio/fold7/159708-6-2-0.wav,6,gun_shot,7,"[2, 6, 6]"
168846-5-1-3,/tmp\sound_datasets\urbansound8k\audio/fold7/168846-5-1-3.wav,5,engine_idling,7,"[1, 2, 5]"
24965-3-3-0,/tmp\sound_datasets\urbansound8k\audio/fold7/24965-3-3-0.wav,3,dog_bark,7,"[0, 1, 3]"
127443-4-0-6,/tmp\sound_datasets\urbansound8k\audio/fold7/127443-4-0-6.wav,4,drilling,7,"[2, 4, 4]"
146845-0-0-2,/tmp\sound_datasets\urbansound8k\audio/fold7/146845-0-0-2.wav,0,air_conditioner,7,"[2, 5, 0]"
57323-8-2-0,/tmp\sound_datasets\urbansound8k\audio/fold7/57323-8-2-0.wav,8,siren,7,"[1, 3, 8]"
85362-3-2-0,/tmp\sound_datasets\urbansound8k\audio/fold7/85362-3-2-0.wav,3,dog_bark,7,"[0, 1, 3]"
165192-9-0-160,/tmp\sound_datasets\urbansound8k\audio/fold7/165192-9-0-160.wav,9,street_music,7,"[3, 7, 9]"
89210-3-0-0,/tmp\sound_datasets\urbansound8k\audio/fold7/89210-3-0-0.wav,3,dog_bark,7,"[0, 1, 3]"
209992-5-2-116,/tmp\sound_datasets\urbansound8k\audio/fold7/209992-5-2-116.wav,5,engine_idling,7,"[1, 2, 5]"
99812-1-5-0,/tmp\sound_datasets\urbansound8k\audio/fold7/99812-1-5-0.wav,1,car_horn,7,"[1, 2, 1]"
518-4-0-3,/tmp\sound_datasets\urbansound8k\audio/fold7/518-4-0-3.wav,4,drilling,7,"[2, 4, 4]"
57323-8-0-2,/tmp\sound_datasets\urbansound8k\audio/fold7/57323-8-0-2.wav,8,siren,7,"[1, 3, 8]"
77751-7-0-0,/tmp\sound_datasets\urbansound8k\audio/fold7/77751-7-0-0.wav,7,jackhammer,7,"[2, 4, 7]"
148827-6-1-0,/tmp\sound_datasets\urbansound8k\audio/fold7/148827-6-1-0.wav,6,gun_shot,7,"[2, 6, 6]"
84143-2-0-13,/tmp\sound_datasets\urbansound8k\audio/fold7/84143-2-0-13.wav,2,children_playing,7,"[0, 0, 2]"
101848-9-0-3,/tmp\sound_datasets\urbansound8k\audio/fold7/101848-9-0-3.wav,9,street_music,7,"[3, 7, 9]"
183992-3-0-9,/tmp\sound_datasets\urbansound8k\audio/fold7/183992-3-0-9.wav,3,dog_bark,7,"[0, 1, 3]"
101848-9-0-2,/tmp\sound_datasets\urbansound8k\audio/fold7/101848-9-0-2.wav,9,street_music,7,"[3, 7, 9]"
14772-7-9-0,/tmp\sound_datasets\urbansound8k\audio/fold7/14772-7-9-0.wav,7,jackhammer,7,"[2, 4, 7]"
84143-2-0-12,/tmp\sound_datasets\urbansound8k\audio/fold7/84143-2-0-12.wav,2,children_playing,7,"[0, 0, 2]"
57323-8-0-3,/tmp\sound_datasets\urbansound8k\audio/fold7/57323-8-0-3.wav,8,siren,7,"[1, 3, 8]"
77751-7-0-1,/tmp\sound_datasets\urbansound8k\audio/fold7/77751-7-0-1.wav,7,jackhammer,7,"[2, 4, 7]"
155238-2-0-97,/tmp\sound_datasets\urbansound8k\audio/fold7/155238-2-0-97.wav,2,children_playing,7,"[0, 0, 2]"
177729-0-0-67,/tmp\sound_datasets\urbansound8k\audio/fold7/177729-0-0-67.wav,0,air_conditioner,7,"[2, 5, 0]"
518-4-0-2,/tmp\sound_datasets\urbansound8k\audio/fold7/518-4-0-2.wav,4,drilling,7,"[2, 4, 4]"
61789-9-0-69,/tmp\sound_datasets\urbansound8k\audio/fold7/61789-9-0-69.wav,9,street_music,7,"[3, 7, 9]"
177729-0-0-73,/tmp\sound_datasets\urbansound8k\audio/fold7/177729-0-0-73.wav,0,air_conditioner,7,"[2, 5, 0]"
57596-3-0-0,/tmp\sound_datasets\urbansound8k\audio/fold7/57596-3-0-0.wav,3,dog_bark,7,"[0, 1, 3]"
155299-3-1-2,/tmp\sound_datasets\urbansound8k\audio/fold7/155299-3-1-2.wav,3,dog_bark,7,"[0, 1, 3]"
177729-0-0-98,/tmp\sound_datasets\urbansound8k\audio/fold7/177729-0-0-98.wav,0,air_conditioner,7,"[2, 5, 0]"
146845-0-0-3,/tmp\sound_datasets\urbansound8k\audio/fold7/146845-0-0-3.wav,0,air_conditioner,7,"[2, 5, 0]"
62878-8-0-2,/tmp\sound_datasets\urbansound8k\audio/fold7/62878-8-0-2.wav,8,siren,7,"[1, 3, 8]"
164797-2-0-32,/tmp\sound_datasets\urbansound8k\audio/fold7/164797-2-0-32.wav,2,children_playing,7,"[0, 0, 2]"
28385-9-0-9,/tmp\sound_datasets\urbansound8k\audio/fold7/28385-9-0-9.wav,9,street_music,7,"[3, 7, 9]"
7067-6-0-0,/tmp\sound_datasets\urbansound8k\audio/fold7/7067-6-0-0.wav,6,gun_shot,7,"[2, 6, 6]"
127443-4-0-7,/tmp\sound_datasets\urbansound8k\audio/fold7/127443-4-0-7.wav,4,drilling,7,"[2, 4, 4]"
159705-6-0-0,/tmp\sound_datasets\urbansound8k\audio/fold7/159705-6-0-0.wav,6,gun_shot,7,"[2, 6, 6]"
81788-2-0-14,/tmp\sound_datasets\urbansound8k\audio/fold7/81788-2-0-14.wav,2,children_playing,7,"[0, 0, 2]"
168846-5-1-2,/tmp\sound_datasets\urbansound8k\audio/fold7/168846-5-1-2.wav,5,engine_idling,7,"[1, 2, 5]"
127443-4-0-12,/tmp\sound_datasets\urbansound8k\audio/fold7/127443-4-0-12.wav,4,drilling,7,"[2, 4, 4]"
189981-0-0-17,/tmp\sound_datasets\urbansound8k\audio/fold7/189981-0-0-17.wav,0,air_conditioner,7,"[2, 5, 0]"
6902-2-0-5,/tmp\sound_datasets\urbansound8k\audio/fold7/6902-2-0-5.wav,2,children_playing,7,"[0, 0, 2]"
74850-9-0-11,/tmp\sound_datasets\urbansound8k\audio/fold7/74850-9-0-11.wav,9,street_music,7,"[3, 7, 9]"
130961-4-5-1,/tmp\sound_datasets\urbansound8k\audio/fold7/130961-4-5-1.wav,4,drilling,7,"[2, 4, 4]"
181102-9-0-111,/tmp\sound_datasets\urbansound8k\audio/fold7/181102-9-0-111.wav,9,street_music,7,"[3, 7, 9]"
57696-4-0-2,/tmp\sound_datasets\urbansound8k\audio/fold7/57696-4-0-2.wav,4,drilling,7,"[2, 4, 4]"
171184-9-0-7,/tmp\sound_datasets\urbansound8k\audio/fold7/171184-9-0-7.wav,9,street_music,7,"[3, 7, 9]"
183894-1-8-0,/tmp\sound_datasets\urbansound8k\audio/fold7/183894-1-8-0.wav,1,car_horn,7,"[1, 2, 1]"
177537-7-0-0,/tmp\sound_datasets\urbansound8k\audio/fold7/177537-7-0-0.wav,7,jackhammer,7,"[2, 4, 7]"
14772-7-5-0,/tmp\sound_datasets\urbansound8k\audio/fold7/14772-7-5-0.wav,7,jackhammer,7,"[2, 4, 7]"
57323-8-0-10,/tmp\sound_datasets\urbansound8k\audio/fold7/57323-8-0-10.wav,8,siren,7,"[1, 3, 8]"
50612-3-0-0,/tmp\sound_datasets\urbansound8k\audio/fold7/50612-3-0-0.wav,3,dog_bark,7,"[0, 1, 3]"
177729-0-0-42,/tmp\sound_datasets\urbansound8k\audio/fold7/177729-0-0-42.wav,0,air_conditioner,7,"[2, 5, 0]"
107357-8-0-3,/tmp\sound_datasets\urbansound8k\audio/fold7/107357-8-0-3.wav,8,siren,7,"[1, 3, 8]"
202516-0-0-0,/tmp\sound_datasets\urbansound8k\audio/fold7/202516-0-0-0.wav,0,air_conditioner,7,"[2, 5, 0]"
50629-4-3-0,/tmp\sound_datasets\urbansound8k\audio/fold7/50629-4-3-0.wav,4,drilling,7,"[2, 4, 4]"
197080-3-0-7,/tmp\sound_datasets\urbansound8k\audio/fold7/197080-3-0-7.wav,3,dog_bark,7,"[0, 1, 3]"
147317-6-0-0,/tmp\sound_datasets\urbansound8k\audio/fold7/147317-6-0-0.wav,6,gun_shot,7,"[2, 6, 6]"
39857-5-1-1,/tmp\sound_datasets\urbansound8k\audio/fold7/39857-5-1-1.wav,5,engine_idling,7,"[1, 2, 5]"
50629-4-1-2,/tmp\sound_datasets\urbansound8k\audio/fold7/50629-4-1-2.wav,4,drilling,7,"[2, 4, 4]"
39857-5-1-0,/tmp\sound_datasets\urbansound8k\audio/fold7/39857-5-1-0.wav,5,engine_idling,7,"[1, 2, 5]"
50629-4-1-3,/tmp\sound_datasets\urbansound8k\audio/fold7/50629-4-1-3.wav,4,drilling,7,"[2, 4, 4]"
130961-4-1-4,/tmp\sound_datasets\urbansound8k\audio/fold7/130961-4-1-4.wav,4,drilling,7,"[2, 4, 4]"
209992-5-0-0,/tmp\sound_datasets\urbansound8k\audio/fold7/209992-5-0-0.wav,5,engine_idling,7,"[1, 2, 5]"
197080-3-0-6,/tmp\sound_datasets\urbansound8k\audio/fold7/197080-3-0-6.wav,3,dog_bark,7,"[0, 1, 3]"
174284-6-0-0,/tmp\sound_datasets\urbansound8k\audio/fold7/174284-6-0-0.wav,6,gun_shot,7,"[2, 6, 6]"
202516-0-0-1,/tmp\sound_datasets\urbansound8k\audio/fold7/202516-0-0-1.wav,0,air_conditioner,7,"[2, 5, 0]"
155314-3-0-5,/tmp\sound_datasets\urbansound8k\audio/fold7/155314-3-0-5.wav,3,dog_bark,7,"[0, 1, 3]"
61789-9-0-65,/tmp\sound_datasets\urbansound8k\audio/fold7/61789-9-0-65.wav,9,street_music,7,"[3, 7, 9]"
89443-9-0-1,/tmp\sound_datasets\urbansound8k\audio/fold7/89443-9-0-1.wav,9,street_music,7,"[3, 7, 9]"
107357-8-0-2,/tmp\sound_datasets\urbansound8k\audio/fold7/107357-8-0-2.wav,8,siren,7,"[1, 3, 8]"
97606-7-5-0,/tmp\sound_datasets\urbansound8k\audio/fold7/97606-7-5-0.wav,7,jackhammer,7,"[2, 4, 7]"
57323-8-0-11,/tmp\sound_datasets\urbansound8k\audio/fold7/57323-8-0-11.wav,8,siren,7,"[1, 3, 8]"
177537-7-0-1,/tmp\sound_datasets\urbansound8k\audio/fold7/177537-7-0-1.wav,7,jackhammer,7,"[2, 4, 7]"
177729-0-0-80,/tmp\sound_datasets\urbansound8k\audio/fold7/177729-0-0-80.wav,0,air_conditioner,7,"[2, 5, 0]"
158593-2-0-43,/tmp\sound_datasets\urbansound8k\audio/fold7/158593-2-0-43.wav,2,children_playing,7,"[0, 0, 2]"
171184-9-0-6,/tmp\sound_datasets\urbansound8k\audio/fold7/171184-9-0-6.wav,9,street_music,7,"[3, 7, 9]"
57696-4-0-3,/tmp\sound_datasets\urbansound8k\audio/fold7/57696-4-0-3.wav,4,drilling,7,"[2, 4, 4]"
34241-1-0-0,/tmp\sound_datasets\urbansound8k\audio/fold7/34241-1-0-0.wav,1,car_horn,7,"[1, 2, 1]"
164797-2-0-16,/tmp\sound_datasets\urbansound8k\audio/fold7/164797-2-0-16.wav,2,children_playing,7,"[0, 0, 2]"
130961-4-5-0,/tmp\sound_datasets\urbansound8k\audio/fold7/130961-4-5-0.wav,4,drilling,7,"[2, 4, 4]"
82024-3-0-6,/tmp\sound_datasets\urbansound8k\audio/fold7/82024-3-0-6.wav,3,dog_bark,7,"[0, 1, 3]"
135527-6-7-0,/tmp\sound_datasets\urbansound8k\audio/fold7/135527-6-7-0.wav,6,gun_shot,7,"[2, 6, 6]"
6902-2-0-4,/tmp\sound_datasets\urbansound8k\audio/fold7/6902-2-0-4.wav,2,children_playing,7,"[0, 0, 2]"
189981-0-0-16,/tmp\sound_datasets\urbansound8k\audio/fold7/189981-0-0-16.wav,0,air_conditioner,7,"[2, 5, 0]"
135527-6-13-0,/tmp\sound_datasets\urbansound8k\audio/fold7/135527-6-13-0.wav,6,gun_shot,7,"[2, 6, 6]"
74513-3-0-6,/tmp\sound_datasets\urbansound8k\audio/fold7/74513-3-0-6.wav,3,dog_bark,7,"[0, 1, 3]"
104625-4-0-27,/tmp\sound_datasets\urbansound8k\audio/fold7/104625-4-0-27.wav,4,drilling,7,"[2, 4, 4]"
34241-1-2-0,/tmp\sound_datasets\urbansound8k\audio/fold7/34241-1-2-0.wav,1,car_horn,7,"[1, 2, 1]"
189981-0-0-14,/tmp\sound_datasets\urbansound8k\audio/fold7/189981-0-0-14.wav,0,air_conditioner,7,"[2, 5, 0]"
82024-3-0-4,/tmp\sound_datasets\urbansound8k\audio/fold7/82024-3-0-4.wav,3,dog_bark,7,"[0, 1, 3]"
49313-2-0-1,/tmp\sound_datasets\urbansound8k\audio/fold7/49313-2-0-1.wav,2,children_playing,7,"[0, 0, 2]"
135527-6-11-0,/tmp\sound_datasets\urbansound8k\audio/fold7/135527-6-11-0.wav,6,gun_shot,7,"[2, 6, 6]"
130961-4-5-2,/tmp\sound_datasets\urbansound8k\audio/fold7/130961-4-5-2.wav,4,drilling,7,"[2, 4, 4]"
127443-4-0-9,/tmp\sound_datasets\urbansound8k\audio/fold7/127443-4-0-9.wav,4,drilling,7,"[2, 4, 4]"
135527-6-5-0,/tmp\sound_datasets\urbansound8k\audio/fold7/135527-6-5-0.wav,6,gun_shot,7,"[2, 6, 6]"
191687-3-0-5,/tmp\sound_datasets\urbansound8k\audio/fold7/191687-3-0-5.wav,3,dog_bark,7,"[0, 1, 3]"
177729-0-0-82,/tmp\sound_datasets\urbansound8k\audio/fold7/177729-0-0-82.wav,0,air_conditioner,7,"[2, 5, 0]"
57696-4-0-1,/tmp\sound_datasets\urbansound8k\audio/fold7/57696-4-0-1.wav,4,drilling,7,"[2, 4, 4]"
174284-6-2-0,/tmp\sound_datasets\urbansound8k\audio/fold7/174284-6-2-0.wav,6,gun_shot,7,"[2, 6, 6]"
177537-7-0-3,/tmp\sound_datasets\urbansound8k\audio/fold7/177537-7-0-3.wav,7,jackhammer,7,"[2, 4, 7]"
107357-8-0-0,/tmp\sound_datasets\urbansound8k\audio/fold7/107357-8-0-0.wav,8,siren,7,"[1, 3, 8]"
84143-2-0-7,/tmp\sound_datasets\urbansound8k\audio/fold7/84143-2-0-7.wav,2,children_playing,7,"[0, 0, 2]"
39857-5-3-0,/tmp\sound_datasets\urbansound8k\audio/fold7/39857-5-3-0.wav,5,engine_idling,7,"[1, 2, 5]"
177729-0-0-69,/tmp\sound_datasets\urbansound8k\audio/fold7/177729-0-0-69.wav,0,air_conditioner,7,"[2, 5, 0]"
209992-5-2-131,/tmp\sound_datasets\urbansound8k\audio/fold7/209992-5-2-131.wav,5,engine_idling,7,"[1, 2, 5]"
202516-0-0-3,/tmp\sound_datasets\urbansound8k\audio/fold7/202516-0-0-3.wav,0,air_conditioner,7,"[2, 5, 0]"
181102-9-0-23,/tmp\sound_datasets\urbansound8k\audio/fold7/181102-9-0-23.wav,9,street_music,7,"[3, 7, 9]"
66619-2-0-0,/tmp\sound_datasets\urbansound8k\audio/fold7/66619-2-0-0.wav,2,children_playing,7,"[0, 0, 2]"
115242-9-0-44,/tmp\sound_datasets\urbansound8k\audio/fold7/115242-9-0-44.wav,9,street_music,7,"[3, 7, 9]"
177537-7-2-1,/tmp\sound_datasets\urbansound8k\audio/fold7/177537-7-2-1.wav,7,jackhammer,7,"[2, 4, 7]"
50629-4-1-1,/tmp\sound_datasets\urbansound8k\audio/fold7/50629-4-1-1.wav,4,drilling,7,"[2, 4, 4]"
39857-5-1-2,/tmp\sound_datasets\urbansound8k\audio/fold7/39857-5-1-2.wav,5,engine_idling,7,"[1, 2, 5]"
183992-3-0-6,/tmp\sound_datasets\urbansound8k\audio/fold7/183992-3-0-6.wav,3,dog_bark,7,"[0, 1, 3]"
50629-4-1-0,/tmp\sound_datasets\urbansound8k\audio/fold7/50629-4-1-0.wav,4,drilling,7,"[2, 4, 4]"
39857-5-1-3,/tmp\sound_datasets\urbansound8k\audio/fold7/39857-5-1-3.wav,5,engine_idling,7,"[1, 2, 5]"
36264-9-0-10,/tmp\sound_datasets\urbansound8k\audio/fold7/36264-9-0-10.wav,9,street_music,7,"[3, 7, 9]"
175296-2-0-54,/tmp\sound_datasets\urbansound8k\audio/fold7/175296-2-0-54.wav,2,children_playing,7,"[0, 0, 2]"
177537-7-2-0,/tmp\sound_datasets\urbansound8k\audio/fold7/177537-7-2-0.wav,7,jackhammer,7,"[2, 4, 7]"
14772-7-7-0,/tmp\sound_datasets\urbansound8k\audio/fold7/14772-7-7-0.wav,7,jackhammer,7,"[2, 4, 7]"
66619-2-0-1,/tmp\sound_datasets\urbansound8k\audio/fold7/66619-2-0-1.wav,2,children_playing,7,"[0, 0, 2]"
201988-5-1-0,/tmp\sound_datasets\urbansound8k\audio/fold7/201988-5-1-0.wav,5,engine_idling,7,"[1, 2, 5]"
177729-0-0-68,/tmp\sound_datasets\urbansound8k\audio/fold7/177729-0-0-68.wav,0,air_conditioner,7,"[2, 5, 0]"
202516-0-0-2,/tmp\sound_datasets\urbansound8k\audio/fold7/202516-0-0-2.wav,0,air_conditioner,7,"[2, 5, 0]"
89443-9-0-2,/tmp\sound_datasets\urbansound8k\audio/fold7/89443-9-0-2.wav,9,street_music,7,"[3, 7, 9]"
107357-8-0-1,/tmp\sound_datasets\urbansound8k\audio/fold7/107357-8-0-1.wav,8,siren,7,"[1, 3, 8]"
177729-0-0-40,/tmp\sound_datasets\urbansound8k\audio/fold7/177729-0-0-40.wav,0,air_conditioner,7,"[2, 5, 0]"
177537-7-0-2,/tmp\sound_datasets\urbansound8k\audio/fold7/177537-7-0-2.wav,7,jackhammer,7,"[2, 4, 7]"
165192-9-0-146,/tmp\sound_datasets\urbansound8k\audio/fold7/165192-9-0-146.wav,9,street_music,7,"[3, 7, 9]"
207962-3-1-0,/tmp\sound_datasets\urbansound8k\audio/fold7/207962-3-1-0.wav,3,dog_bark,7,"[0, 1, 3]"
177729-0-0-97,/tmp\sound_datasets\urbansound8k\audio/fold7/177729-0-0-97.wav,0,air_conditioner,7,"[2, 5, 0]"
57696-4-0-0,/tmp\sound_datasets\urbansound8k\audio/fold7/57696-4-0-0.wav,4,drilling,7,"[2, 4, 4]"
155238-2-0-67,/tmp\sound_datasets\urbansound8k\audio/fold7/155238-2-0-67.wav,2,children_playing,7,"[0, 0, 2]"
158593-2-0-54,/tmp\sound_datasets\urbansound8k\audio/fold7/158593-2-0-54.wav,2,children_playing,7,"[0, 0, 2]"
177729-0-0-83,/tmp\sound_datasets\urbansound8k\audio/fold7/177729-0-0-83.wav,0,air_conditioner,7,"[2, 5, 0]"
164797-2-0-29,/tmp\sound_datasets\urbansound8k\audio/fold7/164797-2-0-29.wav,2,children_playing,7,"[0, 0, 2]"
127443-4-0-8,/tmp\sound_datasets\urbansound8k\audio/fold7/127443-4-0-8.wav,4,drilling,7,"[2, 4, 4]"
130961-4-5-3,/tmp\sound_datasets\urbansound8k\audio/fold7/130961-4-5-3.wav,4,drilling,7,"[2, 4, 4]"
171165-9-0-19,/tmp\sound_datasets\urbansound8k\audio/fold7/171165-9-0-19.wav,9,street_music,7,"[3, 7, 9]"
82024-3-0-5,/tmp\sound_datasets\urbansound8k\audio/fold7/82024-3-0-5.wav,3,dog_bark,7,"[0, 1, 3]"
6902-2-0-7,/tmp\sound_datasets\urbansound8k\audio/fold7/6902-2-0-7.wav,2,children_playing,7,"[0, 0, 2]"
14524-1-0-0,/tmp\sound_datasets\urbansound8k\audio/fold7/14524-1-0-0.wav,1,car_horn,7,"[1, 2, 1]"
189981-0-0-15,/tmp\sound_datasets\urbansound8k\audio/fold7/189981-0-0-15.wav,0,air_conditioner,7,"[2, 5, 0]"
74513-3-0-5,/tmp\sound_datasets\urbansound8k\audio/fold7/74513-3-0-5.wav,3,dog_bark,7,"[0, 1, 3]"
89099-4-0-2,/tmp\sound_datasets\urbansound8k\audio/fold7/89099-4-0-2.wav,4,drilling,7,"[2, 4, 4]"
192236-3-0-8,/tmp\sound_datasets\urbansound8k\audio/fold7/192236-3-0-8.wav,3,dog_bark,7,"[0, 1, 3]"
65745-3-0-21,/tmp\sound_datasets\urbansound8k\audio/fold7/65745-3-0-21.wav,3,dog_bark,7,"[0, 1, 3]"
89679-1-1-0,/tmp\sound_datasets\urbansound8k\audio/fold7/89679-1-1-0.wav,1,car_horn,7,"[1, 2, 1]"
168846-5-1-9,/tmp\sound_datasets\urbansound8k\audio/fold7/168846-5-1-9.wav,5,engine_idling,7,"[1, 2, 5]"
189981-0-0-11,/tmp\sound_datasets\urbansound8k\audio/fold7/189981-0-0-11.wav,0,air_conditioner,7,"[2, 5, 0]"
14772-7-3-0,/tmp\sound_datasets\urbansound8k\audio/fold7/14772-7-3-0.wav,7,jackhammer,7,"[2, 4, 7]"
49313-2-0-4,/tmp\sound_datasets\urbansound8k\audio/fold7/49313-2-0-4.wav,2,children_playing,7,"[0, 0, 2]"
181102-9-0-117,/tmp\sound_datasets\urbansound8k\audio/fold7/181102-9-0-117.wav,9,street_music,7,"[3, 7, 9]"
209992-5-4-3,/tmp\sound_datasets\urbansound8k\audio/fold7/209992-5-4-3.wav,5,engine_idling,7,"[1, 2, 5]"
177537-7-0-6,/tmp\sound_datasets\urbansound8k\audio/fold7/177537-7-0-6.wav,7,jackhammer,7,"[2, 4, 7]"
146845-0-0-8,/tmp\sound_datasets\urbansound8k\audio/fold7/146845-0-0-8.wav,0,air_conditioner,7,"[2, 5, 0]"
191687-3-0-0,/tmp\sound_datasets\urbansound8k\audio/fold7/191687-3-0-0.wav,3,dog_bark,7,"[0, 1, 3]"
57696-4-0-4,/tmp\sound_datasets\urbansound8k\audio/fold7/57696-4-0-4.wav,4,drilling,7,"[2, 4, 4]"
194962-5-0-1,/tmp\sound_datasets\urbansound8k\audio/fold7/194962-5-0-1.wav,5,engine_idling,7,"[1, 2, 5]"
38236-3-2-3,/tmp\sound_datasets\urbansound8k\audio/fold7/38236-3-2-3.wav,3,dog_bark,7,"[0, 1, 3]"
202516-0-0-10,/tmp\sound_datasets\urbansound8k\audio/fold7/202516-0-0-10.wav,0,air_conditioner,7,"[2, 5, 0]"
155314-3-0-2,/tmp\sound_datasets\urbansound8k\audio/fold7/155314-3-0-2.wav,3,dog_bark,7,"[0, 1, 3]"
202516-0-0-6,/tmp\sound_datasets\urbansound8k\audio/fold7/202516-0-0-6.wav,0,air_conditioner,7,"[2, 5, 0]"
107357-8-0-5,/tmp\sound_datasets\urbansound8k\audio/fold7/107357-8-0-5.wav,8,siren,7,"[1, 3, 8]"
49313-2-0-10,/tmp\sound_datasets\urbansound8k\audio/fold7/49313-2-0-10.wav,2,children_playing,7,"[0, 0, 2]"
130961-4-3-1,/tmp\sound_datasets\urbansound8k\audio/fold7/130961-4-3-1.wav,4,drilling,7,"[2, 4, 4]"
177729-0-0-50,/tmp\sound_datasets\urbansound8k\audio/fold7/177729-0-0-50.wav,0,air_conditioner,7,"[2, 5, 0]"
181102-9-0-26,/tmp\sound_datasets\urbansound8k\audio/fold7/181102-9-0-26.wav,9,street_music,7,"[3, 7, 9]"
57323-8-0-8,/tmp\sound_datasets\urbansound8k\audio/fold7/57323-8-0-8.wav,8,siren,7,"[1, 3, 8]"
197080-3-0-1,/tmp\sound_datasets\urbansound8k\audio/fold7/197080-3-0-1.wav,3,dog_bark,7,"[0, 1, 3]"
115242-9-0-55,/tmp\sound_datasets\urbansound8k\audio/fold7/115242-9-0-55.wav,9,street_music,7,"[3, 7, 9]"
66619-2-0-5,/tmp\sound_datasets\urbansound8k\audio/fold7/66619-2-0-5.wav,2,children_playing,7,"[0, 0, 2]"
115411-3-0-0,/tmp\sound_datasets\urbansound8k\audio/fold7/115411-3-0-0.wav,3,dog_bark,7,"[0, 1, 3]"
50629-4-1-4,/tmp\sound_datasets\urbansound8k\audio/fold7/50629-4-1-4.wav,4,drilling,7,"[2, 4, 4]"
101848-9-0-9,/tmp\sound_datasets\urbansound8k\audio/fold7/101848-9-0-9.wav,9,street_music,7,"[3, 7, 9]"
183992-3-0-3,/tmp\sound_datasets\urbansound8k\audio/fold7/183992-3-0-3.wav,3,dog_bark,7,"[0, 1, 3]"
130961-4-1-3,/tmp\sound_datasets\urbansound8k\audio/fold7/130961-4-1-3.wav,4,drilling,7,"[2, 4, 4]"
27217-3-0-22,/tmp\sound_datasets\urbansound8k\audio/fold7/27217-3-0-22.wav,3,dog_bark,7,"[0, 1, 3]"
115242-9-0-83,/tmp\sound_datasets\urbansound8k\audio/fold7/115242-9-0-83.wav,9,street_music,7,"[3, 7, 9]"
130961-4-1-2,/tmp\sound_datasets\urbansound8k\audio/fold7/130961-4-1-2.wav,4,drilling,7,"[2, 4, 4]"
135527-6-1-0,/tmp\sound_datasets\urbansound8k\audio/fold7/135527-6-1-0.wav,6,gun_shot,7,"[2, 6, 6]"
101848-9-0-8,/tmp\sound_datasets\urbansound8k\audio/fold7/101848-9-0-8.wav,9,street_music,7,"[3, 7, 9]"
43805-8-1-0,/tmp\sound_datasets\urbansound8k\audio/fold7/43805-8-1-0.wav,8,siren,7,"[1, 3, 8]"
57323-8-0-9,/tmp\sound_datasets\urbansound8k\audio/fold7/57323-8-0-9.wav,8,siren,7,"[1, 3, 8]"
175296-2-0-86,/tmp\sound_datasets\urbansound8k\audio/fold7/175296-2-0-86.wav,2,children_playing,7,"[0, 0, 2]"
177729-0-0-1,/tmp\sound_datasets\urbansound8k\audio/fold7/177729-0-0-1.wav,0,air_conditioner,7,"[2, 5, 0]"
77674-3-0-0,/tmp\sound_datasets\urbansound8k\audio/fold7/77674-3-0-0.wav,3,dog_bark,7,"[0, 1, 3]"
115242-9-0-68,/tmp\sound_datasets\urbansound8k\audio/fold7/115242-9-0-68.wav,9,street_music,7,"[3, 7, 9]"
177729-0-0-51,/tmp\sound_datasets\urbansound8k\audio/fold7/177729-0-0-51.wav,0,air_conditioner,7,"[2, 5, 0]"
107357-8-0-4,/tmp\sound_datasets\urbansound8k\audio/fold7/107357-8-0-4.wav,8,siren,7,"[1, 3, 8]"
156091-1-0-0,/tmp\sound_datasets\urbansound8k\audio/fold7/156091-1-0-0.wav,1,car_horn,7,"[1, 2, 1]"
130961-4-3-0,/tmp\sound_datasets\urbansound8k\audio/fold7/130961-4-3-0.wav,4,drilling,7,"[2, 4, 4]"
202516-0-0-7,/tmp\sound_datasets\urbansound8k\audio/fold7/202516-0-0-7.wav,0,air_conditioner,7,"[2, 5, 0]"
202516-0-0-11,/tmp\sound_datasets\urbansound8k\audio/fold7/202516-0-0-11.wav,0,air_conditioner,7,"[2, 5, 0]"
38236-3-2-2,/tmp\sound_datasets\urbansound8k\audio/fold7/38236-3-2-2.wav,3,dog_bark,7,"[0, 1, 3]"
57696-4-0-5,/tmp\sound_datasets\urbansound8k\audio/fold7/57696-4-0-5.wav,4,drilling,7,"[2, 4, 4]"
194962-5-0-0,/tmp\sound_datasets\urbansound8k\audio/fold7/194962-5-0-0.wav,5,engine_idling,7,"[1, 2, 5]"
146845-0-0-9,/tmp\sound_datasets\urbansound8k\audio/fold7/146845-0-0-9.wav,0,air_conditioner,7,"[2, 5, 0]"
177537-7-0-7,/tmp\sound_datasets\urbansound8k\audio/fold7/177537-7-0-7.wav,7,jackhammer,7,"[2, 4, 7]"
34871-3-8-0,/tmp\sound_datasets\urbansound8k\audio/fold7/34871-3-8-0.wav,3,dog_bark,7,"[0, 1, 3]"
97606-7-3-0,/tmp\sound_datasets\urbansound8k\audio/fold7/97606-7-3-0.wav,7,jackhammer,7,"[2, 4, 7]"
189981-0-0-10,/tmp\sound_datasets\urbansound8k\audio/fold7/189981-0-0-10.wav,0,air_conditioner,7,"[2, 5, 0]"
168846-5-1-8,/tmp\sound_datasets\urbansound8k\audio/fold7/168846-5-1-8.wav,5,engine_idling,7,"[1, 2, 5]"
104625-4-0-21,/tmp\sound_datasets\urbansound8k\audio/fold7/104625-4-0-21.wav,4,drilling,7,"[2, 4, 4]"
74513-3-0-0,/tmp\sound_datasets\urbansound8k\audio/fold7/74513-3-0-0.wav,3,dog_bark,7,"[0, 1, 3]"
104625-4-0-35,/tmp\sound_datasets\urbansound8k\audio/fold7/104625-4-0-35.wav,4,drilling,7,"[2, 4, 4]"
175296-2-0-212,/tmp\sound_datasets\urbansound8k\audio/fold7/175296-2-0-212.wav,2,children_playing,7,"[0, 0, 2]"
50614-3-0-0,/tmp\sound_datasets\urbansound8k\audio/fold7/50614-3-0-0.wav,3,dog_bark,7,"[0, 1, 3]"
110918-3-0-9,/tmp\sound_datasets\urbansound8k\audio/fold7/110918-3-0-9.wav,3,dog_bark,7,"[0, 1, 3]"
97606-7-1-0,/tmp\sound_datasets\urbansound8k\audio/fold7/97606-7-1-0.wav,7,jackhammer,7,"[2, 4, 7]"
89099-4-0-1,/tmp\sound_datasets\urbansound8k\audio/fold7/89099-4-0-1.wav,4,drilling,7,"[2, 4, 4]"
118587-3-0-21,/tmp\sound_datasets\urbansound8k\audio/fold7/118587-3-0-21.wav,3,dog_bark,7,"[0, 1, 3]"
43784-3-0-0,/tmp\sound_datasets\urbansound8k\audio/fold7/43784-3-0-0.wav,3,dog_bark,7,"[0, 1, 3]"
189981-0-0-12,/tmp\sound_datasets\urbansound8k\audio/fold7/189981-0-0-12.wav,0,air_conditioner,7,"[2, 5, 0]"
77751-7-8-0,/tmp\sound_datasets\urbansound8k\audio/fold7/77751-7-8-0.wav,7,jackhammer,7,"[2, 4, 7]"
50415-4-0-0,/tmp\sound_datasets\urbansound8k\audio/fold7/50415-4-0-0.wav,4,drilling,7,"[2, 4, 4]"
39857-5-5-0,/tmp\sound_datasets\urbansound8k\audio/fold7/39857-5-5-0.wav,5,engine_idling,7,"[1, 2, 5]"
130961-4-5-4,/tmp\sound_datasets\urbansound8k\audio/fold7/130961-4-5-4.wav,4,drilling,7,"[2, 4, 4]"
177537-7-0-5,/tmp\sound_datasets\urbansound8k\audio/fold7/177537-7-0-5.wav,7,jackhammer,7,"[2, 4, 7]"
194962-5-0-2,/tmp\sound_datasets\urbansound8k\audio/fold7/194962-5-0-2.wav,5,engine_idling,7,"[1, 2, 5]"
158593-2-0-47,/tmp\sound_datasets\urbansound8k\audio/fold7/158593-2-0-47.wav,2,children_playing,7,"[0, 0, 2]"
135527-6-3-0,/tmp\sound_datasets\urbansound8k\audio/fold7/135527-6-3-0.wav,6,gun_shot,7,"[2, 6, 6]"
209992-5-2-137,/tmp\sound_datasets\urbansound8k\audio/fold7/209992-5-2-137.wav,5,engine_idling,7,"[1, 2, 5]"
155314-3-0-1,/tmp\sound_datasets\urbansound8k\audio/fold7/155314-3-0-1.wav,3,dog_bark,7,"[0, 1, 3]"
43805-8-3-0,/tmp\sound_datasets\urbansound8k\audio/fold7/43805-8-3-0.wav,8,siren,7,"[1, 3, 8]"
202516-0-0-5,/tmp\sound_datasets\urbansound8k\audio/fold7/202516-0-0-5.wav,0,air_conditioner,7,"[2, 5, 0]"
177729-0-0-53,/tmp\sound_datasets\urbansound8k\audio/fold7/177729-0-0-53.wav,0,air_conditioner,7,"[2, 5, 0]"
130961-4-3-2,/tmp\sound_datasets\urbansound8k\audio/fold7/130961-4-3-2.wav,4,drilling,7,"[2, 4, 4]"
49313-2-0-13,/tmp\sound_datasets\urbansound8k\audio/fold7/49313-2-0-13.wav,2,children_playing,7,"[0, 0, 2]"
107357-8-0-6,/tmp\sound_datasets\urbansound8k\audio/fold7/107357-8-0-6.wav,8,siren,7,"[1, 3, 8]"
177729-0-0-3,/tmp\sound_datasets\urbansound8k\audio/fold7/177729-0-0-3.wav,0,air_conditioner,7,"[2, 5, 0]"
84143-2-0-32,/tmp\sound_datasets\urbansound8k\audio/fold7/84143-2-0-32.wav,2,children_playing,7,"[0, 0, 2]"
66619-2-0-6,/tmp\sound_datasets\urbansound8k\audio/fold7/66619-2-0-6.wav,2,children_playing,7,"[0, 0, 2]"
130961-4-1-1,/tmp\sound_datasets\urbansound8k\audio/fold7/130961-4-1-1.wav,4,drilling,7,"[2, 4, 4]"
148828-6-0-0,/tmp\sound_datasets\urbansound8k\audio/fold7/148828-6-0-0.wav,6,gun_shot,7,"[2, 6, 6]"
89443-9-0-48,/tmp\sound_datasets\urbansound8k\audio/fold7/89443-9-0-48.wav,9,street_music,7,"[3, 7, 9]"
66619-2-0-7,/tmp\sound_datasets\urbansound8k\audio/fold7/66619-2-0-7.wav,2,children_playing,7,"[0, 0, 2]"
107357-8-0-7,/tmp\sound_datasets\urbansound8k\audio/fold7/107357-8-0-7.wav,8,siren,7,"[1, 3, 8]"
115411-3-2-0,/tmp\sound_datasets\urbansound8k\audio/fold7/115411-3-2-0.wav,3,dog_bark,7,"[0, 1, 3]"
202516-0-0-4,/tmp\sound_datasets\urbansound8k\audio/fold7/202516-0-0-4.wav,0,air_conditioner,7,"[2, 5, 0]"
155238-2-0-75,/tmp\sound_datasets\urbansound8k\audio/fold7/155238-2-0-75.wav,2,children_playing,7,"[0, 0, 2]"
177729-0-0-91,/tmp\sound_datasets\urbansound8k\audio/fold7/177729-0-0-91.wav,0,air_conditioner,7,"[2, 5, 0]"
158593-2-0-52,/tmp\sound_datasets\urbansound8k\audio/fold7/158593-2-0-52.wav,2,children_playing,7,"[0, 0, 2]"
177537-7-0-4,/tmp\sound_datasets\urbansound8k\audio/fold7/177537-7-0-4.wav,7,jackhammer,7,"[2, 4, 7]"
130961-4-5-5,/tmp\sound_datasets\urbansound8k\audio/fold7/130961-4-5-5.wav,4,drilling,7,"[2, 4, 4]"
209992-5-4-1,/tmp\sound_datasets\urbansound8k\audio/fold7/209992-5-4-1.wav,5,engine_idling,7,"[1, 2, 5]"
207216-2-0-66,/tmp\sound_datasets\urbansound8k\audio/fold7/207216-2-0-66.wav,2,children_playing,7,"[0, 0, 2]"
39857-5-5-1,/tmp\sound_datasets\urbansound8k\audio/fold7/39857-5-5-1.wav,5,engine_idling,7,"[1, 2, 5]"
81788-2-0-35,/tmp\sound_datasets\urbansound8k\audio/fold7/81788-2-0-35.wav,2,children_playing,7,"[0, 0, 2]"
50415-4-0-1,/tmp\sound_datasets\urbansound8k\audio/fold7/50415-4-0-1.wav,4,drilling,7,"[2, 4, 4]"
189981-0-0-13,/tmp\sound_datasets\urbansound8k\audio/fold7/189981-0-0-13.wav,0,air_conditioner,7,"[2, 5, 0]"
74513-3-0-3,/tmp\sound_datasets\urbansound8k\audio/fold7/74513-3-0-3.wav,3,dog_bark,7,"[0, 1, 3]"
89099-4-0-0,/tmp\sound_datasets\urbansound8k\audio/fold7/89099-4-0-0.wav,4,drilling,7,"[2, 4, 4]"
14772-7-1-0,/tmp\sound_datasets\urbansound8k\audio/fold7/14772-7-1-0.wav,7,jackhammer,7,"[2, 4, 7]"
201988-5-0-1,/tmp\sound_datasets\urbansound8k\audio/fold7/201988-5-0-1.wav,5,engine_idling,7,"[1, 2, 5]"
104625-4-0-45,/tmp\sound_datasets\urbansound8k\audio/fold7/104625-4-0-45.wav,4,drilling,7,"[2, 4, 4]"
104625-4-0-51,/tmp\sound_datasets\urbansound8k\audio/fold7/104625-4-0-51.wav,4,drilling,7,"[2, 4, 4]"
135527-6-14-4,/tmp\sound_datasets\urbansound8k\audio/fold7/135527-6-14-4.wav,6,gun_shot,7,"[2, 6, 6]"
123685-5-0-5,/tmp\sound_datasets\urbansound8k\audio/fold7/123685-5-0-5.wav,5,engine_idling,7,"[1, 2, 5]"
201988-5-0-14,/tmp\sound_datasets\urbansound8k\audio/fold7/201988-5-0-14.wav,5,engine_idling,7,"[1, 2, 5]"
146845-0-0-14,/tmp\sound_datasets\urbansound8k\audio/fold7/146845-0-0-14.wav,0,air_conditioner,7,"[2, 5, 0]"
177537-7-0-14,/tmp\sound_datasets\urbansound8k\audio/fold7/177537-7-0-14.wav,7,jackhammer,7,"[2, 4, 7]"
107357-8-1-13,/tmp\sound_datasets\urbansound8k\audio/fold7/107357-8-1-13.wav,8,siren,7,"[1, 3, 8]"
39857-5-0-2,/tmp\sound_datasets\urbansound8k\audio/fold7/39857-5-0-2.wav,5,engine_idling,7,"[1, 2, 5]"
50629-4-0-1,/tmp\sound_datasets\urbansound8k\audio/fold7/50629-4-0-1.wav,4,drilling,7,"[2, 4, 4]"
177537-7-0-28,/tmp\sound_datasets\urbansound8k\audio/fold7/177537-7-0-28.wav,7,jackhammer,7,"[2, 4, 7]"
209992-5-2-77,/tmp\sound_datasets\urbansound8k\audio/fold7/209992-5-2-77.wav,5,engine_idling,7,"[1, 2, 5]"
189981-0-0-5,/tmp\sound_datasets\urbansound8k\audio/fold7/189981-0-0-5.wav,0,air_conditioner,7,"[2, 5, 0]"
177537-7-1-3,/tmp\sound_datasets\urbansound8k\audio/fold7/177537-7-1-3.wav,7,jackhammer,7,"[2, 4, 7]"
107357-8-1-0,/tmp\sound_datasets\urbansound8k\audio/fold7/107357-8-1-0.wav,8,siren,7,"[1, 3, 8]"
165529-2-0-8,/tmp\sound_datasets\urbansound8k\audio/fold7/165529-2-0-8.wav,2,children_playing,7,"[0, 0, 2]"
207216-2-0-128,/tmp\sound_datasets\urbansound8k\audio/fold7/207216-2-0-128.wav,2,children_playing,7,"[0, 0, 2]"
39857-5-2-0,/tmp\sound_datasets\urbansound8k\audio/fold7/39857-5-2-0.wav,5,engine_idling,7,"[1, 2, 5]"
175296-2-0-128,/tmp\sound_datasets\urbansound8k\audio/fold7/175296-2-0-128.wav,2,children_playing,7,"[0, 0, 2]"
180257-3-0-4,/tmp\sound_datasets\urbansound8k\audio/fold7/180257-3-0-4.wav,3,dog_bark,7,"[0, 1, 3]"
135527-6-10-0,/tmp\sound_datasets\urbansound8k\audio/fold7/135527-6-10-0.wav,6,gun_shot,7,"[2, 6, 6]"
43805-8-4-0,/tmp\sound_datasets\urbansound8k\audio/fold7/43805-8-4-0.wav,8,siren,7,"[1, 3, 8]"
135527-6-4-0,/tmp\sound_datasets\urbansound8k\audio/fold7/135527-6-4-0.wav,6,gun_shot,7,"[2, 6, 6]"
21683-9-0-39,/tmp\sound_datasets\urbansound8k\audio/fold7/21683-9-0-39.wav,9,street_music,7,"[3, 7, 9]"
157940-9-0-6,/tmp\sound_datasets\urbansound8k\audio/fold7/157940-9-0-6.wav,9,street_music,7,"[3, 7, 9]"
189987-0-0-2,/tmp\sound_datasets\urbansound8k\audio/fold7/189987-0-0-2.wav,0,air_conditioner,7,"[2, 5, 0]"
189987-0-0-3,/tmp\sound_datasets\urbansound8k\audio/fold7/189987-0-0-3.wav,0,air_conditioner,7,"[2, 5, 0]"
77770-9-0-17,/tmp\sound_datasets\urbansound8k\audio/fold7/77770-9-0-17.wav,9,street_music,7,"[3, 7, 9]"
151065-6-0-0,/tmp\sound_datasets\urbansound8k\audio/fold7/151065-6-0-0.wav,6,gun_shot,7,"[2, 6, 6]"
61789-9-0-12,/tmp\sound_datasets\urbansound8k\audio/fold7/61789-9-0-12.wav,9,street_music,7,"[3, 7, 9]"
209992-5-4-17,/tmp\sound_datasets\urbansound8k\audio/fold7/209992-5-4-17.wav,5,engine_idling,7,"[1, 2, 5]"
191687-3-0-11,/tmp\sound_datasets\urbansound8k\audio/fold7/191687-3-0-11.wav,3,dog_bark,7,"[0, 1, 3]"
165529-2-0-73,/tmp\sound_datasets\urbansound8k\audio/fold7/165529-2-0-73.wav,2,children_playing,7,"[0, 0, 2]"
209992-5-3-22,/tmp\sound_datasets\urbansound8k\audio/fold7/209992-5-3-22.wav,5,engine_idling,7,"[1, 2, 5]"
177729-0-0-20,/tmp\sound_datasets\urbansound8k\audio/fold7/177729-0-0-20.wav,0,air_conditioner,7,"[2, 5, 0]"
180257-3-0-5,/tmp\sound_datasets\urbansound8k\audio/fold7/180257-3-0-5.wav,3,dog_bark,7,"[0, 1, 3]"
50629-4-1-13,/tmp\sound_datasets\urbansound8k\audio/fold7/50629-4-1-13.wav,4,drilling,7,"[2, 4, 4]"
107357-8-1-1,/tmp\sound_datasets\urbansound8k\audio/fold7/107357-8-1-1.wav,8,siren,7,"[1, 3, 8]"
177537-7-1-2,/tmp\sound_datasets\urbansound8k\audio/fold7/177537-7-1-2.wav,7,jackhammer,7,"[2, 4, 7]"
189981-0-0-4,/tmp\sound_datasets\urbansound8k\audio/fold7/189981-0-0-4.wav,0,air_conditioner,7,"[2, 5, 0]"
36264-9-0-7,/tmp\sound_datasets\urbansound8k\audio/fold7/36264-9-0-7.wav,9,street_music,7,"[3, 7, 9]"
66619-2-0-11,/tmp\sound_datasets\urbansound8k\audio/fold7/66619-2-0-11.wav,2,children_playing,7,"[0, 0, 2]"
207962-3-0-0,/tmp\sound_datasets\urbansound8k\audio/fold7/207962-3-0-0.wav,3,dog_bark,7,"[0, 1, 3]"
177537-7-0-29,/tmp\sound_datasets\urbansound8k\audio/fold7/177537-7-0-29.wav,7,jackhammer,7,"[2, 4, 7]"
135527-6-14-10,/tmp\sound_datasets\urbansound8k\audio/fold7/135527-6-14-10.wav,6,gun_shot,7,"[2, 6, 6]"
50629-4-0-0,/tmp\sound_datasets\urbansound8k\audio/fold7/50629-4-0-0.wav,4,drilling,7,"[2, 4, 4]"
146845-0-0-15,/tmp\sound_datasets\urbansound8k\audio/fold7/146845-0-0-15.wav,0,air_conditioner,7,"[2, 5, 0]"
107357-8-1-12,/tmp\sound_datasets\urbansound8k\audio/fold7/107357-8-1-12.wav,8,siren,7,"[1, 3, 8]"
177537-7-0-15,/tmp\sound_datasets\urbansound8k\audio/fold7/177537-7-0-15.wav,7,jackhammer,7,"[2, 4, 7]"
201988-5-0-15,/tmp\sound_datasets\urbansound8k\audio/fold7/201988-5-0-15.wav,5,engine_idling,7,"[1, 2, 5]"
123685-5-0-4,/tmp\sound_datasets\urbansound8k\audio/fold7/123685-5-0-4.wav,5,engine_idling,7,"[1, 2, 5]"
14772-7-6-0,/tmp\sound_datasets\urbansound8k\audio/fold7/14772-7-6-0.wav,7,jackhammer,7,"[2, 4, 7]"
135527-6-14-5,/tmp\sound_datasets\urbansound8k\audio/fold7/135527-6-14-5.wav,6,gun_shot,7,"[2, 6, 6]"
201988-5-0-0,/tmp\sound_datasets\urbansound8k\audio/fold7/201988-5-0-0.wav,5,engine_idling,7,"[1, 2, 5]"
173891-9-0-17,/tmp\sound_datasets\urbansound8k\audio/fold7/173891-9-0-17.wav,9,street_music,7,"[3, 7, 9]"
104625-4-0-52,/tmp\sound_datasets\urbansound8k\audio/fold7/104625-4-0-52.wav,4,drilling,7,"[2, 4, 4]"
207962-3-2-0,/tmp\sound_datasets\urbansound8k\audio/fold7/207962-3-2-0.wav,3,dog_bark,7,"[0, 1, 3]"
201988-5-0-2,/tmp\sound_datasets\urbansound8k\audio/fold7/201988-5-0-2.wav,5,engine_idling,7,"[1, 2, 5]"
135527-6-14-7,/tmp\sound_datasets\urbansound8k\audio/fold7/135527-6-14-7.wav,6,gun_shot,7,"[2, 6, 6]"
177537-7-0-17,/tmp\sound_datasets\urbansound8k\audio/fold7/177537-7-0-17.wav,7,jackhammer,7,"[2, 4, 7]"
107357-8-1-10,/tmp\sound_datasets\urbansound8k\audio/fold7/107357-8-1-10.wav,8,siren,7,"[1, 3, 8]"
146845-0-0-17,/tmp\sound_datasets\urbansound8k\audio/fold7/146845-0-0-17.wav,0,air_conditioner,7,"[2, 5, 0]"
81788-2-0-51,/tmp\sound_datasets\urbansound8k\audio/fold7/81788-2-0-51.wav,2,children_playing,7,"[0, 0, 2]"
196070-2-0-4,/tmp\sound_datasets\urbansound8k\audio/fold7/196070-2-0-4.wav,2,children_playing,7,"[0, 0, 2]"
123685-5-0-6,/tmp\sound_datasets\urbansound8k\audio/fold7/123685-5-0-6.wav,5,engine_idling,7,"[1, 2, 5]"
201988-5-0-17,/tmp\sound_datasets\urbansound8k\audio/fold7/201988-5-0-17.wav,5,engine_idling,7,"[1, 2, 5]"
164627-1-0-0,/tmp\sound_datasets\urbansound8k\audio/fold7/164627-1-0-0.wav,1,car_horn,7,"[1, 2, 1]"
39857-5-0-1,/tmp\sound_datasets\urbansound8k\audio/fold7/39857-5-0-1.wav,5,engine_idling,7,"[1, 2, 5]"
36264-9-0-5,/tmp\sound_datasets\urbansound8k\audio/fold7/36264-9-0-5.wav,9,street_music,7,"[3, 7, 9]"
183894-1-9-0,/tmp\sound_datasets\urbansound8k\audio/fold7/183894-1-9-0.wav,1,car_horn,7,"[1, 2, 1]"
77770-9-0-6,/tmp\sound_datasets\urbansound8k\audio/fold7/77770-9-0-6.wav,9,street_music,7,"[3, 7, 9]"
14772-7-4-0,/tmp\sound_datasets\urbansound8k\audio/fold7/14772-7-4-0.wav,7,jackhammer,7,"[2, 4, 7]"
177537-7-1-0,/tmp\sound_datasets\urbansound8k\audio/fold7/177537-7-1-0.wav,7,jackhammer,7,"[2, 4, 7]"
189981-0-0-6,/tmp\sound_datasets\urbansound8k\audio/fold7/189981-0-0-6.wav,0,air_conditioner,7,"[2, 5, 0]"
107357-8-1-3,/tmp\sound_datasets\urbansound8k\audio/fold7/107357-8-1-3.wav,8,siren,7,"[1, 3, 8]"
50629-4-1-11,/tmp\sound_datasets\urbansound8k\audio/fold7/50629-4-1-11.wav,4,drilling,7,"[2, 4, 4]"
171165-9-0-84,/tmp\sound_datasets\urbansound8k\audio/fold7/171165-9-0-84.wav,9,street_music,7,"[3, 7, 9]"
50629-4-2-0,/tmp\sound_datasets\urbansound8k\audio/fold7/50629-4-2-0.wav,4,drilling,7,"[2, 4, 4]"
165192-9-0-118,/tmp\sound_datasets\urbansound8k\audio/fold7/165192-9-0-118.wav,9,street_music,7,"[3, 7, 9]"
171184-9-0-18,/tmp\sound_datasets\urbansound8k\audio/fold7/171184-9-0-18.wav,9,street_music,7,"[3, 7, 9]"
177729-0-0-22,/tmp\sound_datasets\urbansound8k\audio/fold7/177729-0-0-22.wav,0,air_conditioner,7,"[2, 5, 0]"
209992-5-4-15,/tmp\sound_datasets\urbansound8k\audio/fold7/209992-5-4-15.wav,5,engine_idling,7,"[1, 2, 5]"
61789-9-0-10,/tmp\sound_datasets\urbansound8k\audio/fold7/61789-9-0-10.wav,9,street_music,7,"[3, 7, 9]"
157940-9-0-5,/tmp\sound_datasets\urbansound8k\audio/fold7/157940-9-0-5.wav,9,street_music,7,"[3, 7, 9]"
77770-9-0-15,/tmp\sound_datasets\urbansound8k\audio/fold7/77770-9-0-15.wav,9,street_music,7,"[3, 7, 9]"
177729-0-0-128,/tmp\sound_datasets\urbansound8k\audio/fold7/177729-0-0-128.wav,0,air_conditioner,7,"[2, 5, 0]"
189987-0-0-1,/tmp\sound_datasets\urbansound8k\audio/fold7/189987-0-0-1.wav,0,air_conditioner,7,"[2, 5, 0]"
181102-9-0-97,/tmp\sound_datasets\urbansound8k\audio/fold7/181102-9-0-97.wav,9,street_music,7,"[3, 7, 9]"
153057-1-0-0,/tmp\sound_datasets\urbansound8k\audio/fold7/153057-1-0-0.wav,1,car_horn,7,"[1, 2, 1]"
165192-9-0-87,/tmp\sound_datasets\urbansound8k\audio/fold7/165192-9-0-87.wav,9,street_music,7,"[3, 7, 9]"
118587-3-0-2,/tmp\sound_datasets\urbansound8k\audio/fold7/118587-3-0-2.wav,3,dog_bark,7,"[0, 1, 3]"
135527-6-6-0,/tmp\sound_datasets\urbansound8k\audio/fold7/135527-6-6-0.wav,6,gun_shot,7,"[2, 6, 6]"
158978-6-0-0,/tmp\sound_datasets\urbansound8k\audio/fold7/158978-6-0-0.wav,6,gun_shot,7,"[2, 6, 6]"
189987-0-0-0,/tmp\sound_datasets\urbansound8k\audio/fold7/189987-0-0-0.wav,0,air_conditioner,7,"[2, 5, 0]"
135527-6-12-0,/tmp\sound_datasets\urbansound8k\audio/fold7/135527-6-12-0.wav,6,gun_shot,7,"[2, 6, 6]"
157940-9-0-4,/tmp\sound_datasets\urbansound8k\audio/fold7/157940-9-0-4.wav,9,street_music,7,"[3, 7, 9]"
130961-4-4-0,/tmp\sound_datasets\urbansound8k\audio/fold7/130961-4-4-0.wav,4,drilling,7,"[2, 4, 4]"
165529-2-0-70,/tmp\sound_datasets\urbansound8k\audio/fold7/165529-2-0-70.wav,2,children_playing,7,"[0, 0, 2]"
34241-1-1-0,/tmp\sound_datasets\urbansound8k\audio/fold7/34241-1-1-0.wav,1,car_horn,7,"[1, 2, 1]"
171184-9-0-19,/tmp\sound_datasets\urbansound8k\audio/fold7/171184-9-0-19.wav,9,street_music,7,"[3, 7, 9]"
162728-1-0-0,/tmp\sound_datasets\urbansound8k\audio/fold7/162728-1-0-0.wav,1,car_horn,7,"[1, 2, 1]"
107357-8-1-2,/tmp\sound_datasets\urbansound8k\audio/fold7/107357-8-1-2.wav,8,siren,7,"[1, 3, 8]"
189981-0-0-7,/tmp\sound_datasets\urbansound8k\audio/fold7/189981-0-0-7.wav,0,air_conditioner,7,"[2, 5, 0]"
97606-7-4-0,/tmp\sound_datasets\urbansound8k\audio/fold7/97606-7-4-0.wav,7,jackhammer,7,"[2, 4, 7]"
177537-7-1-1,/tmp\sound_datasets\urbansound8k\audio/fold7/177537-7-1-1.wav,7,jackhammer,7,"[2, 4, 7]"
39857-5-0-0,/tmp\sound_datasets\urbansound8k\audio/fold7/39857-5-0-0.wav,5,engine_idling,7,"[1, 2, 5]"
201988-5-0-16,/tmp\sound_datasets\urbansound8k\audio/fold7/201988-5-0-16.wav,5,engine_idling,7,"[1, 2, 5]"
81788-2-0-44,/tmp\sound_datasets\urbansound8k\audio/fold7/81788-2-0-44.wav,2,children_playing,7,"[0, 0, 2]"
123685-5-0-7,/tmp\sound_datasets\urbansound8k\audio/fold7/123685-5-0-7.wav,5,engine_idling,7,"[1, 2, 5]"
196070-2-0-5,/tmp\sound_datasets\urbansound8k\audio/fold7/196070-2-0-5.wav,2,children_playing,7,"[0, 0, 2]"
107357-8-1-11,/tmp\sound_datasets\urbansound8k\audio/fold7/107357-8-1-11.wav,8,siren,7,"[1, 3, 8]"
177537-7-0-16,/tmp\sound_datasets\urbansound8k\audio/fold7/177537-7-0-16.wav,7,jackhammer,7,"[2, 4, 7]"
146845-0-0-16,/tmp\sound_datasets\urbansound8k\audio/fold7/146845-0-0-16.wav,0,air_conditioner,7,"[2, 5, 0]"
135527-6-14-6,/tmp\sound_datasets\urbansound8k\audio/fold7/135527-6-14-6.wav,6,gun_shot,7,"[2, 6, 6]"
201988-5-0-3,/tmp\sound_datasets\urbansound8k\audio/fold7/201988-5-0-3.wav,5,engine_idling,7,"[1, 2, 5]"
174284-6-1-0,/tmp\sound_datasets\urbansound8k\audio/fold7/174284-6-1-0.wav,6,gun_shot,7,"[2, 6, 6]"
104625-4-0-53,/tmp\sound_datasets\urbansound8k\audio/fold7/104625-4-0-53.wav,4,drilling,7,"[2, 4, 4]"
135527-6-14-2,/tmp\sound_datasets\urbansound8k\audio/fold7/135527-6-14-2.wav,6,gun_shot,7,"[2, 6, 6]"
104625-4-0-57,/tmp\sound_datasets\urbansound8k\audio/fold7/104625-4-0-57.wav,4,drilling,7,"[2, 4, 4]"
201988-5-0-7,/tmp\sound_datasets\urbansound8k\audio/fold7/201988-5-0-7.wav,5,engine_idling,7,"[1, 2, 5]"
28385-9-0-65,/tmp\sound_datasets\urbansound8k\audio/fold7/28385-9-0-65.wav,9,street_music,7,"[3, 7, 9]"
146845-0-0-12,/tmp\sound_datasets\urbansound8k\audio/fold7/146845-0-0-12.wav,0,air_conditioner,7,"[2, 5, 0]"
177537-7-0-12,/tmp\sound_datasets\urbansound8k\audio/fold7/177537-7-0-12.wav,7,jackhammer,7,"[2, 4, 7]"
107357-8-1-15,/tmp\sound_datasets\urbansound8k\audio/fold7/107357-8-1-15.wav,8,siren,7,"[1, 3, 8]"
130961-4-0-0,/tmp\sound_datasets\urbansound8k\audio/fold7/130961-4-0-0.wav,4,drilling,7,"[2, 4, 4]"
209992-5-1-4,/tmp\sound_datasets\urbansound8k\audio/fold7/209992-5-1-4.wav,5,engine_idling,7,"[1, 2, 5]"
196070-2-0-1,/tmp\sound_datasets\urbansound8k\audio/fold7/196070-2-0-1.wav,2,children_playing,7,"[0, 0, 2]"
123685-5-0-3,/tmp\sound_datasets\urbansound8k\audio/fold7/123685-5-0-3.wav,5,engine_idling,7,"[1, 2, 5]"
201988-5-0-12,/tmp\sound_datasets\urbansound8k\audio/fold7/201988-5-0-12.wav,5,engine_idling,7,"[1, 2, 5]"
177537-7-1-5,/tmp\sound_datasets\urbansound8k\audio/fold7/177537-7-1-5.wav,7,jackhammer,7,"[2, 4, 7]"
189981-0-0-3,/tmp\sound_datasets\urbansound8k\audio/fold7/189981-0-0-3.wav,0,air_conditioner,7,"[2, 5, 0]"
36264-9-0-0,/tmp\sound_datasets\urbansound8k\audio/fold7/36264-9-0-0.wav,9,street_music,7,"[3, 7, 9]"
43805-8-2-0,/tmp\sound_datasets\urbansound8k\audio/fold7/43805-8-2-0.wav,8,siren,7,"[1, 3, 8]"
207216-2-0-112,/tmp\sound_datasets\urbansound8k\audio/fold7/207216-2-0-112.wav,2,children_playing,7,"[0, 0, 2]"
135527-6-2-0,/tmp\sound_datasets\urbansound8k\audio/fold7/135527-6-2-0.wav,6,gun_shot,7,"[2, 6, 6]"
6902-2-0-12,/tmp\sound_datasets\urbansound8k\audio/fold7/6902-2-0-12.wav,2,children_playing,7,"[0, 0, 2]"
38236-3-3-0,/tmp\sound_datasets\urbansound8k\audio/fold7/38236-3-3-0.wav,3,dog_bark,7,"[0, 1, 3]"
107357-8-1-6,/tmp\sound_datasets\urbansound8k\audio/fold7/107357-8-1-6.wav,8,siren,7,"[1, 3, 8]"
209992-5-3-6,/tmp\sound_datasets\urbansound8k\audio/fold7/209992-5-3-6.wav,5,engine_idling,7,"[1, 2, 5]"
130961-4-2-2,/tmp\sound_datasets\urbansound8k\audio/fold7/130961-4-2-2.wav,4,drilling,7,"[2, 4, 4]"
50629-4-4-3,/tmp\sound_datasets\urbansound8k\audio/fold7/50629-4-4-3.wav,4,drilling,7,"[2, 4, 4]"
39857-5-4-0,/tmp\sound_datasets\urbansound8k\audio/fold7/39857-5-4-0.wav,5,engine_idling,7,"[1, 2, 5]"
177729-0-0-27,/tmp\sound_datasets\urbansound8k\audio/fold7/177729-0-0-27.wav,0,air_conditioner,7,"[2, 5, 0]"
97606-7-0-0,/tmp\sound_datasets\urbansound8k\audio/fold7/97606-7-0-0.wav,7,jackhammer,7,"[2, 4, 7]"
157940-9-0-0,/tmp\sound_datasets\urbansound8k\audio/fold7/157940-9-0-0.wav,9,street_music,7,"[3, 7, 9]"
177729-0-0-111,/tmp\sound_datasets\urbansound8k\audio/fold7/177729-0-0-111.wav,0,air_conditioner,7,"[2, 5, 0]"
43784-3-1-0,/tmp\sound_datasets\urbansound8k\audio/fold7/43784-3-1-0.wav,3,dog_bark,7,"[0, 1, 3]"
189987-0-0-4,/tmp\sound_datasets\urbansound8k\audio/fold7/189987-0-0-4.wav,0,air_conditioner,7,"[2, 5, 0]"
77751-7-9-0,/tmp\sound_datasets\urbansound8k\audio/fold7/77751-7-9-0.wav,7,jackhammer,7,"[2, 4, 7]"
77751-7-9-1,/tmp\sound_datasets\urbansound8k\audio/fold7/77751-7-9-1.wav,7,jackhammer,7,"[2, 4, 7]"
118587-3-0-6,/tmp\sound_datasets\urbansound8k\audio/fold7/118587-3-0-6.wav,3,dog_bark,7,"[0, 1, 3]"
181102-9-0-50,/tmp\sound_datasets\urbansound8k\audio/fold7/181102-9-0-50.wav,9,street_music,7,"[3, 7, 9]"
14772-7-0-0,/tmp\sound_datasets\urbansound8k\audio/fold7/14772-7-0-0.wav,7,jackhammer,7,"[2, 4, 7]"
196064-2-0-0,/tmp\sound_datasets\urbansound8k\audio/fold7/196064-2-0-0.wav,2,children_playing,7,"[0, 0, 2]"
61789-9-0-14,/tmp\sound_datasets\urbansound8k\audio/fold7/61789-9-0-14.wav,9,street_music,7,"[3, 7, 9]"
180257-3-0-3,/tmp\sound_datasets\urbansound8k\audio/fold7/180257-3-0-3.wav,3,dog_bark,7,"[0, 1, 3]"
107357-8-1-7,/tmp\sound_datasets\urbansound8k\audio/fold7/107357-8-1-7.wav,8,siren,7,"[1, 3, 8]"
115411-3-3-0,/tmp\sound_datasets\urbansound8k\audio/fold7/115411-3-3-0.wav,3,dog_bark,7,"[0, 1, 3]"
36264-9-0-1,/tmp\sound_datasets\urbansound8k\audio/fold7/36264-9-0-1.wav,9,street_music,7,"[3, 7, 9]"
189981-0-0-2,/tmp\sound_datasets\urbansound8k\audio/fold7/189981-0-0-2.wav,0,air_conditioner,7,"[2, 5, 0]"
177537-7-1-4,/tmp\sound_datasets\urbansound8k\audio/fold7/177537-7-1-4.wav,7,jackhammer,7,"[2, 4, 7]"
201988-5-0-13,/tmp\sound_datasets\urbansound8k\audio/fold7/201988-5-0-13.wav,5,engine_idling,7,"[1, 2, 5]"
123685-5-0-2,/tmp\sound_datasets\urbansound8k\audio/fold7/123685-5-0-2.wav,5,engine_idling,7,"[1, 2, 5]"
196070-2-0-0,/tmp\sound_datasets\urbansound8k\audio/fold7/196070-2-0-0.wav,2,children_playing,7,"[0, 0, 2]"
104625-4-1-8,/tmp\sound_datasets\urbansound8k\audio/fold7/104625-4-1-8.wav,4,drilling,7,"[2, 4, 4]"
146845-0-0-13,/tmp\sound_datasets\urbansound8k\audio/fold7/146845-0-0-13.wav,0,air_conditioner,7,"[2, 5, 0]"
107357-8-1-14,/tmp\sound_datasets\urbansound8k\audio/fold7/107357-8-1-14.wav,8,siren,7,"[1, 3, 8]"
177537-7-0-13,/tmp\sound_datasets\urbansound8k\audio/fold7/177537-7-0-13.wav,7,jackhammer,7,"[2, 4, 7]"
148828-6-1-0,/tmp\sound_datasets\urbansound8k\audio/fold7/148828-6-1-0.wav,6,gun_shot,7,"[2, 6, 6]"
81788-2-0-69,/tmp\sound_datasets\urbansound8k\audio/fold7/81788-2-0-69.wav,2,children_playing,7,"[0, 0, 2]"
201988-5-0-6,/tmp\sound_datasets\urbansound8k\audio/fold7/201988-5-0-6.wav,5,engine_idling,7,"[1, 2, 5]"
67049-3-0-2,/tmp\sound_datasets\urbansound8k\audio/fold7/67049-3-0-2.wav,3,dog_bark,7,"[0, 1, 3]"
135527-6-14-3,/tmp\sound_datasets\urbansound8k\audio/fold7/135527-6-14-3.wav,6,gun_shot,7,"[2, 6, 6]"
135527-6-14-1,/tmp\sound_datasets\urbansound8k\audio/fold7/135527-6-14-1.wav,6,gun_shot,7,"[2, 6, 6]"
104625-4-0-40,/tmp\sound_datasets\urbansound8k\audio/fold7/104625-4-0-40.wav,4,drilling,7,"[2, 4, 4]"
201988-5-0-4,/tmp\sound_datasets\urbansound8k\audio/fold7/201988-5-0-4.wav,5,engine_idling,7,"[1, 2, 5]"
67049-3-0-0,/tmp\sound_datasets\urbansound8k\audio/fold7/67049-3-0-0.wav,3,dog_bark,7,"[0, 1, 3]"
173891-9-0-11,/tmp\sound_datasets\urbansound8k\audio/fold7/173891-9-0-11.wav,9,street_music,7,"[3, 7, 9]"
196070-2-0-2,/tmp\sound_datasets\urbansound8k\audio/fold7/196070-2-0-2.wav,2,children_playing,7,"[0, 0, 2]"
209992-5-1-7,/tmp\sound_datasets\urbansound8k\audio/fold7/209992-5-1-7.wav,5,engine_idling,7,"[1, 2, 5]"
123685-5-0-0,/tmp\sound_datasets\urbansound8k\audio/fold7/123685-5-0-0.wav,5,engine_idling,7,"[1, 2, 5]"
201988-5-0-11,/tmp\sound_datasets\urbansound8k\audio/fold7/201988-5-0-11.wav,5,engine_idling,7,"[1, 2, 5]"
177537-7-0-11,/tmp\sound_datasets\urbansound8k\audio/fold7/177537-7-0-11.wav,7,jackhammer,7,"[2, 4, 7]"
107357-8-1-16,/tmp\sound_datasets\urbansound8k\audio/fold7/107357-8-1-16.wav,8,siren,7,"[1, 3, 8]"
146845-0-0-11,/tmp\sound_datasets\urbansound8k\audio/fold7/146845-0-0-11.wav,0,air_conditioner,7,"[2, 5, 0]"
189981-0-0-0,/tmp\sound_datasets\urbansound8k\audio/fold7/189981-0-0-0.wav,0,air_conditioner,7,"[2, 5, 0]"
177537-7-1-6,/tmp\sound_datasets\urbansound8k\audio/fold7/177537-7-1-6.wav,7,jackhammer,7,"[2, 4, 7]"
34871-3-11-0,/tmp\sound_datasets\urbansound8k\audio/fold7/34871-3-11-0.wav,3,dog_bark,7,"[0, 1, 3]"
61503-2-0-9,/tmp\sound_datasets\urbansound8k\audio/fold7/61503-2-0-9.wav,2,children_playing,7,"[0, 0, 2]"
130961-4-2-1,/tmp\sound_datasets\urbansound8k\audio/fold7/130961-4-2-1.wav,4,drilling,7,"[2, 4, 4]"
107357-8-1-5,/tmp\sound_datasets\urbansound8k\audio/fold7/107357-8-1-5.wav,8,siren,7,"[1, 3, 8]"
209992-5-3-5,/tmp\sound_datasets\urbansound8k\audio/fold7/209992-5-3-5.wav,5,engine_idling,7,"[1, 2, 5]"
71866-9-0-14,/tmp\sound_datasets\urbansound8k\audio/fold7/71866-9-0-14.wav,9,street_music,7,"[3, 7, 9]"
14772-7-2-0,/tmp\sound_datasets\urbansound8k\audio/fold7/14772-7-2-0.wav,7,jackhammer,7,"[2, 4, 7]"
27217-3-0-6,/tmp\sound_datasets\urbansound8k\audio/fold7/27217-3-0-6.wav,3,dog_bark,7,"[0, 1, 3]"
180257-3-0-1,/tmp\sound_datasets\urbansound8k\audio/fold7/180257-3-0-1.wav,3,dog_bark,7,"[0, 1, 3]"
155238-2-0-17,/tmp\sound_datasets\urbansound8k\audio/fold7/155238-2-0-17.wav,2,children_playing,7,"[0, 0, 2]"
191687-3-0-15,/tmp\sound_datasets\urbansound8k\audio/fold7/191687-3-0-15.wav,3,dog_bark,7,"[0, 1, 3]"
61789-9-0-16,/tmp\sound_datasets\urbansound8k\audio/fold7/61789-9-0-16.wav,9,street_music,7,"[3, 7, 9]"
50629-4-4-0,/tmp\sound_datasets\urbansound8k\audio/fold7/50629-4-4-0.wav,4,drilling,7,"[2, 4, 4]"
157940-9-0-3,/tmp\sound_datasets\urbansound8k\audio/fold7/157940-9-0-3.wav,9,street_music,7,"[3, 7, 9]"
158593-2-0-0,/tmp\sound_datasets\urbansound8k\audio/fold7/158593-2-0-0.wav,2,children_playing,7,"[0, 0, 2]"
89679-1-0-0,/tmp\sound_datasets\urbansound8k\audio/fold7/89679-1-0-0.wav,1,car_horn,7,"[1, 2, 1]"
177729-0-0-106,/tmp\sound_datasets\urbansound8k\audio/fold7/177729-0-0-106.wav,0,air_conditioner,7,"[2, 5, 0]"
89443-9-0-16,/tmp\sound_datasets\urbansound8k\audio/fold7/89443-9-0-16.wav,9,street_music,7,"[3, 7, 9]"
77751-7-9-3,/tmp\sound_datasets\urbansound8k\audio/fold7/77751-7-9-3.wav,7,jackhammer,7,"[2, 4, 7]"
77751-7-9-2,/tmp\sound_datasets\urbansound8k\audio/fold7/77751-7-9-2.wav,7,jackhammer,7,"[2, 4, 7]"
89443-9-0-17,/tmp\sound_datasets\urbansound8k\audio/fold7/89443-9-0-17.wav,9,street_music,7,"[3, 7, 9]"
178115-1-0-0,/tmp\sound_datasets\urbansound8k\audio/fold7/178115-1-0-0.wav,1,car_horn,7,"[1, 2, 1]"
157940-9-0-2,/tmp\sound_datasets\urbansound8k\audio/fold7/157940-9-0-2.wav,9,street_music,7,"[3, 7, 9]"
34871-3-9-0,/tmp\sound_datasets\urbansound8k\audio/fold7/34871-3-9-0.wav,3,dog_bark,7,"[0, 1, 3]"
21683-9-0-15,/tmp\sound_datasets\urbansound8k\audio/fold7/21683-9-0-15.wav,9,street_music,7,"[3, 7, 9]"
158593-2-0-31,/tmp\sound_datasets\urbansound8k\audio/fold7/158593-2-0-31.wav,2,children_playing,7,"[0, 0, 2]"
171184-9-0-23,/tmp\sound_datasets\urbansound8k\audio/fold7/171184-9-0-23.wav,9,street_music,7,"[3, 7, 9]"
97606-7-2-0,/tmp\sound_datasets\urbansound8k\audio/fold7/97606-7-2-0.wav,7,jackhammer,7,"[2, 4, 7]"
107357-8-1-4,/tmp\sound_datasets\urbansound8k\audio/fold7/107357-8-1-4.wav,8,siren,7,"[1, 3, 8]"
36264-9-0-2,/tmp\sound_datasets\urbansound8k\audio/fold7/36264-9-0-2.wav,9,street_music,7,"[3, 7, 9]"
77770-9-0-1,/tmp\sound_datasets\urbansound8k\audio/fold7/77770-9-0-1.wav,9,street_music,7,"[3, 7, 9]"
61503-2-0-8,/tmp\sound_datasets\urbansound8k\audio/fold7/61503-2-0-8.wav,2,children_playing,7,"[0, 0, 2]"
177537-7-1-7,/tmp\sound_datasets\urbansound8k\audio/fold7/177537-7-1-7.wav,7,jackhammer,7,"[2, 4, 7]"
171165-9-0-54,/tmp\sound_datasets\urbansound8k\audio/fold7/171165-9-0-54.wav,9,street_music,7,"[3, 7, 9]"
189981-0-0-1,/tmp\sound_datasets\urbansound8k\audio/fold7/189981-0-0-1.wav,0,air_conditioner,7,"[2, 5, 0]"
107357-8-1-17,/tmp\sound_datasets\urbansound8k\audio/fold7/107357-8-1-17.wav,8,siren,7,"[1, 3, 8]"
177537-7-0-10,/tmp\sound_datasets\urbansound8k\audio/fold7/177537-7-0-10.wav,7,jackhammer,7,"[2, 4, 7]"
146845-0-0-10,/tmp\sound_datasets\urbansound8k\audio/fold7/146845-0-0-10.wav,0,air_conditioner,7,"[2, 5, 0]"
201988-5-0-10,/tmp\sound_datasets\urbansound8k\audio/fold7/201988-5-0-10.wav,5,engine_idling,7,"[1, 2, 5]"
123685-5-0-1,/tmp\sound_datasets\urbansound8k\audio/fold7/123685-5-0-1.wav,5,engine_idling,7,"[1, 2, 5]"
196070-2-0-3,/tmp\sound_datasets\urbansound8k\audio/fold7/196070-2-0-3.wav,2,children_playing,7,"[0, 0, 2]"
155315-3-0-0,/tmp\sound_datasets\urbansound8k\audio/fold7/155315-3-0-0.wav,3,dog_bark,7,"[0, 1, 3]"
43805-8-0-0,/tmp\sound_datasets\urbansound8k\audio/fold7/43805-8-0-0.wav,8,siren,7,"[1, 3, 8]"
135527-6-0-0,/tmp\sound_datasets\urbansound8k\audio/fold7/135527-6-0-0.wav,6,gun_shot,7,"[2, 6, 6]"
173891-9-0-10,/tmp\sound_datasets\urbansound8k\audio/fold7/173891-9-0-10.wav,9,street_music,7,"[3, 7, 9]"
67049-3-0-1,/tmp\sound_datasets\urbansound8k\audio/fold7/67049-3-0-1.wav,3,dog_bark,7,"[0, 1, 3]"
104625-4-0-55,/tmp\sound_datasets\urbansound8k\audio/fold7/104625-4-0-55.wav,4,drilling,7,"[2, 4, 4]"
104625-4-0-41,/tmp\sound_datasets\urbansound8k\audio/fold7/104625-4-0-41.wav,4,drilling,7,"[2, 4, 4]"
197080-3-1-0,/tmp\sound_datasets\urbansound8k\audio/fold7/197080-3-1-0.wav,3,dog_bark,7,"[0, 1, 3]"
201988-5-0-5,/tmp\sound_datasets\urbansound8k\audio/fold7/201988-5-0-5.wav,5,engine_idling,7,"[1, 2, 5]"
135527-6-14-0,/tmp\sound_datasets\urbansound8k\audio/fold7/135527-6-14-0.wav,6,gun_shot,7,"[2, 6, 6]"
99179-9-0-12,/tmp\sound_datasets\urbansound8k\audio/fold8/99179-9-0-12.wav,9,street_music,8,"[3, 7, 9]"
145206-6-4-0,/tmp\sound_datasets\urbansound8k\audio/fold8/145206-6-4-0.wav,6,gun_shot,8,"[2, 6, 6]"
155217-9-1-24,/tmp\sound_datasets\urbansound8k\audio/fold8/155217-9-1-24.wav,9,street_music,8,"[3, 7, 9]"
193699-2-0-109,/tmp\sound_datasets\urbansound8k\audio/fold8/193699-2-0-109.wav,2,children_playing,8,"[0, 0, 2]"
148632-8-0-13,/tmp\sound_datasets\urbansound8k\audio/fold8/148632-8-0-13.wav,8,siren,8,"[1, 3, 8]"
122199-3-1-6,/tmp\sound_datasets\urbansound8k\audio/fold8/122199-3-1-6.wav,3,dog_bark,8,"[0, 1, 3]"
36429-2-0-14,/tmp\sound_datasets\urbansound8k\audio/fold8/36429-2-0-14.wav,2,children_playing,8,"[0, 0, 2]"
113202-5-0-0,/tmp\sound_datasets\urbansound8k\audio/fold8/113202-5-0-0.wav,5,engine_idling,8,"[1, 2, 5]"
113203-5-3-1,/tmp\sound_datasets\urbansound8k\audio/fold8/113203-5-3-1.wav,5,engine_idling,8,"[1, 2, 5]"
156358-5-0-2,/tmp\sound_datasets\urbansound8k\audio/fold8/156358-5-0-2.wav,5,engine_idling,8,"[1, 2, 5]"
180134-4-2-3,/tmp\sound_datasets\urbansound8k\audio/fold8/180134-4-2-3.wav,4,drilling,8,"[2, 4, 4]"
81787-2-0-0,/tmp\sound_datasets\urbansound8k\audio/fold8/81787-2-0-0.wav,2,children_playing,8,"[0, 0, 2]"
205610-4-0-2,/tmp\sound_datasets\urbansound8k\audio/fold8/205610-4-0-2.wav,4,drilling,8,"[2, 4, 4]"
54914-2-0-27,/tmp\sound_datasets\urbansound8k\audio/fold8/54914-2-0-27.wav,2,children_playing,8,"[0, 0, 2]"
113216-5-0-0,/tmp\sound_datasets\urbansound8k\audio/fold8/113216-5-0-0.wav,5,engine_idling,8,"[1, 2, 5]"
126153-9-0-5,/tmp\sound_datasets\urbansound8k\audio/fold8/126153-9-0-5.wav,9,street_music,8,"[3, 7, 9]"
39967-9-0-56,/tmp\sound_datasets\urbansound8k\audio/fold8/39967-9-0-56.wav,9,street_music,8,"[3, 7, 9]"
168037-4-9-0,/tmp\sound_datasets\urbansound8k\audio/fold8/168037-4-9-0.wav,4,drilling,8,"[2, 4, 4]"
114280-3-0-0,/tmp\sound_datasets\urbansound8k\audio/fold8/114280-3-0-0.wav,3,dog_bark,8,"[0, 1, 3]"
125678-7-4-8,/tmp\sound_datasets\urbansound8k\audio/fold8/125678-7-4-8.wav,7,jackhammer,8,"[2, 4, 7]"
96657-8-0-0,/tmp\sound_datasets\urbansound8k\audio/fold8/96657-8-0-0.wav,8,siren,8,"[1, 3, 8]"
113202-5-0-16,/tmp\sound_datasets\urbansound8k\audio/fold8/113202-5-0-16.wav,5,engine_idling,8,"[1, 2, 5]"
148632-8-0-1,/tmp\sound_datasets\urbansound8k\audio/fold8/148632-8-0-1.wav,8,siren,8,"[1, 3, 8]"
72221-3-4-7,/tmp\sound_datasets\urbansound8k\audio/fold8/72221-3-4-7.wav,3,dog_bark,8,"[0, 1, 3]"
76266-2-0-50,/tmp\sound_datasets\urbansound8k\audio/fold8/76266-2-0-50.wav,2,children_playing,8,"[0, 0, 2]"
148632-8-0-0,/tmp\sound_datasets\urbansound8k\audio/fold8/148632-8-0-0.wav,8,siren,8,"[1, 3, 8]"
160016-2-0-40,/tmp\sound_datasets\urbansound8k\audio/fold8/160016-2-0-40.wav,2,children_playing,8,"[0, 0, 2]"
113202-5-0-17,/tmp\sound_datasets\urbansound8k\audio/fold8/113202-5-0-17.wav,5,engine_idling,8,"[1, 2, 5]"
96657-8-0-1,/tmp\sound_datasets\urbansound8k\audio/fold8/96657-8-0-1.wav,8,siren,8,"[1, 3, 8]"
114280-3-0-1,/tmp\sound_datasets\urbansound8k\audio/fold8/114280-3-0-1.wav,3,dog_bark,8,"[0, 1, 3]"
126153-9-0-4,/tmp\sound_datasets\urbansound8k\audio/fold8/126153-9-0-4.wav,9,street_music,8,"[3, 7, 9]"
113216-5-0-1,/tmp\sound_datasets\urbansound8k\audio/fold8/113216-5-0-1.wav,5,engine_idling,8,"[1, 2, 5]"
54914-2-0-26,/tmp\sound_datasets\urbansound8k\audio/fold8/54914-2-0-26.wav,2,children_playing,8,"[0, 0, 2]"
205610-4-0-3,/tmp\sound_datasets\urbansound8k\audio/fold8/205610-4-0-3.wav,4,drilling,8,"[2, 4, 4]"
204526-2-0-166,/tmp\sound_datasets\urbansound8k\audio/fold8/204526-2-0-166.wav,2,children_playing,8,"[0, 0, 2]"
156358-5-0-3,/tmp\sound_datasets\urbansound8k\audio/fold8/156358-5-0-3.wav,5,engine_idling,8,"[1, 2, 5]"
168037-4-10-0,/tmp\sound_datasets\urbansound8k\audio/fold8/168037-4-10-0.wav,4,drilling,8,"[2, 4, 4]"
113203-5-3-0,/tmp\sound_datasets\urbansound8k\audio/fold8/113203-5-3-0.wav,5,engine_idling,8,"[1, 2, 5]"
113202-5-0-1,/tmp\sound_datasets\urbansound8k\audio/fold8/113202-5-0-1.wav,5,engine_idling,8,"[1, 2, 5]"
36429-2-0-15,/tmp\sound_datasets\urbansound8k\audio/fold8/36429-2-0-15.wav,2,children_playing,8,"[0, 0, 2]"
103076-3-1-0,/tmp\sound_datasets\urbansound8k\audio/fold8/103076-3-1-0.wav,3,dog_bark,8,"[0, 1, 3]"
161129-4-0-16,/tmp\sound_datasets\urbansound8k\audio/fold8/161129-4-0-16.wav,4,drilling,8,"[2, 4, 4]"
177726-0-0-5,/tmp\sound_datasets\urbansound8k\audio/fold8/177726-0-0-5.wav,0,air_conditioner,8,"[2, 5, 0]"
148632-8-0-12,/tmp\sound_datasets\urbansound8k\audio/fold8/148632-8-0-12.wav,8,siren,8,"[1, 3, 8]"
113203-5-1-2,/tmp\sound_datasets\urbansound8k\audio/fold8/113203-5-1-2.wav,5,engine_idling,8,"[1, 2, 5]"
171243-9-0-91,/tmp\sound_datasets\urbansound8k\audio/fold8/171243-9-0-91.wav,9,street_music,8,"[3, 7, 9]"
50668-5-6-0,/tmp\sound_datasets\urbansound8k\audio/fold8/50668-5-6-0.wav,5,engine_idling,8,"[1, 2, 5]"
171243-9-0-85,/tmp\sound_datasets\urbansound8k\audio/fold8/171243-9-0-85.wav,9,street_music,8,"[3, 7, 9]"
14386-9-0-2,/tmp\sound_datasets\urbansound8k\audio/fold8/14386-9-0-2.wav,9,street_music,8,"[3, 7, 9]"
162103-0-0-9,/tmp\sound_datasets\urbansound8k\audio/fold8/162103-0-0-9.wav,0,air_conditioner,8,"[2, 5, 0]"
81787-2-0-39,/tmp\sound_datasets\urbansound8k\audio/fold8/81787-2-0-39.wav,2,children_playing,8,"[0, 0, 2]"
157868-8-0-9,/tmp\sound_datasets\urbansound8k\audio/fold8/157868-8-0-9.wav,8,siren,8,"[1, 3, 8]"
148632-8-0-10,/tmp\sound_datasets\urbansound8k\audio/fold8/148632-8-0-10.wav,8,siren,8,"[1, 3, 8]"
177726-0-0-7,/tmp\sound_datasets\urbansound8k\audio/fold8/177726-0-0-7.wav,0,air_conditioner,8,"[2, 5, 0]"
168037-4-12-0,/tmp\sound_datasets\urbansound8k\audio/fold8/168037-4-12-0.wav,4,drilling,8,"[2, 4, 4]"
113203-5-1-0,/tmp\sound_datasets\urbansound8k\audio/fold8/113203-5-1-0.wav,5,engine_idling,8,"[1, 2, 5]"
50668-5-4-0,/tmp\sound_datasets\urbansound8k\audio/fold8/50668-5-4-0.wav,5,engine_idling,8,"[1, 2, 5]"
66324-9-0-4,/tmp\sound_datasets\urbansound8k\audio/fold8/66324-9-0-4.wav,9,street_music,8,"[3, 7, 9]"
113202-5-0-3,/tmp\sound_datasets\urbansound8k\audio/fold8/113202-5-0-3.wav,5,engine_idling,8,"[1, 2, 5]"
49974-1-0-0,/tmp\sound_datasets\urbansound8k\audio/fold8/49974-1-0-0.wav,1,car_horn,8,"[1, 2, 1]"
180134-4-2-0,/tmp\sound_datasets\urbansound8k\audio/fold8/180134-4-2-0.wav,4,drilling,8,"[2, 4, 4]"
76085-4-0-38,/tmp\sound_datasets\urbansound8k\audio/fold8/76085-4-0-38.wav,4,drilling,8,"[2, 4, 4]"
156358-5-0-1,/tmp\sound_datasets\urbansound8k\audio/fold8/156358-5-0-1.wav,5,engine_idling,8,"[1, 2, 5]"
70168-3-1-20,/tmp\sound_datasets\urbansound8k\audio/fold8/70168-3-1-20.wav,3,dog_bark,8,"[0, 1, 3]"
126153-9-0-6,/tmp\sound_datasets\urbansound8k\audio/fold8/126153-9-0-6.wav,9,street_music,8,"[3, 7, 9]"
205610-4-0-1,/tmp\sound_datasets\urbansound8k\audio/fold8/205610-4-0-1.wav,4,drilling,8,"[2, 4, 4]"
113216-5-0-3,/tmp\sound_datasets\urbansound8k\audio/fold8/113216-5-0-3.wav,5,engine_idling,8,"[1, 2, 5]"
96657-8-0-3,/tmp\sound_datasets\urbansound8k\audio/fold8/96657-8-0-3.wav,8,siren,8,"[1, 3, 8]"
113202-5-0-15,/tmp\sound_datasets\urbansound8k\audio/fold8/113202-5-0-15.wav,5,engine_idling,8,"[1, 2, 5]"
148632-8-0-2,/tmp\sound_datasets\urbansound8k\audio/fold8/148632-8-0-2.wav,8,siren,8,"[1, 3, 8]"
157649-3-1-1,/tmp\sound_datasets\urbansound8k\audio/fold8/157649-3-1-1.wav,3,dog_bark,8,"[0, 1, 3]"
33340-7-8-0,/tmp\sound_datasets\urbansound8k\audio/fold8/33340-7-8-0.wav,7,jackhammer,8,"[2, 4, 7]"
76266-2-0-46,/tmp\sound_datasets\urbansound8k\audio/fold8/76266-2-0-46.wav,2,children_playing,8,"[0, 0, 2]"
193699-2-0-3,/tmp\sound_datasets\urbansound8k\audio/fold8/193699-2-0-3.wav,2,children_playing,8,"[0, 0, 2]"
148632-8-0-3,/tmp\sound_datasets\urbansound8k\audio/fold8/148632-8-0-3.wav,8,siren,8,"[1, 3, 8]"
76266-2-0-91,/tmp\sound_datasets\urbansound8k\audio/fold8/76266-2-0-91.wav,2,children_playing,8,"[0, 0, 2]"
72221-3-4-5,/tmp\sound_datasets\urbansound8k\audio/fold8/72221-3-4-5.wav,3,dog_bark,8,"[0, 1, 3]"
113202-5-0-28,/tmp\sound_datasets\urbansound8k\audio/fold8/113202-5-0-28.wav,5,engine_idling,8,"[1, 2, 5]"
113202-5-0-14,/tmp\sound_datasets\urbansound8k\audio/fold8/113202-5-0-14.wav,5,engine_idling,8,"[1, 2, 5]"
96657-8-0-2,/tmp\sound_datasets\urbansound8k\audio/fold8/96657-8-0-2.wav,8,siren,8,"[1, 3, 8]"
54914-2-0-3,/tmp\sound_datasets\urbansound8k\audio/fold8/54914-2-0-3.wav,2,children_playing,8,"[0, 0, 2]"
74677-0-0-28,/tmp\sound_datasets\urbansound8k\audio/fold8/74677-0-0-28.wav,0,air_conditioner,8,"[2, 5, 0]"
74677-0-0-14,/tmp\sound_datasets\urbansound8k\audio/fold8/74677-0-0-14.wav,0,air_conditioner,8,"[2, 5, 0]"
113216-5-0-2,/tmp\sound_datasets\urbansound8k\audio/fold8/113216-5-0-2.wav,5,engine_idling,8,"[1, 2, 5]"
207214-2-0-54,/tmp\sound_datasets\urbansound8k\audio/fold8/207214-2-0-54.wav,2,children_playing,8,"[0, 0, 2]"
205610-4-0-0,/tmp\sound_datasets\urbansound8k\audio/fold8/205610-4-0-0.wav,4,drilling,8,"[2, 4, 4]"
207214-2-0-68,/tmp\sound_datasets\urbansound8k\audio/fold8/207214-2-0-68.wav,2,children_playing,8,"[0, 0, 2]"
169043-2-0-21,/tmp\sound_datasets\urbansound8k\audio/fold8/169043-2-0-21.wav,2,children_playing,8,"[0, 0, 2]"
180134-4-2-1,/tmp\sound_datasets\urbansound8k\audio/fold8/180134-4-2-1.wav,4,drilling,8,"[2, 4, 4]"
142003-2-0-8,/tmp\sound_datasets\urbansound8k\audio/fold8/142003-2-0-8.wav,2,children_playing,8,"[0, 0, 2]"
156358-5-0-0,/tmp\sound_datasets\urbansound8k\audio/fold8/156358-5-0-0.wav,5,engine_idling,8,"[1, 2, 5]"
113202-5-0-2,/tmp\sound_datasets\urbansound8k\audio/fold8/113202-5-0-2.wav,5,engine_idling,8,"[1, 2, 5]"
161129-4-0-15,/tmp\sound_datasets\urbansound8k\audio/fold8/161129-4-0-15.wav,4,drilling,8,"[2, 4, 4]"
113203-5-1-1,/tmp\sound_datasets\urbansound8k\audio/fold8/113203-5-1-1.wav,5,engine_idling,8,"[1, 2, 5]"
177726-0-0-6,/tmp\sound_datasets\urbansound8k\audio/fold8/177726-0-0-6.wav,0,air_conditioner,8,"[2, 5, 0]"
148632-8-0-11,/tmp\sound_datasets\urbansound8k\audio/fold8/148632-8-0-11.wav,8,siren,8,"[1, 3, 8]"
157868-8-0-8,/tmp\sound_datasets\urbansound8k\audio/fold8/157868-8-0-8.wav,8,siren,8,"[1, 3, 8]"
162103-0-0-8,/tmp\sound_datasets\urbansound8k\audio/fold8/162103-0-0-8.wav,0,air_conditioner,8,"[2, 5, 0]"
99179-9-0-38,/tmp\sound_datasets\urbansound8k\audio/fold8/99179-9-0-38.wav,9,street_music,8,"[3, 7, 9]"
161129-4-0-9,/tmp\sound_datasets\urbansound8k\audio/fold8/161129-4-0-9.wav,4,drilling,8,"[2, 4, 4]"
107090-1-0-0,/tmp\sound_datasets\urbansound8k\audio/fold8/107090-1-0-0.wav,1,car_horn,8,"[1, 2, 1]"
125678-7-2-8,/tmp\sound_datasets\urbansound8k\audio/fold8/125678-7-2-8.wav,7,jackhammer,8,"[2, 4, 7]"
81787-2-0-14,/tmp\sound_datasets\urbansound8k\audio/fold8/81787-2-0-14.wav,2,children_playing,8,"[0, 0, 2]"
148632-8-0-15,/tmp\sound_datasets\urbansound8k\audio/fold8/148632-8-0-15.wav,8,siren,8,"[1, 3, 8]"
177726-0-0-2,/tmp\sound_datasets\urbansound8k\audio/fold8/177726-0-0-2.wav,0,air_conditioner,8,"[2, 5, 0]"
34866-9-0-9,/tmp\sound_datasets\urbansound8k\audio/fold8/34866-9-0-9.wav,9,street_music,8,"[3, 7, 9]"
155294-3-0-0,/tmp\sound_datasets\urbansound8k\audio/fold8/155294-3-0-0.wav,3,dog_bark,8,"[0, 1, 3]"
161129-4-0-11,/tmp\sound_datasets\urbansound8k\audio/fold8/161129-4-0-11.wav,4,drilling,8,"[2, 4, 4]"
156358-5-0-4,/tmp\sound_datasets\urbansound8k\audio/fold8/156358-5-0-4.wav,5,engine_idling,8,"[1, 2, 5]"
180134-4-2-5,/tmp\sound_datasets\urbansound8k\audio/fold8/180134-4-2-5.wav,4,drilling,8,"[2, 4, 4]"
113202-5-0-6,/tmp\sound_datasets\urbansound8k\audio/fold8/113202-5-0-6.wav,5,engine_idling,8,"[1, 2, 5]"
54914-2-0-35,/tmp\sound_datasets\urbansound8k\audio/fold8/54914-2-0-35.wav,2,children_playing,8,"[0, 0, 2]"
205610-4-0-4,/tmp\sound_datasets\urbansound8k\audio/fold8/205610-4-0-4.wav,4,drilling,8,"[2, 4, 4]"
180132-4-0-0,/tmp\sound_datasets\urbansound8k\audio/fold8/180132-4-0-0.wav,4,drilling,8,"[2, 4, 4]"
39967-9-0-78,/tmp\sound_datasets\urbansound8k\audio/fold8/39967-9-0-78.wav,9,street_music,8,"[3, 7, 9]"
74677-0-0-38,/tmp\sound_datasets\urbansound8k\audio/fold8/74677-0-0-38.wav,0,air_conditioner,8,"[2, 5, 0]"
74677-0-0-10,/tmp\sound_datasets\urbansound8k\audio/fold8/74677-0-0-10.wav,0,air_conditioner,8,"[2, 5, 0]"
39967-9-0-44,/tmp\sound_datasets\urbansound8k\audio/fold8/39967-9-0-44.wav,9,street_music,8,"[3, 7, 9]"
171464-3-0-0,/tmp\sound_datasets\urbansound8k\audio/fold8/171464-3-0-0.wav,3,dog_bark,8,"[0, 1, 3]"
66599-9-1-11,/tmp\sound_datasets\urbansound8k\audio/fold8/66599-9-1-11.wav,9,street_music,8,"[3, 7, 9]"
50668-5-0-1,/tmp\sound_datasets\urbansound8k\audio/fold8/50668-5-0-1.wav,5,engine_idling,8,"[1, 2, 5]"
145206-6-2-0,/tmp\sound_datasets\urbansound8k\audio/fold8/145206-6-2-0.wav,6,gun_shot,8,"[2, 6, 6]"
72221-3-4-1,/tmp\sound_datasets\urbansound8k\audio/fold8/72221-3-4-1.wav,3,dog_bark,8,"[0, 1, 3]"
148632-8-0-7,/tmp\sound_datasets\urbansound8k\audio/fold8/148632-8-0-7.wav,8,siren,8,"[1, 3, 8]"
113202-5-0-10,/tmp\sound_datasets\urbansound8k\audio/fold8/113202-5-0-10.wav,5,engine_idling,8,"[1, 2, 5]"
54383-0-0-8,/tmp\sound_datasets\urbansound8k\audio/fold8/54383-0-0-8.wav,0,air_conditioner,8,"[2, 5, 0]"
54383-0-0-9,/tmp\sound_datasets\urbansound8k\audio/fold8/54383-0-0-9.wav,0,air_conditioner,8,"[2, 5, 0]"
193699-2-0-62,/tmp\sound_datasets\urbansound8k\audio/fold8/193699-2-0-62.wav,2,children_playing,8,"[0, 0, 2]"
113202-5-0-11,/tmp\sound_datasets\urbansound8k\audio/fold8/113202-5-0-11.wav,5,engine_idling,8,"[1, 2, 5]"
148632-8-0-6,/tmp\sound_datasets\urbansound8k\audio/fold8/148632-8-0-6.wav,8,siren,8,"[1, 3, 8]"
50668-5-0-0,/tmp\sound_datasets\urbansound8k\audio/fold8/50668-5-0-0.wav,5,engine_idling,8,"[1, 2, 5]"
76266-2-0-80,/tmp\sound_datasets\urbansound8k\audio/fold8/76266-2-0-80.wav,2,children_playing,8,"[0, 0, 2]"
95549-3-0-14,/tmp\sound_datasets\urbansound8k\audio/fold8/95549-3-0-14.wav,3,dog_bark,8,"[0, 1, 3]"
196561-3-0-16,/tmp\sound_datasets\urbansound8k\audio/fold8/196561-3-0-16.wav,3,dog_bark,8,"[0, 1, 3]"
113203-5-5-0,/tmp\sound_datasets\urbansound8k\audio/fold8/113203-5-5-0.wav,5,engine_idling,8,"[1, 2, 5]"
204526-2-0-160,/tmp\sound_datasets\urbansound8k\audio/fold8/204526-2-0-160.wav,2,children_playing,8,"[0, 0, 2]"
205610-4-0-5,/tmp\sound_datasets\urbansound8k\audio/fold8/205610-4-0-5.wav,4,drilling,8,"[2, 4, 4]"
54914-2-0-34,/tmp\sound_datasets\urbansound8k\audio/fold8/54914-2-0-34.wav,2,children_playing,8,"[0, 0, 2]"
36429-2-0-13,/tmp\sound_datasets\urbansound8k\audio/fold8/36429-2-0-13.wav,2,children_playing,8,"[0, 0, 2]"
76085-4-0-14,/tmp\sound_datasets\urbansound8k\audio/fold8/76085-4-0-14.wav,4,drilling,8,"[2, 4, 4]"
113202-5-0-7,/tmp\sound_datasets\urbansound8k\audio/fold8/113202-5-0-7.wav,5,engine_idling,8,"[1, 2, 5]"
169043-2-0-24,/tmp\sound_datasets\urbansound8k\audio/fold8/169043-2-0-24.wav,2,children_playing,8,"[0, 0, 2]"
70168-3-1-24,/tmp\sound_datasets\urbansound8k\audio/fold8/70168-3-1-24.wav,3,dog_bark,8,"[0, 1, 3]"
156358-5-0-5,/tmp\sound_datasets\urbansound8k\audio/fold8/156358-5-0-5.wav,5,engine_idling,8,"[1, 2, 5]"
180134-4-2-4,/tmp\sound_datasets\urbansound8k\audio/fold8/180134-4-2-4.wav,4,drilling,8,"[2, 4, 4]"
161129-4-0-10,/tmp\sound_datasets\urbansound8k\audio/fold8/161129-4-0-10.wav,4,drilling,8,"[2, 4, 4]"
122199-3-1-1,/tmp\sound_datasets\urbansound8k\audio/fold8/122199-3-1-1.wav,3,dog_bark,8,"[0, 1, 3]"
177726-0-0-3,/tmp\sound_datasets\urbansound8k\audio/fold8/177726-0-0-3.wav,0,air_conditioner,8,"[2, 5, 0]"
148632-8-0-14,/tmp\sound_datasets\urbansound8k\audio/fold8/148632-8-0-14.wav,8,siren,8,"[1, 3, 8]"
161129-4-0-8,/tmp\sound_datasets\urbansound8k\audio/fold8/161129-4-0-8.wav,4,drilling,8,"[2, 4, 4]"
131571-6-0-0,/tmp\sound_datasets\urbansound8k\audio/fold8/131571-6-0-0.wav,6,gun_shot,8,"[2, 6, 6]"
14386-9-0-6,/tmp\sound_datasets\urbansound8k\audio/fold8/14386-9-0-6.wav,9,street_music,8,"[3, 7, 9]"
171243-9-0-81,/tmp\sound_datasets\urbansound8k\audio/fold8/171243-9-0-81.wav,9,street_music,8,"[3, 7, 9]"
99179-9-0-17,/tmp\sound_datasets\urbansound8k\audio/fold8/99179-9-0-17.wav,9,street_music,8,"[3, 7, 9]"
148632-8-0-16,/tmp\sound_datasets\urbansound8k\audio/fold8/148632-8-0-16.wav,8,siren,8,"[1, 3, 8]"
177726-0-0-1,/tmp\sound_datasets\urbansound8k\audio/fold8/177726-0-0-1.wav,0,air_conditioner,8,"[2, 5, 0]"
171243-9-0-123,/tmp\sound_datasets\urbansound8k\audio/fold8/171243-9-0-123.wav,9,street_music,8,"[3, 7, 9]"
122199-3-1-3,/tmp\sound_datasets\urbansound8k\audio/fold8/122199-3-1-3.wav,3,dog_bark,8,"[0, 1, 3]"
161129-4-0-12,/tmp\sound_datasets\urbansound8k\audio/fold8/161129-4-0-12.wav,4,drilling,8,"[2, 4, 4]"
125678-7-0-9,/tmp\sound_datasets\urbansound8k\audio/fold8/125678-7-0-9.wav,7,jackhammer,8,"[2, 4, 7]"
180134-4-2-6,/tmp\sound_datasets\urbansound8k\audio/fold8/180134-4-2-6.wav,4,drilling,8,"[2, 4, 4]"
113202-5-0-5,/tmp\sound_datasets\urbansound8k\audio/fold8/113202-5-0-5.wav,5,engine_idling,8,"[1, 2, 5]"
50668-5-2-0,/tmp\sound_datasets\urbansound8k\audio/fold8/50668-5-2-0.wav,5,engine_idling,8,"[1, 2, 5]"
126153-9-0-0,/tmp\sound_datasets\urbansound8k\audio/fold8/126153-9-0-0.wav,9,street_music,8,"[3, 7, 9]"
74677-0-0-13,/tmp\sound_datasets\urbansound8k\audio/fold8/74677-0-0-13.wav,0,air_conditioner,8,"[2, 5, 0]"
148632-8-0-4,/tmp\sound_datasets\urbansound8k\audio/fold8/148632-8-0-4.wav,8,siren,8,"[1, 3, 8]"
190996-3-0-0,/tmp\sound_datasets\urbansound8k\audio/fold8/190996-3-0-0.wav,3,dog_bark,8,"[0, 1, 3]"
50668-5-0-2,/tmp\sound_datasets\urbansound8k\audio/fold8/50668-5-0-2.wav,5,engine_idling,8,"[1, 2, 5]"
113202-5-0-13,/tmp\sound_datasets\urbansound8k\audio/fold8/113202-5-0-13.wav,5,engine_idling,8,"[1, 2, 5]"
167702-4-8-0,/tmp\sound_datasets\urbansound8k\audio/fold8/167702-4-8-0.wav,4,drilling,8,"[2, 4, 4]"
76266-2-0-55,/tmp\sound_datasets\urbansound8k\audio/fold8/76266-2-0-55.wav,2,children_playing,8,"[0, 0, 2]"
113203-5-7-0,/tmp\sound_datasets\urbansound8k\audio/fold8/113203-5-7-0.wav,5,engine_idling,8,"[1, 2, 5]"
171464-3-2-0,/tmp\sound_datasets\urbansound8k\audio/fold8/171464-3-2-0.wav,3,dog_bark,8,"[0, 1, 3]"
76266-2-0-40,/tmp\sound_datasets\urbansound8k\audio/fold8/76266-2-0-40.wav,2,children_playing,8,"[0, 0, 2]"
113202-5-0-12,/tmp\sound_datasets\urbansound8k\audio/fold8/113202-5-0-12.wav,5,engine_idling,8,"[1, 2, 5]"
180132-4-2-0,/tmp\sound_datasets\urbansound8k\audio/fold8/180132-4-2-0.wav,4,drilling,8,"[2, 4, 4]"
76085-4-0-103,/tmp\sound_datasets\urbansound8k\audio/fold8/76085-4-0-103.wav,4,drilling,8,"[2, 4, 4]"
190996-3-0-1,/tmp\sound_datasets\urbansound8k\audio/fold8/190996-3-0-1.wav,3,dog_bark,8,"[0, 1, 3]"
148632-8-0-5,/tmp\sound_datasets\urbansound8k\audio/fold8/148632-8-0-5.wav,8,siren,8,"[1, 3, 8]"
16860-9-0-28,/tmp\sound_datasets\urbansound8k\audio/fold8/16860-9-0-28.wav,9,street_music,8,"[3, 7, 9]"
196561-3-0-29,/tmp\sound_datasets\urbansound8k\audio/fold8/196561-3-0-29.wav,3,dog_bark,8,"[0, 1, 3]"
81787-2-0-4,/tmp\sound_datasets\urbansound8k\audio/fold8/81787-2-0-4.wav,2,children_playing,8,"[0, 0, 2]"
145206-6-0-0,/tmp\sound_datasets\urbansound8k\audio/fold8/145206-6-0-0.wav,6,gun_shot,8,"[2, 6, 6]"
126153-9-0-1,/tmp\sound_datasets\urbansound8k\audio/fold8/126153-9-0-1.wav,9,street_music,8,"[3, 7, 9]"
113216-5-0-4,/tmp\sound_datasets\urbansound8k\audio/fold8/113216-5-0-4.wav,5,engine_idling,8,"[1, 2, 5]"
54914-2-0-23,/tmp\sound_datasets\urbansound8k\audio/fold8/54914-2-0-23.wav,2,children_playing,8,"[0, 0, 2]"
113202-5-0-4,/tmp\sound_datasets\urbansound8k\audio/fold8/113202-5-0-4.wav,5,engine_idling,8,"[1, 2, 5]"
156358-5-0-6,/tmp\sound_datasets\urbansound8k\audio/fold8/156358-5-0-6.wav,5,engine_idling,8,"[1, 2, 5]"
125678-7-0-8,/tmp\sound_datasets\urbansound8k\audio/fold8/125678-7-0-8.wav,7,jackhammer,8,"[2, 4, 7]"
122199-3-1-2,/tmp\sound_datasets\urbansound8k\audio/fold8/122199-3-1-2.wav,3,dog_bark,8,"[0, 1, 3]"
161129-4-0-13,/tmp\sound_datasets\urbansound8k\audio/fold8/161129-4-0-13.wav,4,drilling,8,"[2, 4, 4]"
16860-9-0-8,/tmp\sound_datasets\urbansound8k\audio/fold8/16860-9-0-8.wav,9,street_music,8,"[3, 7, 9]"
76266-2-0-7,/tmp\sound_datasets\urbansound8k\audio/fold8/76266-2-0-7.wav,2,children_playing,8,"[0, 0, 2]"
148632-8-0-17,/tmp\sound_datasets\urbansound8k\audio/fold8/148632-8-0-17.wav,8,siren,8,"[1, 3, 8]"
162103-0-0-16,/tmp\sound_datasets\urbansound8k\audio/fold8/162103-0-0-16.wav,0,air_conditioner,8,"[2, 5, 0]"
80589-0-0-3,/tmp\sound_datasets\urbansound8k\audio/fold8/80589-0-0-3.wav,0,air_conditioner,8,"[2, 5, 0]"
62048-3-0-3,/tmp\sound_datasets\urbansound8k\audio/fold8/62048-3-0-3.wav,3,dog_bark,8,"[0, 1, 3]"
55013-3-0-7,/tmp\sound_datasets\urbansound8k\audio/fold8/55013-3-0-7.wav,3,dog_bark,8,"[0, 1, 3]"
157649-3-0-1,/tmp\sound_datasets\urbansound8k\audio/fold8/157649-3-0-1.wav,3,dog_bark,8,"[0, 1, 3]"
117181-8-0-9,/tmp\sound_datasets\urbansound8k\audio/fold8/117181-8-0-9.wav,8,siren,8,"[1, 3, 8]"
142003-2-0-30,/tmp\sound_datasets\urbansound8k\audio/fold8/142003-2-0-30.wav,2,children_playing,8,"[0, 0, 2]"
142003-2-0-24,/tmp\sound_datasets\urbansound8k\audio/fold8/142003-2-0-24.wav,2,children_playing,8,"[0, 0, 2]"
133473-8-0-5,/tmp\sound_datasets\urbansound8k\audio/fold8/133473-8-0-5.wav,8,siren,8,"[1, 3, 8]"
157868-8-0-12,/tmp\sound_datasets\urbansound8k\audio/fold8/157868-8-0-12.wav,8,siren,8,"[1, 3, 8]"
14386-9-0-20,/tmp\sound_datasets\urbansound8k\audio/fold8/14386-9-0-20.wav,9,street_music,8,"[3, 7, 9]"
74677-0-0-105,/tmp\sound_datasets\urbansound8k\audio/fold8/74677-0-0-105.wav,0,air_conditioner,8,"[2, 5, 0]"
147019-4-0-0,/tmp\sound_datasets\urbansound8k\audio/fold8/147019-4-0-0.wav,4,drilling,8,"[2, 4, 4]"
72221-3-1-0,/tmp\sound_datasets\urbansound8k\audio/fold8/72221-3-1-0.wav,3,dog_bark,8,"[0, 1, 3]"
50668-5-5-0,/tmp\sound_datasets\urbansound8k\audio/fold8/50668-5-5-0.wav,5,engine_idling,8,"[1, 2, 5]"
74677-0-0-61,/tmp\sound_datasets\urbansound8k\audio/fold8/74677-0-0-61.wav,0,air_conditioner,8,"[2, 5, 0]"
74677-0-0-75,/tmp\sound_datasets\urbansound8k\audio/fold8/74677-0-0-75.wav,0,air_conditioner,8,"[2, 5, 0]"
103076-3-2-0,/tmp\sound_datasets\urbansound8k\audio/fold8/103076-3-2-0.wav,3,dog_bark,8,"[0, 1, 3]"
194733-9-0-12,/tmp\sound_datasets\urbansound8k\audio/fold8/194733-9-0-12.wav,9,street_music,8,"[3, 7, 9]"
168037-4-13-0,/tmp\sound_datasets\urbansound8k\audio/fold8/168037-4-13-0.wav,4,drilling,8,"[2, 4, 4]"
113203-5-0-0,/tmp\sound_datasets\urbansound8k\audio/fold8/113203-5-0-0.wav,5,engine_idling,8,"[1, 2, 5]"
41364-9-0-27,/tmp\sound_datasets\urbansound8k\audio/fold8/41364-9-0-27.wav,9,street_music,8,"[3, 7, 9]"
113203-5-0-1,/tmp\sound_datasets\urbansound8k\audio/fold8/113203-5-0-1.wav,5,engine_idling,8,"[1, 2, 5]"
180134-4-1-3,/tmp\sound_datasets\urbansound8k\audio/fold8/180134-4-1-3.wav,4,drilling,8,"[2, 4, 4]"
160016-2-0-37,/tmp\sound_datasets\urbansound8k\audio/fold8/160016-2-0-37.wav,2,children_playing,8,"[0, 0, 2]"
17009-2-0-6,/tmp\sound_datasets\urbansound8k\audio/fold8/17009-2-0-6.wav,2,children_playing,8,"[0, 0, 2]"
7390-9-0-9,/tmp\sound_datasets\urbansound8k\audio/fold8/7390-9-0-9.wav,9,street_music,8,"[3, 7, 9]"
50668-5-5-1,/tmp\sound_datasets\urbansound8k\audio/fold8/50668-5-5-1.wav,5,engine_idling,8,"[1, 2, 5]"
177726-0-0-17,/tmp\sound_datasets\urbansound8k\audio/fold8/177726-0-0-17.wav,0,air_conditioner,8,"[2, 5, 0]"
174873-3-5-1,/tmp\sound_datasets\urbansound8k\audio/fold8/174873-3-5-1.wav,3,dog_bark,8,"[0, 1, 3]"
142003-2-0-19,/tmp\sound_datasets\urbansound8k\audio/fold8/142003-2-0-19.wav,2,children_playing,8,"[0, 0, 2]"
157868-8-0-13,/tmp\sound_datasets\urbansound8k\audio/fold8/157868-8-0-13.wav,8,siren,8,"[1, 3, 8]"
196074-2-0-0,/tmp\sound_datasets\urbansound8k\audio/fold8/196074-2-0-0.wav,2,children_playing,8,"[0, 0, 2]"
133473-8-0-4,/tmp\sound_datasets\urbansound8k\audio/fold8/133473-8-0-4.wav,8,siren,8,"[1, 3, 8]"
33340-7-9-0,/tmp\sound_datasets\urbansound8k\audio/fold8/33340-7-9-0.wav,7,jackhammer,8,"[2, 4, 7]"
171243-9-0-31,/tmp\sound_datasets\urbansound8k\audio/fold8/171243-9-0-31.wav,9,street_music,8,"[3, 7, 9]"
117181-8-0-8,/tmp\sound_datasets\urbansound8k\audio/fold8/117181-8-0-8.wav,8,siren,8,"[1, 3, 8]"
157649-3-0-0,/tmp\sound_datasets\urbansound8k\audio/fold8/157649-3-0-0.wav,3,dog_bark,8,"[0, 1, 3]"
62048-3-0-2,/tmp\sound_datasets\urbansound8k\audio/fold8/62048-3-0-2.wav,3,dog_bark,8,"[0, 1, 3]"
80589-0-0-2,/tmp\sound_datasets\urbansound8k\audio/fold8/80589-0-0-2.wav,0,air_conditioner,8,"[2, 5, 0]"
99179-9-0-58,/tmp\sound_datasets\urbansound8k\audio/fold8/99179-9-0-58.wav,9,street_music,8,"[3, 7, 9]"
162103-0-0-17,/tmp\sound_datasets\urbansound8k\audio/fold8/162103-0-0-17.wav,0,air_conditioner,8,"[2, 5, 0]"
180134-4-2-15,/tmp\sound_datasets\urbansound8k\audio/fold8/180134-4-2-15.wav,4,drilling,8,"[2, 4, 4]"
180134-4-2-17,/tmp\sound_datasets\urbansound8k\audio/fold8/180134-4-2-17.wav,4,drilling,8,"[2, 4, 4]"
162103-0-0-15,/tmp\sound_datasets\urbansound8k\audio/fold8/162103-0-0-15.wav,0,air_conditioner,8,"[2, 5, 0]"
80589-0-0-0,/tmp\sound_datasets\urbansound8k\audio/fold8/80589-0-0-0.wav,0,air_conditioner,8,"[2, 5, 0]"
55013-3-0-4,/tmp\sound_datasets\urbansound8k\audio/fold8/55013-3-0-4.wav,3,dog_bark,8,"[0, 1, 3]"
157868-8-0-11,/tmp\sound_datasets\urbansound8k\audio/fold8/157868-8-0-11.wav,8,siren,8,"[1, 3, 8]"
157649-3-2-0,/tmp\sound_datasets\urbansound8k\audio/fold8/157649-3-2-0.wav,3,dog_bark,8,"[0, 1, 3]"
168037-4-8-0,/tmp\sound_datasets\urbansound8k\audio/fold8/168037-4-8-0.wav,4,drilling,8,"[2, 4, 4]"
98536-8-0-0,/tmp\sound_datasets\urbansound8k\audio/fold8/98536-8-0-0.wav,8,siren,8,"[1, 3, 8]"
177726-0-0-15,/tmp\sound_datasets\urbansound8k\audio/fold8/177726-0-0-15.wav,0,air_conditioner,8,"[2, 5, 0]"
17009-2-0-4,/tmp\sound_datasets\urbansound8k\audio/fold8/17009-2-0-4.wav,2,children_playing,8,"[0, 0, 2]"
177726-0-0-29,/tmp\sound_datasets\urbansound8k\audio/fold8/177726-0-0-29.wav,0,air_conditioner,8,"[2, 5, 0]"
179039-9-0-38,/tmp\sound_datasets\urbansound8k\audio/fold8/179039-9-0-38.wav,9,street_music,8,"[3, 7, 9]"
110688-3-0-17,/tmp\sound_datasets\urbansound8k\audio/fold8/110688-3-0-17.wav,3,dog_bark,8,"[0, 1, 3]"
145206-6-5-0,/tmp\sound_datasets\urbansound8k\audio/fold8/145206-6-5-0.wav,6,gun_shot,8,"[2, 6, 6]"
41364-9-0-18,/tmp\sound_datasets\urbansound8k\audio/fold8/41364-9-0-18.wav,9,street_music,8,"[3, 7, 9]"
194733-9-0-11,/tmp\sound_datasets\urbansound8k\audio/fold8/194733-9-0-11.wav,9,street_music,8,"[3, 7, 9]"
41364-9-0-24,/tmp\sound_datasets\urbansound8k\audio/fold8/41364-9-0-24.wav,9,street_music,8,"[3, 7, 9]"
113203-5-0-3,/tmp\sound_datasets\urbansound8k\audio/fold8/113203-5-0-3.wav,5,engine_idling,8,"[1, 2, 5]"
113203-5-0-2,/tmp\sound_datasets\urbansound8k\audio/fold8/113203-5-0-2.wav,5,engine_idling,8,"[1, 2, 5]"
194733-9-0-10,/tmp\sound_datasets\urbansound8k\audio/fold8/194733-9-0-10.wav,9,street_music,8,"[3, 7, 9]"
50668-5-7-0,/tmp\sound_datasets\urbansound8k\audio/fold8/50668-5-7-0.wav,5,engine_idling,8,"[1, 2, 5]"
168037-4-11-0,/tmp\sound_datasets\urbansound8k\audio/fold8/168037-4-11-0.wav,4,drilling,8,"[2, 4, 4]"
113203-5-2-0,/tmp\sound_datasets\urbansound8k\audio/fold8/113203-5-2-0.wav,5,engine_idling,8,"[1, 2, 5]"
155217-9-0-39,/tmp\sound_datasets\urbansound8k\audio/fold8/155217-9-0-39.wav,9,street_music,8,"[3, 7, 9]"
103076-3-0-0,/tmp\sound_datasets\urbansound8k\audio/fold8/103076-3-0-0.wav,3,dog_bark,8,"[0, 1, 3]"
50668-5-5-2,/tmp\sound_datasets\urbansound8k\audio/fold8/50668-5-5-2.wav,5,engine_idling,8,"[1, 2, 5]"
177726-0-0-28,/tmp\sound_datasets\urbansound8k\audio/fold8/177726-0-0-28.wav,0,air_conditioner,8,"[2, 5, 0]"
177726-0-0-14,/tmp\sound_datasets\urbansound8k\audio/fold8/177726-0-0-14.wav,0,air_conditioner,8,"[2, 5, 0]"
76085-4-0-66,/tmp\sound_datasets\urbansound8k\audio/fold8/76085-4-0-66.wav,4,drilling,8,"[2, 4, 4]"
157868-8-0-10,/tmp\sound_datasets\urbansound8k\audio/fold8/157868-8-0-10.wav,8,siren,8,"[1, 3, 8]"
80589-0-0-1,/tmp\sound_datasets\urbansound8k\audio/fold8/80589-0-0-1.wav,0,air_conditioner,8,"[2, 5, 0]"
162103-0-0-14,/tmp\sound_datasets\urbansound8k\audio/fold8/162103-0-0-14.wav,0,air_conditioner,8,"[2, 5, 0]"
180134-4-2-16,/tmp\sound_datasets\urbansound8k\audio/fold8/180134-4-2-16.wav,4,drilling,8,"[2, 4, 4]"
162103-0-0-10,/tmp\sound_datasets\urbansound8k\audio/fold8/162103-0-0-10.wav,0,air_conditioner,8,"[2, 5, 0]"
167702-4-9-0,/tmp\sound_datasets\urbansound8k\audio/fold8/167702-4-9-0.wav,4,drilling,8,"[2, 4, 4]"
113203-5-6-0,/tmp\sound_datasets\urbansound8k\audio/fold8/113203-5-6-0.wav,5,engine_idling,8,"[1, 2, 5]"
170022-0-0-1,/tmp\sound_datasets\urbansound8k\audio/fold8/170022-0-0-1.wav,0,air_conditioner,8,"[2, 5, 0]"
52633-3-0-1,/tmp\sound_datasets\urbansound8k\audio/fold8/52633-3-0-1.wav,3,dog_bark,8,"[0, 1, 3]"
115240-9-0-16,/tmp\sound_datasets\urbansound8k\audio/fold8/115240-9-0-16.wav,9,street_music,8,"[3, 7, 9]"
62048-3-0-5,/tmp\sound_datasets\urbansound8k\audio/fold8/62048-3-0-5.wav,3,dog_bark,8,"[0, 1, 3]"
55013-3-0-1,/tmp\sound_datasets\urbansound8k\audio/fold8/55013-3-0-1.wav,3,dog_bark,8,"[0, 1, 3]"
76085-4-0-89,/tmp\sound_datasets\urbansound8k\audio/fold8/76085-4-0-89.wav,4,drilling,8,"[2, 4, 4]"
157868-8-0-14,/tmp\sound_datasets\urbansound8k\audio/fold8/157868-8-0-14.wav,8,siren,8,"[1, 3, 8]"
162433-6-8-0,/tmp\sound_datasets\urbansound8k\audio/fold8/162433-6-8-0.wav,6,gun_shot,8,"[2, 6, 6]"
50668-5-3-0,/tmp\sound_datasets\urbansound8k\audio/fold8/50668-5-3-0.wav,5,engine_idling,8,"[1, 2, 5]"
133473-8-0-3,/tmp\sound_datasets\urbansound8k\audio/fold8/133473-8-0-3.wav,8,siren,8,"[1, 3, 8]"
186940-5-0-0,/tmp\sound_datasets\urbansound8k\audio/fold8/186940-5-0-0.wav,5,engine_idling,8,"[1, 2, 5]"
76085-4-0-62,/tmp\sound_datasets\urbansound8k\audio/fold8/76085-4-0-62.wav,4,drilling,8,"[2, 4, 4]"
17009-2-0-1,/tmp\sound_datasets\urbansound8k\audio/fold8/17009-2-0-1.wav,2,children_playing,8,"[0, 0, 2]"
39967-9-0-0,/tmp\sound_datasets\urbansound8k\audio/fold8/39967-9-0-0.wav,9,street_music,8,"[3, 7, 9]"
177726-0-0-10,/tmp\sound_datasets\urbansound8k\audio/fold8/177726-0-0-10.wav,0,air_conditioner,8,"[2, 5, 0]"
160016-2-0-8,/tmp\sound_datasets\urbansound8k\audio/fold8/160016-2-0-8.wav,2,children_playing,8,"[0, 0, 2]"
68080-7-0-9,/tmp\sound_datasets\urbansound8k\audio/fold8/68080-7-0-9.wav,7,jackhammer,8,"[2, 4, 7]"
74677-0-0-67,/tmp\sound_datasets\urbansound8k\audio/fold8/74677-0-0-67.wav,0,air_conditioner,8,"[2, 5, 0]"
34866-9-0-13,/tmp\sound_datasets\urbansound8k\audio/fold8/34866-9-0-13.wav,9,street_music,8,"[3, 7, 9]"
113203-5-0-6,/tmp\sound_datasets\urbansound8k\audio/fold8/113203-5-0-6.wav,5,engine_idling,8,"[1, 2, 5]"
194733-9-0-14,/tmp\sound_datasets\urbansound8k\audio/fold8/194733-9-0-14.wav,9,street_music,8,"[3, 7, 9]"
113203-5-0-7,/tmp\sound_datasets\urbansound8k\audio/fold8/113203-5-0-7.wav,5,engine_idling,8,"[1, 2, 5]"
160016-2-0-25,/tmp\sound_datasets\urbansound8k\audio/fold8/160016-2-0-25.wav,2,children_playing,8,"[0, 0, 2]"
74677-0-0-66,/tmp\sound_datasets\urbansound8k\audio/fold8/74677-0-0-66.wav,0,air_conditioner,8,"[2, 5, 0]"
68080-7-0-8,/tmp\sound_datasets\urbansound8k\audio/fold8/68080-7-0-8.wav,7,jackhammer,8,"[2, 4, 7]"
125678-7-1-8,/tmp\sound_datasets\urbansound8k\audio/fold8/125678-7-1-8.wav,7,jackhammer,8,"[2, 4, 7]"
177726-0-0-11,/tmp\sound_datasets\urbansound8k\audio/fold8/177726-0-0-11.wav,0,air_conditioner,8,"[2, 5, 0]"
17009-2-0-0,/tmp\sound_datasets\urbansound8k\audio/fold8/17009-2-0-0.wav,2,children_playing,8,"[0, 0, 2]"
207214-2-0-26,/tmp\sound_datasets\urbansound8k\audio/fold8/207214-2-0-26.wav,2,children_playing,8,"[0, 0, 2]"
74677-0-0-116,/tmp\sound_datasets\urbansound8k\audio/fold8/74677-0-0-116.wav,0,air_conditioner,8,"[2, 5, 0]"
175852-1-0-0,/tmp\sound_datasets\urbansound8k\audio/fold8/175852-1-0-0.wav,1,car_horn,8,"[1, 2, 1]"
207214-2-0-3,/tmp\sound_datasets\urbansound8k\audio/fold8/207214-2-0-3.wav,2,children_playing,8,"[0, 0, 2]"
133473-8-0-2,/tmp\sound_datasets\urbansound8k\audio/fold8/133473-8-0-2.wav,8,siren,8,"[1, 3, 8]"
145206-6-1-0,/tmp\sound_datasets\urbansound8k\audio/fold8/145206-6-1-0.wav,6,gun_shot,8,"[2, 6, 6]"
157868-8-0-15,/tmp\sound_datasets\urbansound8k\audio/fold8/157868-8-0-15.wav,8,siren,8,"[1, 3, 8]"
179039-9-0-4,/tmp\sound_datasets\urbansound8k\audio/fold8/179039-9-0-4.wav,9,street_music,8,"[3, 7, 9]"
62048-3-0-4,/tmp\sound_datasets\urbansound8k\audio/fold8/62048-3-0-4.wav,3,dog_bark,8,"[0, 1, 3]"
170022-0-0-0,/tmp\sound_datasets\urbansound8k\audio/fold8/170022-0-0-0.wav,0,air_conditioner,8,"[2, 5, 0]"
76085-4-0-6,/tmp\sound_datasets\urbansound8k\audio/fold8/76085-4-0-6.wav,4,drilling,8,"[2, 4, 4]"
133090-2-0-37,/tmp\sound_datasets\urbansound8k\audio/fold8/133090-2-0-37.wav,2,children_playing,8,"[0, 0, 2]"
180132-4-3-0,/tmp\sound_datasets\urbansound8k\audio/fold8/180132-4-3-0.wav,4,drilling,8,"[2, 4, 4]"
162103-0-0-11,/tmp\sound_datasets\urbansound8k\audio/fold8/162103-0-0-11.wav,0,air_conditioner,8,"[2, 5, 0]"
180134-4-2-13,/tmp\sound_datasets\urbansound8k\audio/fold8/180134-4-2-13.wav,4,drilling,8,"[2, 4, 4]"
80589-0-0-4,/tmp\sound_datasets\urbansound8k\audio/fold8/80589-0-0-4.wav,0,air_conditioner,8,"[2, 5, 0]"
145206-6-3-0,/tmp\sound_datasets\urbansound8k\audio/fold8/145206-6-3-0.wav,6,gun_shot,8,"[2, 6, 6]"
81787-2-0-48,/tmp\sound_datasets\urbansound8k\audio/fold8/81787-2-0-48.wav,2,children_playing,8,"[0, 0, 2]"
54383-0-0-11,/tmp\sound_datasets\urbansound8k\audio/fold8/54383-0-0-11.wav,0,air_conditioner,8,"[2, 5, 0]"
180134-4-2-11,/tmp\sound_datasets\urbansound8k\audio/fold8/180134-4-2-11.wav,4,drilling,8,"[2, 4, 4]"
162103-0-0-13,/tmp\sound_datasets\urbansound8k\audio/fold8/162103-0-0-13.wav,0,air_conditioner,8,"[2, 5, 0]"
71309-1-0-8,/tmp\sound_datasets\urbansound8k\audio/fold8/71309-1-0-8.wav,1,car_horn,8,"[1, 2, 1]"
52633-3-0-2,/tmp\sound_datasets\urbansound8k\audio/fold8/52633-3-0-2.wav,3,dog_bark,8,"[0, 1, 3]"
157868-8-0-17,/tmp\sound_datasets\urbansound8k\audio/fold8/157868-8-0-17.wav,8,siren,8,"[1, 3, 8]"
180132-4-1-0,/tmp\sound_datasets\urbansound8k\audio/fold8/180132-4-1-0.wav,4,drilling,8,"[2, 4, 4]"
133473-8-0-0,/tmp\sound_datasets\urbansound8k\audio/fold8/133473-8-0-0.wav,8,siren,8,"[1, 3, 8]"
142003-2-0-21,/tmp\sound_datasets\urbansound8k\audio/fold8/142003-2-0-21.wav,2,children_playing,8,"[0, 0, 2]"
171464-3-1-0,/tmp\sound_datasets\urbansound8k\audio/fold8/171464-3-1-0.wav,3,dog_bark,8,"[0, 1, 3]"
76085-4-0-61,/tmp\sound_datasets\urbansound8k\audio/fold8/76085-4-0-61.wav,4,drilling,8,"[2, 4, 4]"
177726-0-0-13,/tmp\sound_datasets\urbansound8k\audio/fold8/177726-0-0-13.wav,0,air_conditioner,8,"[2, 5, 0]"
74677-0-0-58,/tmp\sound_datasets\urbansound8k\audio/fold8/74677-0-0-58.wav,0,air_conditioner,8,"[2, 5, 0]"
110688-3-0-11,/tmp\sound_datasets\urbansound8k\audio/fold8/110688-3-0-11.wav,3,dog_bark,8,"[0, 1, 3]"
74677-0-0-64,/tmp\sound_datasets\urbansound8k\audio/fold8/74677-0-0-64.wav,0,air_conditioner,8,"[2, 5, 0]"
36429-2-0-7,/tmp\sound_datasets\urbansound8k\audio/fold8/36429-2-0-7.wav,2,children_playing,8,"[0, 0, 2]"
34866-9-0-10,/tmp\sound_datasets\urbansound8k\audio/fold8/34866-9-0-10.wav,9,street_music,8,"[3, 7, 9]"
107090-1-1-0,/tmp\sound_datasets\urbansound8k\audio/fold8/107090-1-1-0.wav,1,car_horn,8,"[1, 2, 1]"
180134-4-1-7,/tmp\sound_datasets\urbansound8k\audio/fold8/180134-4-1-7.wav,4,drilling,8,"[2, 4, 4]"
41364-9-0-22,/tmp\sound_datasets\urbansound8k\audio/fold8/41364-9-0-22.wav,9,street_music,8,"[3, 7, 9]"
113203-5-0-5,/tmp\sound_datasets\urbansound8k\audio/fold8/113203-5-0-5.wav,5,engine_idling,8,"[1, 2, 5]"
194733-9-0-16,/tmp\sound_datasets\urbansound8k\audio/fold8/194733-9-0-16.wav,9,street_music,8,"[3, 7, 9]"
41364-9-0-23,/tmp\sound_datasets\urbansound8k\audio/fold8/41364-9-0-23.wav,9,street_music,8,"[3, 7, 9]"
113203-5-0-4,/tmp\sound_datasets\urbansound8k\audio/fold8/113203-5-0-4.wav,5,engine_idling,8,"[1, 2, 5]"
36429-2-0-6,/tmp\sound_datasets\urbansound8k\audio/fold8/36429-2-0-6.wav,2,children_playing,8,"[0, 0, 2]"
34866-9-0-11,/tmp\sound_datasets\urbansound8k\audio/fold8/34866-9-0-11.wav,9,street_music,8,"[3, 7, 9]"
160016-2-0-26,/tmp\sound_datasets\urbansound8k\audio/fold8/160016-2-0-26.wav,2,children_playing,8,"[0, 0, 2]"
26176-1-0-0,/tmp\sound_datasets\urbansound8k\audio/fold8/26176-1-0-0.wav,1,car_horn,8,"[1, 2, 1]"
177726-0-0-12,/tmp\sound_datasets\urbansound8k\audio/fold8/177726-0-0-12.wav,0,air_conditioner,8,"[2, 5, 0]"
17009-2-0-3,/tmp\sound_datasets\urbansound8k\audio/fold8/17009-2-0-3.wav,2,children_playing,8,"[0, 0, 2]"
207214-2-0-31,/tmp\sound_datasets\urbansound8k\audio/fold8/207214-2-0-31.wav,2,children_playing,8,"[0, 0, 2]"
113203-5-4-0,/tmp\sound_datasets\urbansound8k\audio/fold8/113203-5-4-0.wav,5,engine_idling,8,"[1, 2, 5]"
133473-8-0-1,/tmp\sound_datasets\urbansound8k\audio/fold8/133473-8-0-1.wav,8,siren,8,"[1, 3, 8]"
142003-2-0-20,/tmp\sound_datasets\urbansound8k\audio/fold8/142003-2-0-20.wav,2,children_playing,8,"[0, 0, 2]"
157868-8-0-16,/tmp\sound_datasets\urbansound8k\audio/fold8/157868-8-0-16.wav,8,siren,8,"[1, 3, 8]"
55013-3-0-3,/tmp\sound_datasets\urbansound8k\audio/fold8/55013-3-0-3.wav,3,dog_bark,8,"[0, 1, 3]"
115240-9-0-28,/tmp\sound_datasets\urbansound8k\audio/fold8/115240-9-0-28.wav,9,street_music,8,"[3, 7, 9]"
162103-0-0-12,/tmp\sound_datasets\urbansound8k\audio/fold8/162103-0-0-12.wav,0,air_conditioner,8,"[2, 5, 0]"
133090-2-0-20,/tmp\sound_datasets\urbansound8k\audio/fold8/133090-2-0-20.wav,2,children_playing,8,"[0, 0, 2]"
54383-0-0-10,/tmp\sound_datasets\urbansound8k\audio/fold8/54383-0-0-10.wav,0,air_conditioner,8,"[2, 5, 0]"
81787-2-0-49,/tmp\sound_datasets\urbansound8k\audio/fold8/81787-2-0-49.wav,2,children_playing,8,"[0, 0, 2]"
50668-5-1-0,/tmp\sound_datasets\urbansound8k\audio/fold8/50668-5-1-0.wav,5,engine_idling,8,"[1, 2, 5]"
113203-5-8-0,/tmp\sound_datasets\urbansound8k\audio/fold8/113203-5-8-0.wav,5,engine_idling,8,"[1, 2, 5]"
167702-4-7-0,/tmp\sound_datasets\urbansound8k\audio/fold8/167702-4-7-0.wav,4,drilling,8,"[2, 4, 4]"
117181-8-0-0,/tmp\sound_datasets\urbansound8k\audio/fold8/117181-8-0-0.wav,8,siren,8,"[1, 3, 8]"
71309-1-0-4,/tmp\sound_datasets\urbansound8k\audio/fold8/71309-1-0-4.wav,1,car_horn,8,"[1, 2, 1]"
171243-9-0-11,/tmp\sound_datasets\urbansound8k\audio/fold8/171243-9-0-11.wav,9,street_music,8,"[3, 7, 9]"
157868-8-0-27,/tmp\sound_datasets\urbansound8k\audio/fold8/157868-8-0-27.wav,8,siren,8,"[1, 3, 8]"
74677-0-0-130,/tmp\sound_datasets\urbansound8k\audio/fold8/74677-0-0-130.wav,0,air_conditioner,8,"[2, 5, 0]"
162433-6-6-0,/tmp\sound_datasets\urbansound8k\audio/fold8/162433-6-6-0.wav,6,gun_shot,8,"[2, 6, 6]"
71177-8-1-2,/tmp\sound_datasets\urbansound8k\audio/fold8/71177-8-1-2.wav,8,siren,8,"[1, 3, 8]"
177726-0-0-23,/tmp\sound_datasets\urbansound8k\audio/fold8/177726-0-0-23.wav,0,air_conditioner,8,"[2, 5, 0]"
177726-0-0-37,/tmp\sound_datasets\urbansound8k\audio/fold8/177726-0-0-37.wav,0,air_conditioner,8,"[2, 5, 0]"
125678-7-1-6,/tmp\sound_datasets\urbansound8k\audio/fold8/125678-7-1-6.wav,7,jackhammer,8,"[2, 4, 7]"
4918-3-4-0,/tmp\sound_datasets\urbansound8k\audio/fold8/4918-3-4-0.wav,3,dog_bark,8,"[0, 1, 3]"
189825-9-0-3,/tmp\sound_datasets\urbansound8k\audio/fold8/189825-9-0-3.wav,9,street_music,8,"[3, 7, 9]"
68080-7-0-6,/tmp\sound_datasets\urbansound8k\audio/fold8/68080-7-0-6.wav,7,jackhammer,8,"[2, 4, 7]"
193699-2-0-33,/tmp\sound_datasets\urbansound8k\audio/fold8/193699-2-0-33.wav,2,children_playing,8,"[0, 0, 2]"
125678-7-3-4,/tmp\sound_datasets\urbansound8k\audio/fold8/125678-7-3-4.wav,7,jackhammer,8,"[2, 4, 7]"
113203-5-0-8,/tmp\sound_datasets\urbansound8k\audio/fold8/113203-5-0-8.wav,5,engine_idling,8,"[1, 2, 5]"
125678-7-3-5,/tmp\sound_datasets\urbansound8k\audio/fold8/125678-7-3-5.wav,7,jackhammer,8,"[2, 4, 7]"
189846-3-3-0,/tmp\sound_datasets\urbansound8k\audio/fold8/189846-3-3-0.wav,3,dog_bark,8,"[0, 1, 3]"
168037-4-2-0,/tmp\sound_datasets\urbansound8k\audio/fold8/168037-4-2-0.wav,4,drilling,8,"[2, 4, 4]"
193699-2-0-32,/tmp\sound_datasets\urbansound8k\audio/fold8/193699-2-0-32.wav,2,children_playing,8,"[0, 0, 2]"
33340-7-1-0,/tmp\sound_datasets\urbansound8k\audio/fold8/33340-7-1-0.wav,7,jackhammer,8,"[2, 4, 7]"
74677-0-0-69,/tmp\sound_datasets\urbansound8k\audio/fold8/74677-0-0-69.wav,0,air_conditioner,8,"[2, 5, 0]"
68080-7-0-7,/tmp\sound_datasets\urbansound8k\audio/fold8/68080-7-0-7.wav,7,jackhammer,8,"[2, 4, 7]"
189825-9-0-2,/tmp\sound_datasets\urbansound8k\audio/fold8/189825-9-0-2.wav,9,street_music,8,"[3, 7, 9]"
125678-7-1-7,/tmp\sound_datasets\urbansound8k\audio/fold8/125678-7-1-7.wav,7,jackhammer,8,"[2, 4, 7]"
44110-3-1-0,/tmp\sound_datasets\urbansound8k\audio/fold8/44110-3-1-0.wav,3,dog_bark,8,"[0, 1, 3]"
177726-0-0-36,/tmp\sound_datasets\urbansound8k\audio/fold8/177726-0-0-36.wav,0,air_conditioner,8,"[2, 5, 0]"
71177-8-1-3,/tmp\sound_datasets\urbansound8k\audio/fold8/71177-8-1-3.wav,8,siren,8,"[1, 3, 8]"
7390-9-0-0,/tmp\sound_datasets\urbansound8k\audio/fold8/7390-9-0-0.wav,9,street_music,8,"[3, 7, 9]"
155217-9-0-27,/tmp\sound_datasets\urbansound8k\audio/fold8/155217-9-0-27.wav,9,street_music,8,"[3, 7, 9]"
177726-0-0-22,/tmp\sound_datasets\urbansound8k\audio/fold8/177726-0-0-22.wav,0,air_conditioner,8,"[2, 5, 0]"
174873-3-5-10,/tmp\sound_datasets\urbansound8k\audio/fold8/174873-3-5-10.wav,3,dog_bark,8,"[0, 1, 3]"
155283-1-0-0,/tmp\sound_datasets\urbansound8k\audio/fold8/155283-1-0-0.wav,1,car_horn,8,"[1, 2, 1]"
157868-8-0-26,/tmp\sound_datasets\urbansound8k\audio/fold8/157868-8-0-26.wav,8,siren,8,"[1, 3, 8]"
39967-9-0-100,/tmp\sound_datasets\urbansound8k\audio/fold8/39967-9-0-100.wav,9,street_music,8,"[3, 7, 9]"
33340-7-13-0,/tmp\sound_datasets\urbansound8k\audio/fold8/33340-7-13-0.wav,7,jackhammer,8,"[2, 4, 7]"
76085-4-0-93,/tmp\sound_datasets\urbansound8k\audio/fold8/76085-4-0-93.wav,4,drilling,8,"[2, 4, 4]"
24728-7-2-0,/tmp\sound_datasets\urbansound8k\audio/fold8/24728-7-2-0.wav,7,jackhammer,8,"[2, 4, 7]"
71309-1-0-5,/tmp\sound_datasets\urbansound8k\audio/fold8/71309-1-0-5.wav,1,car_horn,8,"[1, 2, 1]"
117181-8-0-1,/tmp\sound_datasets\urbansound8k\audio/fold8/117181-8-0-1.wav,8,siren,8,"[1, 3, 8]"
133090-2-0-38,/tmp\sound_datasets\urbansound8k\audio/fold8/133090-2-0-38.wav,2,children_playing,8,"[0, 0, 2]"
167702-4-7-1,/tmp\sound_datasets\urbansound8k\audio/fold8/167702-4-7-1.wav,4,drilling,8,"[2, 4, 4]"
33340-7-11-0,/tmp\sound_datasets\urbansound8k\audio/fold8/33340-7-11-0.wav,7,jackhammer,8,"[2, 4, 7]"
24728-7-0-0,/tmp\sound_datasets\urbansound8k\audio/fold8/24728-7-0-0.wav,7,jackhammer,8,"[2, 4, 7]"
96159-4-1-0,/tmp\sound_datasets\urbansound8k\audio/fold8/96159-4-1-0.wav,4,drilling,8,"[2, 4, 4]"
99179-9-0-53,/tmp\sound_datasets\urbansound8k\audio/fold8/99179-9-0-53.wav,9,street_music,8,"[3, 7, 9]"
95549-3-0-7,/tmp\sound_datasets\urbansound8k\audio/fold8/95549-3-0-7.wav,3,dog_bark,8,"[0, 1, 3]"
117181-8-0-3,/tmp\sound_datasets\urbansound8k\audio/fold8/117181-8-0-3.wav,8,siren,8,"[1, 3, 8]"
71309-1-0-7,/tmp\sound_datasets\urbansound8k\audio/fold8/71309-1-0-7.wav,1,car_horn,8,"[1, 2, 1]"
59595-4-0-1,/tmp\sound_datasets\urbansound8k\audio/fold8/59595-4-0-1.wav,4,drilling,8,"[2, 4, 4]"
157868-8-0-18,/tmp\sound_datasets\urbansound8k\audio/fold8/157868-8-0-18.wav,8,siren,8,"[1, 3, 8]"
157868-8-0-24,/tmp\sound_datasets\urbansound8k\audio/fold8/157868-8-0-24.wav,8,siren,8,"[1, 3, 8]"
14386-9-0-16,/tmp\sound_datasets\urbansound8k\audio/fold8/14386-9-0-16.wav,9,street_music,8,"[3, 7, 9]"
174873-3-5-12,/tmp\sound_datasets\urbansound8k\audio/fold8/174873-3-5-12.wav,3,dog_bark,8,"[0, 1, 3]"
74677-0-0-94,/tmp\sound_datasets\urbansound8k\audio/fold8/74677-0-0-94.wav,0,air_conditioner,8,"[2, 5, 0]"
177726-0-0-34,/tmp\sound_datasets\urbansound8k\audio/fold8/177726-0-0-34.wav,0,air_conditioner,8,"[2, 5, 0]"
66324-9-0-30,/tmp\sound_datasets\urbansound8k\audio/fold8/66324-9-0-30.wav,9,street_music,8,"[3, 7, 9]"
33340-7-3-0,/tmp\sound_datasets\urbansound8k\audio/fold8/33340-7-3-0.wav,7,jackhammer,8,"[2, 4, 7]"
71177-8-1-1,/tmp\sound_datasets\urbansound8k\audio/fold8/71177-8-1-1.wav,8,siren,8,"[1, 3, 8]"
31325-3-1-1,/tmp\sound_datasets\urbansound8k\audio/fold8/31325-3-1-1.wav,3,dog_bark,8,"[0, 1, 3]"
125678-7-1-5,/tmp\sound_datasets\urbansound8k\audio/fold8/125678-7-1-5.wav,7,jackhammer,8,"[2, 4, 7]"
189846-3-1-0,/tmp\sound_datasets\urbansound8k\audio/fold8/189846-3-1-0.wav,3,dog_bark,8,"[0, 1, 3]"
168037-4-0-0,/tmp\sound_datasets\urbansound8k\audio/fold8/168037-4-0-0.wav,4,drilling,8,"[2, 4, 4]"
74677-0-0-57,/tmp\sound_datasets\urbansound8k\audio/fold8/74677-0-0-57.wav,0,air_conditioner,8,"[2, 5, 0]"
68080-7-0-5,/tmp\sound_datasets\urbansound8k\audio/fold8/68080-7-0-5.wav,7,jackhammer,8,"[2, 4, 7]"
189825-9-0-0,/tmp\sound_datasets\urbansound8k\audio/fold8/189825-9-0-0.wav,9,street_music,8,"[3, 7, 9]"
164626-1-0-0,/tmp\sound_datasets\urbansound8k\audio/fold8/164626-1-0-0.wav,1,car_horn,8,"[1, 2, 1]"
196561-3-0-44,/tmp\sound_datasets\urbansound8k\audio/fold8/196561-3-0-44.wav,3,dog_bark,8,"[0, 1, 3]"
16860-9-0-45,/tmp\sound_datasets\urbansound8k\audio/fold8/16860-9-0-45.wav,9,street_music,8,"[3, 7, 9]"
44110-3-3-0,/tmp\sound_datasets\urbansound8k\audio/fold8/44110-3-3-0.wav,3,dog_bark,8,"[0, 1, 3]"
72015-2-0-4,/tmp\sound_datasets\urbansound8k\audio/fold8/72015-2-0-4.wav,2,children_playing,8,"[0, 0, 2]"
125678-7-3-7,/tmp\sound_datasets\urbansound8k\audio/fold8/125678-7-3-7.wav,7,jackhammer,8,"[2, 4, 7]"
180134-4-1-8,/tmp\sound_datasets\urbansound8k\audio/fold8/180134-4-1-8.wav,4,drilling,8,"[2, 4, 4]"
41364-9-0-11,/tmp\sound_datasets\urbansound8k\audio/fold8/41364-9-0-11.wav,9,street_music,8,"[3, 7, 9]"
25039-6-0-0,/tmp\sound_datasets\urbansound8k\audio/fold8/25039-6-0-0.wav,6,gun_shot,8,"[2, 6, 6]"
207369-3-0-0,/tmp\sound_datasets\urbansound8k\audio/fold8/207369-3-0-0.wav,3,dog_bark,8,"[0, 1, 3]"
180134-4-1-9,/tmp\sound_datasets\urbansound8k\audio/fold8/180134-4-1-9.wav,4,drilling,8,"[2, 4, 4]"
175856-1-1-0,/tmp\sound_datasets\urbansound8k\audio/fold8/175856-1-1-0.wav,1,car_horn,8,"[1, 2, 1]"
125678-7-3-6,/tmp\sound_datasets\urbansound8k\audio/fold8/125678-7-3-6.wav,7,jackhammer,8,"[2, 4, 7]"
72015-2-0-5,/tmp\sound_datasets\urbansound8k\audio/fold8/72015-2-0-5.wav,2,children_playing,8,"[0, 0, 2]"
179039-9-0-30,/tmp\sound_datasets\urbansound8k\audio/fold8/179039-9-0-30.wav,9,street_music,8,"[3, 7, 9]"
16860-9-0-50,/tmp\sound_datasets\urbansound8k\audio/fold8/16860-9-0-50.wav,9,street_music,8,"[3, 7, 9]"
160016-2-0-5,/tmp\sound_datasets\urbansound8k\audio/fold8/160016-2-0-5.wav,2,children_playing,8,"[0, 0, 2]"
189825-9-0-1,/tmp\sound_datasets\urbansound8k\audio/fold8/189825-9-0-1.wav,9,street_music,8,"[3, 7, 9]"
74677-0-0-56,/tmp\sound_datasets\urbansound8k\audio/fold8/74677-0-0-56.wav,0,air_conditioner,8,"[2, 5, 0]"
68080-7-0-4,/tmp\sound_datasets\urbansound8k\audio/fold8/68080-7-0-4.wav,7,jackhammer,8,"[2, 4, 7]"
125678-7-1-4,/tmp\sound_datasets\urbansound8k\audio/fold8/125678-7-1-4.wav,7,jackhammer,8,"[2, 4, 7]"
174285-6-1-0,/tmp\sound_datasets\urbansound8k\audio/fold8/174285-6-1-0.wav,6,gun_shot,8,"[2, 6, 6]"
31325-3-1-0,/tmp\sound_datasets\urbansound8k\audio/fold8/31325-3-1-0.wav,3,dog_bark,8,"[0, 1, 3]"
66324-9-0-19,/tmp\sound_datasets\urbansound8k\audio/fold8/66324-9-0-19.wav,9,street_music,8,"[3, 7, 9]"
177726-0-0-21,/tmp\sound_datasets\urbansound8k\audio/fold8/177726-0-0-21.wav,0,air_conditioner,8,"[2, 5, 0]"
71177-8-1-0,/tmp\sound_datasets\urbansound8k\audio/fold8/71177-8-1-0.wav,8,siren,8,"[1, 3, 8]"
7390-9-0-3,/tmp\sound_datasets\urbansound8k\audio/fold8/7390-9-0-3.wav,9,street_music,8,"[3, 7, 9]"
74677-0-0-95,/tmp\sound_datasets\urbansound8k\audio/fold8/74677-0-0-95.wav,0,air_conditioner,8,"[2, 5, 0]"
174873-3-5-13,/tmp\sound_datasets\urbansound8k\audio/fold8/174873-3-5-13.wav,3,dog_bark,8,"[0, 1, 3]"
151069-6-0-0,/tmp\sound_datasets\urbansound8k\audio/fold8/151069-6-0-0.wav,6,gun_shot,8,"[2, 6, 6]"
14386-9-0-17,/tmp\sound_datasets\urbansound8k\audio/fold8/14386-9-0-17.wav,9,street_music,8,"[3, 7, 9]"
157868-8-0-25,/tmp\sound_datasets\urbansound8k\audio/fold8/157868-8-0-25.wav,8,siren,8,"[1, 3, 8]"
157868-8-0-19,/tmp\sound_datasets\urbansound8k\audio/fold8/157868-8-0-19.wav,8,siren,8,"[1, 3, 8]"
167702-4-5-0,/tmp\sound_datasets\urbansound8k\audio/fold8/167702-4-5-0.wav,4,drilling,8,"[2, 4, 4]"
59595-4-0-0,/tmp\sound_datasets\urbansound8k\audio/fold8/59595-4-0-0.wav,4,drilling,8,"[2, 4, 4]"
66599-9-0-17,/tmp\sound_datasets\urbansound8k\audio/fold8/66599-9-0-17.wav,9,street_music,8,"[3, 7, 9]"
71309-1-0-6,/tmp\sound_datasets\urbansound8k\audio/fold8/71309-1-0-6.wav,1,car_horn,8,"[1, 2, 1]"
162433-6-4-0,/tmp\sound_datasets\urbansound8k\audio/fold8/162433-6-4-0.wav,6,gun_shot,8,"[2, 6, 6]"
117181-8-0-2,/tmp\sound_datasets\urbansound8k\audio/fold8/117181-8-0-2.wav,8,siren,8,"[1, 3, 8]"
95549-3-0-6,/tmp\sound_datasets\urbansound8k\audio/fold8/95549-3-0-6.wav,3,dog_bark,8,"[0, 1, 3]"
155217-9-1-58,/tmp\sound_datasets\urbansound8k\audio/fold8/155217-9-1-58.wav,9,street_music,8,"[3, 7, 9]"
71309-1-0-2,/tmp\sound_datasets\urbansound8k\audio/fold8/71309-1-0-2.wav,1,car_horn,8,"[1, 2, 1]"
7390-9-1-12,/tmp\sound_datasets\urbansound8k\audio/fold8/7390-9-1-12.wav,9,street_music,8,"[3, 7, 9]"
91209-5-0-2,/tmp\sound_datasets\urbansound8k\audio/fold8/91209-5-0-2.wav,5,engine_idling,8,"[1, 2, 5]"
52633-3-0-8,/tmp\sound_datasets\urbansound8k\audio/fold8/52633-3-0-8.wav,3,dog_bark,8,"[0, 1, 3]"
117181-8-0-6,/tmp\sound_datasets\urbansound8k\audio/fold8/117181-8-0-6.wav,8,siren,8,"[1, 3, 8]"
157868-8-0-21,/tmp\sound_datasets\urbansound8k\audio/fold8/157868-8-0-21.wav,8,siren,8,"[1, 3, 8]"
61077-3-3-0,/tmp\sound_datasets\urbansound8k\audio/fold8/61077-3-3-0.wav,3,dog_bark,8,"[0, 1, 3]"
71309-1-2-0,/tmp\sound_datasets\urbansound8k\audio/fold8/71309-1-2-0.wav,1,car_horn,8,"[1, 2, 1]"
125678-7-1-0,/tmp\sound_datasets\urbansound8k\audio/fold8/125678-7-1-0.wav,7,jackhammer,8,"[2, 4, 7]"
177726-0-0-19,/tmp\sound_datasets\urbansound8k\audio/fold8/177726-0-0-19.wav,0,air_conditioner,8,"[2, 5, 0]"
177726-0-0-31,/tmp\sound_datasets\urbansound8k\audio/fold8/177726-0-0-31.wav,0,air_conditioner,8,"[2, 5, 0]"
71177-8-1-4,/tmp\sound_datasets\urbansound8k\audio/fold8/71177-8-1-4.wav,8,siren,8,"[1, 3, 8]"
177726-0-0-25,/tmp\sound_datasets\urbansound8k\audio/fold8/177726-0-0-25.wav,0,air_conditioner,8,"[2, 5, 0]"
29936-3-2-0,/tmp\sound_datasets\urbansound8k\audio/fold8/29936-3-2-0.wav,3,dog_bark,8,"[0, 1, 3]"
68080-7-0-0,/tmp\sound_datasets\urbansound8k\audio/fold8/68080-7-0-0.wav,7,jackhammer,8,"[2, 4, 7]"
162433-6-0-0,/tmp\sound_datasets\urbansound8k\audio/fold8/162433-6-0-0.wav,6,gun_shot,8,"[2, 6, 6]"
189825-9-0-5,/tmp\sound_datasets\urbansound8k\audio/fold8/189825-9-0-5.wav,9,street_music,8,"[3, 7, 9]"
125678-7-3-2,/tmp\sound_datasets\urbansound8k\audio/fold8/125678-7-3-2.wav,7,jackhammer,8,"[2, 4, 7]"
31325-3-3-6,/tmp\sound_datasets\urbansound8k\audio/fold8/31325-3-3-6.wav,3,dog_bark,8,"[0, 1, 3]"
72015-2-0-1,/tmp\sound_datasets\urbansound8k\audio/fold8/72015-2-0-1.wav,2,children_playing,8,"[0, 0, 2]"
167702-4-1-0,/tmp\sound_datasets\urbansound8k\audio/fold8/167702-4-1-0.wav,4,drilling,8,"[2, 4, 4]"
125520-1-3-0,/tmp\sound_datasets\urbansound8k\audio/fold8/125520-1-3-0.wav,1,car_horn,8,"[1, 2, 1]"
72015-2-0-0,/tmp\sound_datasets\urbansound8k\audio/fold8/72015-2-0-0.wav,2,children_playing,8,"[0, 0, 2]"
125678-7-3-3,/tmp\sound_datasets\urbansound8k\audio/fold8/125678-7-3-3.wav,7,jackhammer,8,"[2, 4, 7]"
74677-0-0-47,/tmp\sound_datasets\urbansound8k\audio/fold8/74677-0-0-47.wav,0,air_conditioner,8,"[2, 5, 0]"
110688-3-0-32,/tmp\sound_datasets\urbansound8k\audio/fold8/110688-3-0-32.wav,3,dog_bark,8,"[0, 1, 3]"
68080-7-0-1,/tmp\sound_datasets\urbansound8k\audio/fold8/68080-7-0-1.wav,7,jackhammer,8,"[2, 4, 7]"
126153-9-0-11,/tmp\sound_datasets\urbansound8k\audio/fold8/126153-9-0-11.wav,9,street_music,8,"[3, 7, 9]"
7390-9-0-6,/tmp\sound_datasets\urbansound8k\audio/fold8/7390-9-0-6.wav,9,street_music,8,"[3, 7, 9]"
17009-2-0-9,/tmp\sound_datasets\urbansound8k\audio/fold8/17009-2-0-9.wav,2,children_playing,8,"[0, 0, 2]"
33340-7-15-0,/tmp\sound_datasets\urbansound8k\audio/fold8/33340-7-15-0.wav,7,jackhammer,8,"[2, 4, 7]"
177726-0-0-30,/tmp\sound_datasets\urbansound8k\audio/fold8/177726-0-0-30.wav,0,air_conditioner,8,"[2, 5, 0]"
24728-7-4-0,/tmp\sound_datasets\urbansound8k\audio/fold8/24728-7-4-0.wav,7,jackhammer,8,"[2, 4, 7]"
177726-0-0-18,/tmp\sound_datasets\urbansound8k\audio/fold8/177726-0-0-18.wav,0,air_conditioner,8,"[2, 5, 0]"
125678-7-1-1,/tmp\sound_datasets\urbansound8k\audio/fold8/125678-7-1-1.wav,7,jackhammer,8,"[2, 4, 7]"
106905-5-0-2,/tmp\sound_datasets\urbansound8k\audio/fold8/106905-5-0-2.wav,5,engine_idling,8,"[1, 2, 5]"
145612-6-2-0,/tmp\sound_datasets\urbansound8k\audio/fold8/145612-6-2-0.wav,6,gun_shot,8,"[2, 6, 6]"
76085-4-0-81,/tmp\sound_datasets\urbansound8k\audio/fold8/76085-4-0-81.wav,4,drilling,8,"[2, 4, 4]"
17009-2-0-10,/tmp\sound_datasets\urbansound8k\audio/fold8/17009-2-0-10.wav,2,children_playing,8,"[0, 0, 2]"
157868-8-0-20,/tmp\sound_datasets\urbansound8k\audio/fold8/157868-8-0-20.wav,8,siren,8,"[1, 3, 8]"
110688-3-0-2,/tmp\sound_datasets\urbansound8k\audio/fold8/110688-3-0-2.wav,3,dog_bark,8,"[0, 1, 3]"
117181-8-0-7,/tmp\sound_datasets\urbansound8k\audio/fold8/117181-8-0-7.wav,8,siren,8,"[1, 3, 8]"
115240-9-0-36,/tmp\sound_datasets\urbansound8k\audio/fold8/115240-9-0-36.wav,9,street_music,8,"[3, 7, 9]"
52633-3-0-9,/tmp\sound_datasets\urbansound8k\audio/fold8/52633-3-0-9.wav,3,dog_bark,8,"[0, 1, 3]"
71309-1-0-3,/tmp\sound_datasets\urbansound8k\audio/fold8/71309-1-0-3.wav,1,car_horn,8,"[1, 2, 1]"
33340-7-7-0,/tmp\sound_datasets\urbansound8k\audio/fold8/33340-7-7-0.wav,7,jackhammer,8,"[2, 4, 7]"
168037-4-4-0,/tmp\sound_datasets\urbansound8k\audio/fold8/168037-4-4-0.wav,4,drilling,8,"[2, 4, 4]"
133090-2-0-28,/tmp\sound_datasets\urbansound8k\audio/fold8/133090-2-0-28.wav,2,children_playing,8,"[0, 0, 2]"
133090-2-0-14,/tmp\sound_datasets\urbansound8k\audio/fold8/133090-2-0-14.wav,2,children_playing,8,"[0, 0, 2]"
159706-6-0-0,/tmp\sound_datasets\urbansound8k\audio/fold8/159706-6-0-0.wav,6,gun_shot,8,"[2, 6, 6]"
145612-6-0-0,/tmp\sound_datasets\urbansound8k\audio/fold8/145612-6-0-0.wav,6,gun_shot,8,"[2, 6, 6]"
17810-3-1-0,/tmp\sound_datasets\urbansound8k\audio/fold8/17810-3-1-0.wav,3,dog_bark,8,"[0, 1, 3]"
91209-5-0-1,/tmp\sound_datasets\urbansound8k\audio/fold8/91209-5-0-1.wav,5,engine_idling,8,"[1, 2, 5]"
71309-1-0-1,/tmp\sound_datasets\urbansound8k\audio/fold8/71309-1-0-1.wav,1,car_horn,8,"[1, 2, 1]"
7390-9-1-11,/tmp\sound_datasets\urbansound8k\audio/fold8/7390-9-1-11.wav,9,street_music,8,"[3, 7, 9]"
115240-9-0-34,/tmp\sound_datasets\urbansound8k\audio/fold8/115240-9-0-34.wav,9,street_music,8,"[3, 7, 9]"
117181-8-0-5,/tmp\sound_datasets\urbansound8k\audio/fold8/117181-8-0-5.wav,8,siren,8,"[1, 3, 8]"
71700-3-3-2,/tmp\sound_datasets\urbansound8k\audio/fold8/71700-3-3-2.wav,3,dog_bark,8,"[0, 1, 3]"
157868-8-0-22,/tmp\sound_datasets\urbansound8k\audio/fold8/157868-8-0-22.wav,8,siren,8,"[1, 3, 8]"
168037-4-6-0,/tmp\sound_datasets\urbansound8k\audio/fold8/168037-4-6-0.wav,4,drilling,8,"[2, 4, 4]"
76085-4-0-97,/tmp\sound_datasets\urbansound8k\audio/fold8/76085-4-0-97.wav,4,drilling,8,"[2, 4, 4]"
33340-7-5-0,/tmp\sound_datasets\urbansound8k\audio/fold8/33340-7-5-0.wav,7,jackhammer,8,"[2, 4, 7]"
196068-2-0-1,/tmp\sound_datasets\urbansound8k\audio/fold8/196068-2-0-1.wav,2,children_playing,8,"[0, 0, 2]"
106905-5-0-0,/tmp\sound_datasets\urbansound8k\audio/fold8/106905-5-0-0.wav,5,engine_idling,8,"[1, 2, 5]"
74677-0-0-135,/tmp\sound_datasets\urbansound8k\audio/fold8/74677-0-0-135.wav,0,air_conditioner,8,"[2, 5, 0]"
125678-7-1-3,/tmp\sound_datasets\urbansound8k\audio/fold8/125678-7-1-3.wav,7,jackhammer,8,"[2, 4, 7]"
177726-0-0-26,/tmp\sound_datasets\urbansound8k\audio/fold8/177726-0-0-26.wav,0,air_conditioner,8,"[2, 5, 0]"
204526-2-0-134,/tmp\sound_datasets\urbansound8k\audio/fold8/204526-2-0-134.wav,2,children_playing,8,"[0, 0, 2]"
125520-1-1-0,/tmp\sound_datasets\urbansound8k\audio/fold8/125520-1-1-0.wav,1,car_horn,8,"[1, 2, 1]"
74677-0-0-92,/tmp\sound_datasets\urbansound8k\audio/fold8/74677-0-0-92.wav,0,air_conditioner,8,"[2, 5, 0]"
54914-2-0-48,/tmp\sound_datasets\urbansound8k\audio/fold8/54914-2-0-48.wav,2,children_playing,8,"[0, 0, 2]"
177726-0-0-32,/tmp\sound_datasets\urbansound8k\audio/fold8/177726-0-0-32.wav,0,air_conditioner,8,"[2, 5, 0]"
179039-9-0-23,/tmp\sound_datasets\urbansound8k\audio/fold8/179039-9-0-23.wav,9,street_music,8,"[3, 7, 9]"
68080-7-0-3,/tmp\sound_datasets\urbansound8k\audio/fold8/68080-7-0-3.wav,7,jackhammer,8,"[2, 4, 7]"
125678-7-3-1,/tmp\sound_datasets\urbansound8k\audio/fold8/125678-7-3-1.wav,7,jackhammer,8,"[2, 4, 7]"
72015-2-0-2,/tmp\sound_datasets\urbansound8k\audio/fold8/72015-2-0-2.wav,2,children_playing,8,"[0, 0, 2]"
42324-4-1-0,/tmp\sound_datasets\urbansound8k\audio/fold8/42324-4-1-0.wav,4,drilling,8,"[2, 4, 4]"
162433-6-2-0,/tmp\sound_datasets\urbansound8k\audio/fold8/162433-6-2-0.wav,6,gun_shot,8,"[2, 6, 6]"
29936-3-0-0,/tmp\sound_datasets\urbansound8k\audio/fold8/29936-3-0-0.wav,3,dog_bark,8,"[0, 1, 3]"
138465-1-0-0,/tmp\sound_datasets\urbansound8k\audio/fold8/138465-1-0-0.wav,1,car_horn,8,"[1, 2, 1]"
72015-2-0-3,/tmp\sound_datasets\urbansound8k\audio/fold8/72015-2-0-3.wav,2,children_playing,8,"[0, 0, 2]"
160016-2-0-13,/tmp\sound_datasets\urbansound8k\audio/fold8/160016-2-0-13.wav,2,children_playing,8,"[0, 0, 2]"
125678-7-3-0,/tmp\sound_datasets\urbansound8k\audio/fold8/125678-7-3-0.wav,7,jackhammer,8,"[2, 4, 7]"
68080-7-0-2,/tmp\sound_datasets\urbansound8k\audio/fold8/68080-7-0-2.wav,7,jackhammer,8,"[2, 4, 7]"
83465-1-0-0,/tmp\sound_datasets\urbansound8k\audio/fold8/83465-1-0-0.wav,1,car_horn,8,"[1, 2, 1]"
189825-9-0-7,/tmp\sound_datasets\urbansound8k\audio/fold8/189825-9-0-7.wav,9,street_music,8,"[3, 7, 9]"
179039-9-0-22,/tmp\sound_datasets\urbansound8k\audio/fold8/179039-9-0-22.wav,9,street_music,8,"[3, 7, 9]"
52284-6-0-0,/tmp\sound_datasets\urbansound8k\audio/fold8/52284-6-0-0.wav,6,gun_shot,8,"[2, 6, 6]"
204526-2-0-121,/tmp\sound_datasets\urbansound8k\audio/fold8/204526-2-0-121.wav,2,children_playing,8,"[0, 0, 2]"
177726-0-0-33,/tmp\sound_datasets\urbansound8k\audio/fold8/177726-0-0-33.wav,0,air_conditioner,8,"[2, 5, 0]"
144028-3-0-0,/tmp\sound_datasets\urbansound8k\audio/fold8/144028-3-0-0.wav,3,dog_bark,8,"[0, 1, 3]"
177726-0-0-27,/tmp\sound_datasets\urbansound8k\audio/fold8/177726-0-0-27.wav,0,air_conditioner,8,"[2, 5, 0]"
167702-4-3-0,/tmp\sound_datasets\urbansound8k\audio/fold8/167702-4-3-0.wav,4,drilling,8,"[2, 4, 4]"
125678-7-1-2,/tmp\sound_datasets\urbansound8k\audio/fold8/125678-7-1-2.wav,7,jackhammer,8,"[2, 4, 7]"
14386-9-0-11,/tmp\sound_datasets\urbansound8k\audio/fold8/14386-9-0-11.wav,9,street_music,8,"[3, 7, 9]"
74677-0-0-134,/tmp\sound_datasets\urbansound8k\audio/fold8/74677-0-0-134.wav,0,air_conditioner,8,"[2, 5, 0]"
76085-4-0-55,/tmp\sound_datasets\urbansound8k\audio/fold8/76085-4-0-55.wav,4,drilling,8,"[2, 4, 4]"
106905-5-0-1,/tmp\sound_datasets\urbansound8k\audio/fold8/106905-5-0-1.wav,5,engine_idling,8,"[1, 2, 5]"
196068-2-0-0,/tmp\sound_datasets\urbansound8k\audio/fold8/196068-2-0-0.wav,2,children_playing,8,"[0, 0, 2]"
157868-8-0-23,/tmp\sound_datasets\urbansound8k\audio/fold8/157868-8-0-23.wav,8,siren,8,"[1, 3, 8]"
117181-8-0-4,/tmp\sound_datasets\urbansound8k\audio/fold8/117181-8-0-4.wav,8,siren,8,"[1, 3, 8]"
66599-9-0-11,/tmp\sound_datasets\urbansound8k\audio/fold8/66599-9-0-11.wav,9,street_music,8,"[3, 7, 9]"
91209-5-0-0,/tmp\sound_datasets\urbansound8k\audio/fold8/91209-5-0-0.wav,5,engine_idling,8,"[1, 2, 5]"
71309-1-0-0,/tmp\sound_datasets\urbansound8k\audio/fold8/71309-1-0-0.wav,1,car_horn,8,"[1, 2, 1]"
89207-3-0-0,/tmp\sound_datasets\urbansound8k\audio/fold8/89207-3-0-0.wav,3,dog_bark,8,"[0, 1, 3]"
61077-3-1-0,/tmp\sound_datasets\urbansound8k\audio/fold8/61077-3-1-0.wav,3,dog_bark,8,"[0, 1, 3]"
180134-4-2-19,/tmp\sound_datasets\urbansound8k\audio/fold8/180134-4-2-19.wav,4,drilling,8,"[2, 4, 4]"
4918-3-0-0,/tmp\sound_datasets\urbansound8k\audio/fold8/4918-3-0-0.wav,3,dog_bark,8,"[0, 1, 3]"
162103-0-0-3,/tmp\sound_datasets\urbansound8k\audio/fold8/162103-0-0-3.wav,0,air_conditioner,8,"[2, 5, 0]"
161129-4-0-6,/tmp\sound_datasets\urbansound8k\audio/fold8/161129-4-0-6.wav,4,drilling,8,"[2, 4, 4]"
125678-7-2-7,/tmp\sound_datasets\urbansound8k\audio/fold8/125678-7-2-7.wav,7,jackhammer,8,"[2, 4, 7]"
157868-8-0-3,/tmp\sound_datasets\urbansound8k\audio/fold8/157868-8-0-3.wav,8,siren,8,"[1, 3, 8]"
50613-3-0-0,/tmp\sound_datasets\urbansound8k\audio/fold8/50613-3-0-0.wav,3,dog_bark,8,"[0, 1, 3]"
33340-7-2-0,/tmp\sound_datasets\urbansound8k\audio/fold8/33340-7-2-0.wav,7,jackhammer,8,"[2, 4, 7]"
71177-8-0-1,/tmp\sound_datasets\urbansound8k\audio/fold8/71177-8-0-1.wav,8,siren,8,"[1, 3, 8]"
189846-3-0-0,/tmp\sound_datasets\urbansound8k\audio/fold8/189846-3-0-0.wav,3,dog_bark,8,"[0, 1, 3]"
125678-7-0-5,/tmp\sound_datasets\urbansound8k\audio/fold8/125678-7-0-5.wav,7,jackhammer,8,"[2, 4, 7]"
168037-4-1-0,/tmp\sound_datasets\urbansound8k\audio/fold8/168037-4-1-0.wav,4,drilling,8,"[2, 4, 4]"
113202-5-0-9,/tmp\sound_datasets\urbansound8k\audio/fold8/113202-5-0-9.wav,5,engine_idling,8,"[1, 2, 5]"
146343-3-0-0,/tmp\sound_datasets\urbansound8k\audio/fold8/146343-3-0-0.wav,3,dog_bark,8,"[0, 1, 3]"
42324-4-2-4,/tmp\sound_datasets\urbansound8k\audio/fold8/42324-4-2-4.wav,4,drilling,8,"[2, 4, 4]"
207214-2-0-63,/tmp\sound_datasets\urbansound8k\audio/fold8/207214-2-0-63.wav,2,children_playing,8,"[0, 0, 2]"
33340-7-10-0,/tmp\sound_datasets\urbansound8k\audio/fold8/33340-7-10-0.wav,7,jackhammer,8,"[2, 4, 7]"
113202-5-0-23,/tmp\sound_datasets\urbansound8k\audio/fold8/113202-5-0-23.wav,5,engine_idling,8,"[1, 2, 5]"
30226-3-1-0,/tmp\sound_datasets\urbansound8k\audio/fold8/30226-3-1-0.wav,3,dog_bark,8,"[0, 1, 3]"
96159-4-0-0,/tmp\sound_datasets\urbansound8k\audio/fold8/96159-4-0-0.wav,4,drilling,8,"[2, 4, 4]"
24728-7-1-0,/tmp\sound_datasets\urbansound8k\audio/fold8/24728-7-1-0.wav,7,jackhammer,8,"[2, 4, 7]"
148632-8-0-8,/tmp\sound_datasets\urbansound8k\audio/fold8/148632-8-0-8.wav,8,siren,8,"[1, 3, 8]"
125678-7-4-1,/tmp\sound_datasets\urbansound8k\audio/fold8/125678-7-4-1.wav,7,jackhammer,8,"[2, 4, 7]"
54383-0-0-7,/tmp\sound_datasets\urbansound8k\audio/fold8/54383-0-0-7.wav,0,air_conditioner,8,"[2, 5, 0]"
139000-4-0-2,/tmp\sound_datasets\urbansound8k\audio/fold8/139000-4-0-2.wav,4,drilling,8,"[2, 4, 4]"
162433-6-5-0,/tmp\sound_datasets\urbansound8k\audio/fold8/162433-6-5-0.wav,6,gun_shot,8,"[2, 6, 6]"
54383-0-0-6,/tmp\sound_datasets\urbansound8k\audio/fold8/54383-0-0-6.wav,0,air_conditioner,8,"[2, 5, 0]"
196057-2-0-0,/tmp\sound_datasets\urbansound8k\audio/fold8/196057-2-0-0.wav,2,children_playing,8,"[0, 0, 2]"
125678-7-4-0,/tmp\sound_datasets\urbansound8k\audio/fold8/125678-7-4-0.wav,7,jackhammer,8,"[2, 4, 7]"
30226-3-1-1,/tmp\sound_datasets\urbansound8k\audio/fold8/30226-3-1-1.wav,3,dog_bark,8,"[0, 1, 3]"
148632-8-0-9,/tmp\sound_datasets\urbansound8k\audio/fold8/148632-8-0-9.wav,8,siren,8,"[1, 3, 8]"
113202-5-0-22,/tmp\sound_datasets\urbansound8k\audio/fold8/113202-5-0-22.wav,5,engine_idling,8,"[1, 2, 5]"
16860-9-0-30,/tmp\sound_datasets\urbansound8k\audio/fold8/16860-9-0-30.wav,9,street_music,8,"[3, 7, 9]"
74677-0-0-36,/tmp\sound_datasets\urbansound8k\audio/fold8/74677-0-0-36.wav,0,air_conditioner,8,"[2, 5, 0]"
66599-9-1-23,/tmp\sound_datasets\urbansound8k\audio/fold8/66599-9-1-23.wav,9,street_music,8,"[3, 7, 9]"
207214-2-0-62,/tmp\sound_datasets\urbansound8k\audio/fold8/207214-2-0-62.wav,2,children_playing,8,"[0, 0, 2]"
204526-2-0-153,/tmp\sound_datasets\urbansound8k\audio/fold8/204526-2-0-153.wav,2,children_playing,8,"[0, 0, 2]"
167702-4-4-0,/tmp\sound_datasets\urbansound8k\audio/fold8/167702-4-4-0.wav,4,drilling,8,"[2, 4, 4]"
196561-3-0-9,/tmp\sound_datasets\urbansound8k\audio/fold8/196561-3-0-9.wav,3,dog_bark,8,"[0, 1, 3]"
113202-5-0-8,/tmp\sound_datasets\urbansound8k\audio/fold8/113202-5-0-8.wav,5,engine_idling,8,"[1, 2, 5]"
76085-4-0-27,/tmp\sound_datasets\urbansound8k\audio/fold8/76085-4-0-27.wav,4,drilling,8,"[2, 4, 4]"
125678-7-0-4,/tmp\sound_datasets\urbansound8k\audio/fold8/125678-7-0-4.wav,7,jackhammer,8,"[2, 4, 7]"
174285-6-0-0,/tmp\sound_datasets\urbansound8k\audio/fold8/174285-6-0-0.wav,6,gun_shot,8,"[2, 6, 6]"
71177-8-0-0,/tmp\sound_datasets\urbansound8k\audio/fold8/71177-8-0-0.wav,8,siren,8,"[1, 3, 8]"
157868-8-0-2,/tmp\sound_datasets\urbansound8k\audio/fold8/157868-8-0-2.wav,8,siren,8,"[1, 3, 8]"
25039-6-1-0,/tmp\sound_datasets\urbansound8k\audio/fold8/25039-6-1-0.wav,6,gun_shot,8,"[2, 6, 6]"
71700-3-4-3,/tmp\sound_datasets\urbansound8k\audio/fold8/71700-3-4-3.wav,3,dog_bark,8,"[0, 1, 3]"
117181-8-0-12,/tmp\sound_datasets\urbansound8k\audio/fold8/117181-8-0-12.wav,8,siren,8,"[1, 3, 8]"
125678-7-2-6,/tmp\sound_datasets\urbansound8k\audio/fold8/125678-7-2-6.wav,7,jackhammer,8,"[2, 4, 7]"
175856-1-0-0,/tmp\sound_datasets\urbansound8k\audio/fold8/175856-1-0-0.wav,1,car_horn,8,"[1, 2, 1]"
161129-4-0-7,/tmp\sound_datasets\urbansound8k\audio/fold8/161129-4-0-7.wav,4,drilling,8,"[2, 4, 4]"
162103-0-0-2,/tmp\sound_datasets\urbansound8k\audio/fold8/162103-0-0-2.wav,0,air_conditioner,8,"[2, 5, 0]"
71177-8-2-0,/tmp\sound_datasets\urbansound8k\audio/fold8/71177-8-2-0.wav,8,siren,8,"[1, 3, 8]"
161129-4-0-5,/tmp\sound_datasets\urbansound8k\audio/fold8/161129-4-0-5.wav,4,drilling,8,"[2, 4, 4]"
115240-9-0-1,/tmp\sound_datasets\urbansound8k\audio/fold8/115240-9-0-1.wav,9,street_music,8,"[3, 7, 9]"
162103-0-0-0,/tmp\sound_datasets\urbansound8k\audio/fold8/162103-0-0-0.wav,0,air_conditioner,8,"[2, 5, 0]"
66599-9-1-4,/tmp\sound_datasets\urbansound8k\audio/fold8/66599-9-1-4.wav,9,street_music,8,"[3, 7, 9]"
125678-7-2-4,/tmp\sound_datasets\urbansound8k\audio/fold8/125678-7-2-4.wav,7,jackhammer,8,"[2, 4, 7]"
117181-8-0-10,/tmp\sound_datasets\urbansound8k\audio/fold8/117181-8-0-10.wav,8,siren,8,"[1, 3, 8]"
174285-6-2-0,/tmp\sound_datasets\urbansound8k\audio/fold8/174285-6-2-0.wav,6,gun_shot,8,"[2, 6, 6]"
71700-3-4-1,/tmp\sound_datasets\urbansound8k\audio/fold8/71700-3-4-1.wav,3,dog_bark,8,"[0, 1, 3]"
157868-8-0-0,/tmp\sound_datasets\urbansound8k\audio/fold8/157868-8-0-0.wav,8,siren,8,"[1, 3, 8]"
34866-9-0-5,/tmp\sound_datasets\urbansound8k\audio/fold8/34866-9-0-5.wav,9,street_music,8,"[3, 7, 9]"
125678-7-0-6,/tmp\sound_datasets\urbansound8k\audio/fold8/125678-7-0-6.wav,7,jackhammer,8,"[2, 4, 7]"
175856-1-2-0,/tmp\sound_datasets\urbansound8k\audio/fold8/175856-1-2-0.wav,1,car_horn,8,"[1, 2, 1]"
142003-2-0-0,/tmp\sound_datasets\urbansound8k\audio/fold8/142003-2-0-0.wav,2,children_playing,8,"[0, 0, 2]"
180134-4-2-9,/tmp\sound_datasets\urbansound8k\audio/fold8/180134-4-2-9.wav,4,drilling,8,"[2, 4, 4]"
169043-2-0-15,/tmp\sound_datasets\urbansound8k\audio/fold8/169043-2-0-15.wav,2,children_playing,8,"[0, 0, 2]"
66324-9-0-53,/tmp\sound_datasets\urbansound8k\audio/fold8/66324-9-0-53.wav,9,street_music,8,"[3, 7, 9]"
155313-3-0-0,/tmp\sound_datasets\urbansound8k\audio/fold8/155313-3-0-0.wav,3,dog_bark,8,"[0, 1, 3]"
66599-9-1-21,/tmp\sound_datasets\urbansound8k\audio/fold8/66599-9-1-21.wav,9,street_music,8,"[3, 7, 9]"
162433-6-7-0,/tmp\sound_datasets\urbansound8k\audio/fold8/162433-6-7-0.wav,6,gun_shot,8,"[2, 6, 6]"
155217-9-0-85,/tmp\sound_datasets\urbansound8k\audio/fold8/155217-9-0-85.wav,9,street_music,8,"[3, 7, 9]"
16860-9-0-26,/tmp\sound_datasets\urbansound8k\audio/fold8/16860-9-0-26.wav,9,street_music,8,"[3, 7, 9]"
30226-3-1-3,/tmp\sound_datasets\urbansound8k\audio/fold8/30226-3-1-3.wav,3,dog_bark,8,"[0, 1, 3]"
167702-4-6-0,/tmp\sound_datasets\urbansound8k\audio/fold8/167702-4-6-0.wav,4,drilling,8,"[2, 4, 4]"
113202-5-0-20,/tmp\sound_datasets\urbansound8k\audio/fold8/113202-5-0-20.wav,5,engine_idling,8,"[1, 2, 5]"
125678-7-4-2,/tmp\sound_datasets\urbansound8k\audio/fold8/125678-7-4-2.wav,7,jackhammer,8,"[2, 4, 7]"
54383-0-0-4,/tmp\sound_datasets\urbansound8k\audio/fold8/54383-0-0-4.wav,0,air_conditioner,8,"[2, 5, 0]"
91209-5-1-4,/tmp\sound_datasets\urbansound8k\audio/fold8/91209-5-1-4.wav,5,engine_idling,8,"[1, 2, 5]"
139000-4-0-1,/tmp\sound_datasets\urbansound8k\audio/fold8/139000-4-0-1.wav,4,drilling,8,"[2, 4, 4]"
91209-5-1-5,/tmp\sound_datasets\urbansound8k\audio/fold8/91209-5-1-5.wav,5,engine_idling,8,"[1, 2, 5]"
139000-4-0-0,/tmp\sound_datasets\urbansound8k\audio/fold8/139000-4-0-0.wav,4,drilling,8,"[2, 4, 4]"
54383-0-0-5,/tmp\sound_datasets\urbansound8k\audio/fold8/54383-0-0-5.wav,0,air_conditioner,8,"[2, 5, 0]"
125678-7-4-3,/tmp\sound_datasets\urbansound8k\audio/fold8/125678-7-4-3.wav,7,jackhammer,8,"[2, 4, 7]"
113202-5-0-21,/tmp\sound_datasets\urbansound8k\audio/fold8/113202-5-0-21.wav,5,engine_idling,8,"[1, 2, 5]"
125520-1-4-0,/tmp\sound_datasets\urbansound8k\audio/fold8/125520-1-4-0.wav,1,car_horn,8,"[1, 2, 1]"
193699-2-0-46,/tmp\sound_datasets\urbansound8k\audio/fold8/193699-2-0-46.wav,2,children_playing,8,"[0, 0, 2]"
194733-9-0-1,/tmp\sound_datasets\urbansound8k\audio/fold8/194733-9-0-1.wav,9,street_music,8,"[3, 7, 9]"
74677-0-0-21,/tmp\sound_datasets\urbansound8k\audio/fold8/74677-0-0-21.wav,0,air_conditioner,8,"[2, 5, 0]"
204526-2-0-193,/tmp\sound_datasets\urbansound8k\audio/fold8/204526-2-0-193.wav,2,children_playing,8,"[0, 0, 2]"
74677-0-0-35,/tmp\sound_datasets\urbansound8k\audio/fold8/74677-0-0-35.wav,0,air_conditioner,8,"[2, 5, 0]"
110134-3-0-0,/tmp\sound_datasets\urbansound8k\audio/fold8/110134-3-0-0.wav,3,dog_bark,8,"[0, 1, 3]"
155283-1-1-0,/tmp\sound_datasets\urbansound8k\audio/fold8/155283-1-1-0.wav,1,car_horn,8,"[1, 2, 1]"
33340-7-12-0,/tmp\sound_datasets\urbansound8k\audio/fold8/33340-7-12-0.wav,7,jackhammer,8,"[2, 4, 7]"
24728-7-3-0,/tmp\sound_datasets\urbansound8k\audio/fold8/24728-7-3-0.wav,7,jackhammer,8,"[2, 4, 7]"
142003-2-0-1,/tmp\sound_datasets\urbansound8k\audio/fold8/142003-2-0-1.wav,2,children_playing,8,"[0, 0, 2]"
36429-2-0-23,/tmp\sound_datasets\urbansound8k\audio/fold8/36429-2-0-23.wav,2,children_playing,8,"[0, 0, 2]"
169043-2-0-28,/tmp\sound_datasets\urbansound8k\audio/fold8/169043-2-0-28.wav,2,children_playing,8,"[0, 0, 2]"
76085-4-0-24,/tmp\sound_datasets\urbansound8k\audio/fold8/76085-4-0-24.wav,4,drilling,8,"[2, 4, 4]"
125678-7-0-7,/tmp\sound_datasets\urbansound8k\audio/fold8/125678-7-0-7.wav,7,jackhammer,8,"[2, 4, 7]"
44110-3-0-0,/tmp\sound_datasets\urbansound8k\audio/fold8/44110-3-0-0.wav,3,dog_bark,8,"[0, 1, 3]"
161129-4-0-20,/tmp\sound_datasets\urbansound8k\audio/fold8/161129-4-0-20.wav,4,drilling,8,"[2, 4, 4]"
157868-8-0-1,/tmp\sound_datasets\urbansound8k\audio/fold8/157868-8-0-1.wav,8,siren,8,"[1, 3, 8]"
148632-8-0-18,/tmp\sound_datasets\urbansound8k\audio/fold8/148632-8-0-18.wav,8,siren,8,"[1, 3, 8]"
71700-3-4-0,/tmp\sound_datasets\urbansound8k\audio/fold8/71700-3-4-0.wav,3,dog_bark,8,"[0, 1, 3]"
117181-8-0-11,/tmp\sound_datasets\urbansound8k\audio/fold8/117181-8-0-11.wav,8,siren,8,"[1, 3, 8]"
125678-7-2-5,/tmp\sound_datasets\urbansound8k\audio/fold8/125678-7-2-5.wav,7,jackhammer,8,"[2, 4, 7]"
168037-4-3-0,/tmp\sound_datasets\urbansound8k\audio/fold8/168037-4-3-0.wav,4,drilling,8,"[2, 4, 4]"
169043-2-0-3,/tmp\sound_datasets\urbansound8k\audio/fold8/169043-2-0-3.wav,2,children_playing,8,"[0, 0, 2]"
133090-2-0-70,/tmp\sound_datasets\urbansound8k\audio/fold8/133090-2-0-70.wav,2,children_playing,8,"[0, 0, 2]"
74677-0-0-6,/tmp\sound_datasets\urbansound8k\audio/fold8/74677-0-0-6.wav,0,air_conditioner,8,"[2, 5, 0]"
162103-0-0-1,/tmp\sound_datasets\urbansound8k\audio/fold8/162103-0-0-1.wav,0,air_conditioner,8,"[2, 5, 0]"
161129-4-0-4,/tmp\sound_datasets\urbansound8k\audio/fold8/161129-4-0-4.wav,4,drilling,8,"[2, 4, 4]"
99179-9-0-19,/tmp\sound_datasets\urbansound8k\audio/fold8/99179-9-0-19.wav,9,street_music,8,"[3, 7, 9]"
33340-7-0-0,/tmp\sound_datasets\urbansound8k\audio/fold8/33340-7-0-0.wav,7,jackhammer,8,"[2, 4, 7]"
71177-8-2-1,/tmp\sound_datasets\urbansound8k\audio/fold8/71177-8-2-1.wav,8,siren,8,"[1, 3, 8]"
133090-2-0-64,/tmp\sound_datasets\urbansound8k\audio/fold8/133090-2-0-64.wav,2,children_playing,8,"[0, 0, 2]"
125678-7-2-1,/tmp\sound_datasets\urbansound8k\audio/fold8/125678-7-2-1.wav,7,jackhammer,8,"[2, 4, 7]"
33340-7-16-0,/tmp\sound_datasets\urbansound8k\audio/fold8/33340-7-16-0.wav,7,jackhammer,8,"[2, 4, 7]"
115240-9-0-4,/tmp\sound_datasets\urbansound8k\audio/fold8/115240-9-0-4.wav,9,street_music,8,"[3, 7, 9]"
204526-2-0-71,/tmp\sound_datasets\urbansound8k\audio/fold8/204526-2-0-71.wav,2,children_playing,8,"[0, 0, 2]"
162103-0-0-5,/tmp\sound_datasets\urbansound8k\audio/fold8/162103-0-0-5.wav,0,air_conditioner,8,"[2, 5, 0]"
74677-0-0-2,/tmp\sound_datasets\urbansound8k\audio/fold8/74677-0-0-2.wav,0,air_conditioner,8,"[2, 5, 0]"
81787-2-0-35,/tmp\sound_datasets\urbansound8k\audio/fold8/81787-2-0-35.wav,2,children_playing,8,"[0, 0, 2]"
42324-4-0-0,/tmp\sound_datasets\urbansound8k\audio/fold8/42324-4-0-0.wav,4,drilling,8,"[2, 4, 4]"
157868-8-0-5,/tmp\sound_datasets\urbansound8k\audio/fold8/157868-8-0-5.wav,8,siren,8,"[1, 3, 8]"
125678-7-0-3,/tmp\sound_datasets\urbansound8k\audio/fold8/125678-7-0-3.wav,7,jackhammer,8,"[2, 4, 7]"
125520-1-0-0,/tmp\sound_datasets\urbansound8k\audio/fold8/125520-1-0-0.wav,1,car_horn,8,"[1, 2, 1]"
144028-3-1-1,/tmp\sound_datasets\urbansound8k\audio/fold8/144028-3-1-1.wav,3,dog_bark,8,"[0, 1, 3]"
169043-2-0-10,/tmp\sound_datasets\urbansound8k\audio/fold8/169043-2-0-10.wav,2,children_playing,8,"[0, 0, 2]"
42324-4-2-2,/tmp\sound_datasets\urbansound8k\audio/fold8/42324-4-2-2.wav,4,drilling,8,"[2, 4, 4]"
168037-4-7-0,/tmp\sound_datasets\urbansound8k\audio/fold8/168037-4-7-0.wav,4,drilling,8,"[2, 4, 4]"
7068-6-0-0,/tmp\sound_datasets\urbansound8k\audio/fold8/7068-6-0-0.wav,6,gun_shot,8,"[2, 6, 6]"
66324-9-0-42,/tmp\sound_datasets\urbansound8k\audio/fold8/66324-9-0-42.wav,9,street_music,8,"[3, 7, 9]"
155217-9-0-57,/tmp\sound_datasets\urbansound8k\audio/fold8/155217-9-0-57.wav,9,street_music,8,"[3, 7, 9]"
33340-7-4-0,/tmp\sound_datasets\urbansound8k\audio/fold8/33340-7-4-0.wav,7,jackhammer,8,"[2, 4, 7]"
74677-0-0-19,/tmp\sound_datasets\urbansound8k\audio/fold8/74677-0-0-19.wav,0,air_conditioner,8,"[2, 5, 0]"
125678-7-4-7,/tmp\sound_datasets\urbansound8k\audio/fold8/125678-7-4-7.wav,7,jackhammer,8,"[2, 4, 7]"
95549-3-0-20,/tmp\sound_datasets\urbansound8k\audio/fold8/95549-3-0-20.wav,3,dog_bark,8,"[0, 1, 3]"
113202-5-0-19,/tmp\sound_datasets\urbansound8k\audio/fold8/113202-5-0-19.wav,5,engine_idling,8,"[1, 2, 5]"
145612-6-1-0,/tmp\sound_datasets\urbansound8k\audio/fold8/145612-6-1-0.wav,6,gun_shot,8,"[2, 6, 6]"
44110-3-4-0,/tmp\sound_datasets\urbansound8k\audio/fold8/44110-3-4-0.wav,3,dog_bark,8,"[0, 1, 3]"
113202-5-0-25,/tmp\sound_datasets\urbansound8k\audio/fold8/113202-5-0-25.wav,5,engine_idling,8,"[1, 2, 5]"
17810-3-0-0,/tmp\sound_datasets\urbansound8k\audio/fold8/17810-3-0-0.wav,3,dog_bark,8,"[0, 1, 3]"
91209-5-1-1,/tmp\sound_datasets\urbansound8k\audio/fold8/91209-5-1-1.wav,5,engine_idling,8,"[1, 2, 5]"
54383-0-0-1,/tmp\sound_datasets\urbansound8k\audio/fold8/54383-0-0-1.wav,0,air_conditioner,8,"[2, 5, 0]"
54383-0-0-0,/tmp\sound_datasets\urbansound8k\audio/fold8/54383-0-0-0.wav,0,air_conditioner,8,"[2, 5, 0]"
71309-1-1-0,/tmp\sound_datasets\urbansound8k\audio/fold8/71309-1-1-0.wav,1,car_horn,8,"[1, 2, 1]"
76266-2-0-76,/tmp\sound_datasets\urbansound8k\audio/fold8/76266-2-0-76.wav,2,children_playing,8,"[0, 0, 2]"
91209-5-1-0,/tmp\sound_datasets\urbansound8k\audio/fold8/91209-5-1-0.wav,5,engine_idling,8,"[1, 2, 5]"
113202-5-0-24,/tmp\sound_datasets\urbansound8k\audio/fold8/113202-5-0-24.wav,5,engine_idling,8,"[1, 2, 5]"
61077-3-0-0,/tmp\sound_datasets\urbansound8k\audio/fold8/61077-3-0-0.wav,3,dog_bark,8,"[0, 1, 3]"
113202-5-0-18,/tmp\sound_datasets\urbansound8k\audio/fold8/113202-5-0-18.wav,5,engine_idling,8,"[1, 2, 5]"
4918-3-1-0,/tmp\sound_datasets\urbansound8k\audio/fold8/4918-3-1-0.wav,3,dog_bark,8,"[0, 1, 3]"
125678-7-4-6,/tmp\sound_datasets\urbansound8k\audio/fold8/125678-7-4-6.wav,7,jackhammer,8,"[2, 4, 7]"
207214-2-0-126,/tmp\sound_datasets\urbansound8k\audio/fold8/207214-2-0-126.wav,2,children_playing,8,"[0, 0, 2]"
76085-4-0-35,/tmp\sound_datasets\urbansound8k\audio/fold8/76085-4-0-35.wav,4,drilling,8,"[2, 4, 4]"
70168-3-1-11,/tmp\sound_datasets\urbansound8k\audio/fold8/70168-3-1-11.wav,3,dog_bark,8,"[0, 1, 3]"
42324-4-2-3,/tmp\sound_datasets\urbansound8k\audio/fold8/42324-4-2-3.wav,4,drilling,8,"[2, 4, 4]"
7390-9-1-5,/tmp\sound_datasets\urbansound8k\audio/fold8/7390-9-1-5.wav,9,street_music,8,"[3, 7, 9]"
167702-4-2-0,/tmp\sound_datasets\urbansound8k\audio/fold8/167702-4-2-0.wav,4,drilling,8,"[2, 4, 4]"
144028-3-1-0,/tmp\sound_datasets\urbansound8k\audio/fold8/144028-3-1-0.wav,3,dog_bark,8,"[0, 1, 3]"
125678-7-0-2,/tmp\sound_datasets\urbansound8k\audio/fold8/125678-7-0-2.wav,7,jackhammer,8,"[2, 4, 7]"
161129-4-0-19,/tmp\sound_datasets\urbansound8k\audio/fold8/161129-4-0-19.wav,4,drilling,8,"[2, 4, 4]"
162433-6-3-0,/tmp\sound_datasets\urbansound8k\audio/fold8/162433-6-3-0.wav,6,gun_shot,8,"[2, 6, 6]"
171243-9-0-49,/tmp\sound_datasets\urbansound8k\audio/fold8/171243-9-0-49.wav,9,street_music,8,"[3, 7, 9]"
29936-3-1-0,/tmp\sound_datasets\urbansound8k\audio/fold8/29936-3-1-0.wav,3,dog_bark,8,"[0, 1, 3]"
157868-8-0-4,/tmp\sound_datasets\urbansound8k\audio/fold8/157868-8-0-4.wav,8,siren,8,"[1, 3, 8]"
74677-0-0-3,/tmp\sound_datasets\urbansound8k\audio/fold8/74677-0-0-3.wav,0,air_conditioner,8,"[2, 5, 0]"
162103-0-0-4,/tmp\sound_datasets\urbansound8k\audio/fold8/162103-0-0-4.wav,0,air_conditioner,8,"[2, 5, 0]"
161129-4-0-1,/tmp\sound_datasets\urbansound8k\audio/fold8/161129-4-0-1.wav,4,drilling,8,"[2, 4, 4]"
125678-7-2-0,/tmp\sound_datasets\urbansound8k\audio/fold8/125678-7-2-0.wav,7,jackhammer,8,"[2, 4, 7]"
6984-1-0-0,/tmp\sound_datasets\urbansound8k\audio/fold8/6984-1-0-0.wav,1,car_horn,8,"[1, 2, 1]"
125678-7-2-2,/tmp\sound_datasets\urbansound8k\audio/fold8/125678-7-2-2.wav,7,jackhammer,8,"[2, 4, 7]"
162103-0-0-6,/tmp\sound_datasets\urbansound8k\audio/fold8/162103-0-0-6.wav,0,air_conditioner,8,"[2, 5, 0]"
167702-4-0-0,/tmp\sound_datasets\urbansound8k\audio/fold8/167702-4-0-0.wav,4,drilling,8,"[2, 4, 4]"
161129-4-0-3,/tmp\sound_datasets\urbansound8k\audio/fold8/161129-4-0-3.wav,4,drilling,8,"[2, 4, 4]"
157868-8-0-6,/tmp\sound_datasets\urbansound8k\audio/fold8/157868-8-0-6.wav,8,siren,8,"[1, 3, 8]"
177726-0-0-8,/tmp\sound_datasets\urbansound8k\audio/fold8/177726-0-0-8.wav,0,air_conditioner,8,"[2, 5, 0]"
125678-7-0-0,/tmp\sound_datasets\urbansound8k\audio/fold8/125678-7-0-0.wav,7,jackhammer,8,"[2, 4, 7]"
34866-9-0-3,/tmp\sound_datasets\urbansound8k\audio/fold8/34866-9-0-3.wav,9,street_music,8,"[3, 7, 9]"
29936-3-3-0,/tmp\sound_datasets\urbansound8k\audio/fold8/29936-3-3-0.wav,3,dog_bark,8,"[0, 1, 3]"
70168-3-1-13,/tmp\sound_datasets\urbansound8k\audio/fold8/70168-3-1-13.wav,3,dog_bark,8,"[0, 1, 3]"
36429-2-0-18,/tmp\sound_datasets\urbansound8k\audio/fold8/36429-2-0-18.wav,2,children_playing,8,"[0, 0, 2]"
42324-4-2-1,/tmp\sound_datasets\urbansound8k\audio/fold8/42324-4-2-1.wav,4,drilling,8,"[2, 4, 4]"
169043-2-0-13,/tmp\sound_datasets\urbansound8k\audio/fold8/169043-2-0-13.wav,2,children_playing,8,"[0, 0, 2]"
76085-4-0-37,/tmp\sound_datasets\urbansound8k\audio/fold8/76085-4-0-37.wav,4,drilling,8,"[2, 4, 4]"
162433-6-1-0,/tmp\sound_datasets\urbansound8k\audio/fold8/162433-6-1-0.wav,6,gun_shot,8,"[2, 6, 6]"
39967-9-0-99,/tmp\sound_datasets\urbansound8k\audio/fold8/39967-9-0-99.wav,9,street_music,8,"[3, 7, 9]"
4918-3-3-0,/tmp\sound_datasets\urbansound8k\audio/fold8/4918-3-3-0.wav,3,dog_bark,8,"[0, 1, 3]"
61077-3-2-0,/tmp\sound_datasets\urbansound8k\audio/fold8/61077-3-2-0.wav,3,dog_bark,8,"[0, 1, 3]"
179039-9-0-40,/tmp\sound_datasets\urbansound8k\audio/fold8/179039-9-0-40.wav,9,street_music,8,"[3, 7, 9]"
7065-6-0-0,/tmp\sound_datasets\urbansound8k\audio/fold8/7065-6-0-0.wav,6,gun_shot,8,"[2, 6, 6]"
193699-2-0-69,/tmp\sound_datasets\urbansound8k\audio/fold8/193699-2-0-69.wav,2,children_playing,8,"[0, 0, 2]"
125678-7-4-4,/tmp\sound_datasets\urbansound8k\audio/fold8/125678-7-4-4.wav,7,jackhammer,8,"[2, 4, 7]"
31325-3-4-0,/tmp\sound_datasets\urbansound8k\audio/fold8/31325-3-4-0.wav,3,dog_bark,8,"[0, 1, 3]"
113202-5-0-26,/tmp\sound_datasets\urbansound8k\audio/fold8/113202-5-0-26.wav,5,engine_idling,8,"[1, 2, 5]"
186935-5-0-1,/tmp\sound_datasets\urbansound8k\audio/fold8/186935-5-0-1.wav,5,engine_idling,8,"[1, 2, 5]"
30226-3-1-5,/tmp\sound_datasets\urbansound8k\audio/fold8/30226-3-1-5.wav,3,dog_bark,8,"[0, 1, 3]"
91209-5-1-2,/tmp\sound_datasets\urbansound8k\audio/fold8/91209-5-1-2.wav,5,engine_idling,8,"[1, 2, 5]"
54383-0-0-2,/tmp\sound_datasets\urbansound8k\audio/fold8/54383-0-0-2.wav,0,air_conditioner,8,"[2, 5, 0]"
54383-0-0-3,/tmp\sound_datasets\urbansound8k\audio/fold8/54383-0-0-3.wav,0,air_conditioner,8,"[2, 5, 0]"
91209-5-1-3,/tmp\sound_datasets\urbansound8k\audio/fold8/91209-5-1-3.wav,5,engine_idling,8,"[1, 2, 5]"
186935-5-0-0,/tmp\sound_datasets\urbansound8k\audio/fold8/186935-5-0-0.wav,5,engine_idling,8,"[1, 2, 5]"
193699-2-0-54,/tmp\sound_datasets\urbansound8k\audio/fold8/193699-2-0-54.wav,2,children_playing,8,"[0, 0, 2]"
33340-7-6-0,/tmp\sound_datasets\urbansound8k\audio/fold8/33340-7-6-0.wav,7,jackhammer,8,"[2, 4, 7]"
113202-5-0-27,/tmp\sound_datasets\urbansound8k\audio/fold8/113202-5-0-27.wav,5,engine_idling,8,"[1, 2, 5]"
190996-3-0-8,/tmp\sound_datasets\urbansound8k\audio/fold8/190996-3-0-8.wav,3,dog_bark,8,"[0, 1, 3]"
189846-3-4-0,/tmp\sound_datasets\urbansound8k\audio/fold8/189846-3-4-0.wav,3,dog_bark,8,"[0, 1, 3]"
125678-7-4-5,/tmp\sound_datasets\urbansound8k\audio/fold8/125678-7-4-5.wav,7,jackhammer,8,"[2, 4, 7]"
168037-4-5-0,/tmp\sound_datasets\urbansound8k\audio/fold8/168037-4-5-0.wav,4,drilling,8,"[2, 4, 4]"
194733-9-0-7,/tmp\sound_datasets\urbansound8k\audio/fold8/194733-9-0-7.wav,9,street_music,8,"[3, 7, 9]"
145612-6-3-0,/tmp\sound_datasets\urbansound8k\audio/fold8/145612-6-3-0.wav,6,gun_shot,8,"[2, 6, 6]"
126153-9-0-8,/tmp\sound_datasets\urbansound8k\audio/fold8/126153-9-0-8.wav,9,street_music,8,"[3, 7, 9]"
66324-9-0-54,/tmp\sound_datasets\urbansound8k\audio/fold8/66324-9-0-54.wav,9,street_music,8,"[3, 7, 9]"
42324-4-2-0,/tmp\sound_datasets\urbansound8k\audio/fold8/42324-4-2-0.wav,4,drilling,8,"[2, 4, 4]"
33340-7-14-0,/tmp\sound_datasets\urbansound8k\audio/fold8/33340-7-14-0.wav,7,jackhammer,8,"[2, 4, 7]"
24728-7-5-0,/tmp\sound_datasets\urbansound8k\audio/fold8/24728-7-5-0.wav,7,jackhammer,8,"[2, 4, 7]"
125678-7-0-1,/tmp\sound_datasets\urbansound8k\audio/fold8/125678-7-0-1.wav,7,jackhammer,8,"[2, 4, 7]"
177726-0-0-9,/tmp\sound_datasets\urbansound8k\audio/fold8/177726-0-0-9.wav,0,air_conditioner,8,"[2, 5, 0]"
107190-3-0-0,/tmp\sound_datasets\urbansound8k\audio/fold8/107190-3-0-0.wav,3,dog_bark,8,"[0, 1, 3]"
157868-8-0-7,/tmp\sound_datasets\urbansound8k\audio/fold8/157868-8-0-7.wav,8,siren,8,"[1, 3, 8]"
161129-4-0-2,/tmp\sound_datasets\urbansound8k\audio/fold8/161129-4-0-2.wav,4,drilling,8,"[2, 4, 4]"
125520-1-2-0,/tmp\sound_datasets\urbansound8k\audio/fold8/125520-1-2-0.wav,1,car_horn,8,"[1, 2, 1]"
81787-2-0-23,/tmp\sound_datasets\urbansound8k\audio/fold8/81787-2-0-23.wav,2,children_playing,8,"[0, 0, 2]"
133090-2-0-76,/tmp\sound_datasets\urbansound8k\audio/fold8/133090-2-0-76.wav,2,children_playing,8,"[0, 0, 2]"
74677-0-0-0,/tmp\sound_datasets\urbansound8k\audio/fold8/74677-0-0-0.wav,0,air_conditioner,8,"[2, 5, 0]"
162103-0-0-7,/tmp\sound_datasets\urbansound8k\audio/fold8/162103-0-0-7.wav,0,air_conditioner,8,"[2, 5, 0]"
125678-7-2-3,/tmp\sound_datasets\urbansound8k\audio/fold8/125678-7-2-3.wav,7,jackhammer,8,"[2, 4, 7]"
105029-7-1-11,/tmp\sound_datasets\urbansound8k\audio/fold9/105029-7-1-11.wav,7,jackhammer,9,"[2, 4, 7]"
75743-0-0-6,/tmp\sound_datasets\urbansound8k\audio/fold9/75743-0-0-6.wav,0,air_conditioner,9,"[2, 5, 0]"
79584-3-0-4,/tmp\sound_datasets\urbansound8k\audio/fold9/79584-3-0-4.wav,3,dog_bark,9,"[0, 1, 3]"
101729-0-0-21,/tmp\sound_datasets\urbansound8k\audio/fold9/101729-0-0-21.wav,0,air_conditioner,9,"[2, 5, 0]"
159744-8-0-6,/tmp\sound_datasets\urbansound8k\audio/fold9/159744-8-0-6.wav,8,siren,9,"[1, 3, 8]"
159726-3-0-0,/tmp\sound_datasets\urbansound8k\audio/fold9/159726-3-0-0.wav,3,dog_bark,9,"[0, 1, 3]"
58937-4-5-2,/tmp\sound_datasets\urbansound8k\audio/fold9/58937-4-5-2.wav,4,drilling,9,"[2, 4, 4]"
188823-7-2-0,/tmp\sound_datasets\urbansound8k\audio/fold9/188823-7-2-0.wav,7,jackhammer,9,"[2, 4, 7]"
54823-3-0-0,/tmp\sound_datasets\urbansound8k\audio/fold9/54823-3-0-0.wav,3,dog_bark,9,"[0, 1, 3]"
73168-1-0-0,/tmp\sound_datasets\urbansound8k\audio/fold9/73168-1-0-0.wav,1,car_horn,9,"[1, 2, 1]"
39856-5-0-28,/tmp\sound_datasets\urbansound8k\audio/fold9/39856-5-0-28.wav,5,engine_idling,9,"[1, 2, 5]"
180937-4-1-54,/tmp\sound_datasets\urbansound8k\audio/fold9/180937-4-1-54.wav,4,drilling,9,"[2, 4, 4]"
157866-8-0-1,/tmp\sound_datasets\urbansound8k\audio/fold9/157866-8-0-1.wav,8,siren,9,"[1, 3, 8]"
159745-8-1-5,/tmp\sound_datasets\urbansound8k\audio/fold9/159745-8-1-5.wav,8,siren,9,"[1, 3, 8]"
184449-2-0-16,/tmp\sound_datasets\urbansound8k\audio/fold9/184449-2-0-16.wav,2,children_playing,9,"[0, 0, 2]"
39856-5-0-14,/tmp\sound_datasets\urbansound8k\audio/fold9/39856-5-0-14.wav,5,engine_idling,9,"[1, 2, 5]"
75743-0-0-11,/tmp\sound_datasets\urbansound8k\audio/fold9/75743-0-0-11.wav,0,air_conditioner,9,"[2, 5, 0]"
188823-7-0-2,/tmp\sound_datasets\urbansound8k\audio/fold9/188823-7-0-2.wav,7,jackhammer,9,"[2, 4, 7]"
192123-2-0-11,/tmp\sound_datasets\urbansound8k\audio/fold9/192123-2-0-11.wav,2,children_playing,9,"[0, 0, 2]"
149255-9-0-7,/tmp\sound_datasets\urbansound8k\audio/fold9/149255-9-0-7.wav,9,street_music,9,"[3, 7, 9]"
189989-0-0-0,/tmp\sound_datasets\urbansound8k\audio/fold9/189989-0-0-0.wav,0,air_conditioner,9,"[2, 5, 0]"
105029-7-0-3,/tmp\sound_datasets\urbansound8k\audio/fold9/105029-7-0-3.wav,7,jackhammer,9,"[2, 4, 7]"
70098-3-3-0,/tmp\sound_datasets\urbansound8k\audio/fold9/70098-3-3-0.wav,3,dog_bark,9,"[0, 1, 3]"
96921-9-0-4,/tmp\sound_datasets\urbansound8k\audio/fold9/96921-9-0-4.wav,9,street_music,9,"[3, 7, 9]"
184575-3-0-0,/tmp\sound_datasets\urbansound8k\audio/fold9/184575-3-0-0.wav,3,dog_bark,9,"[0, 1, 3]"
187378-3-0-30,/tmp\sound_datasets\urbansound8k\audio/fold9/187378-3-0-30.wav,3,dog_bark,9,"[0, 1, 3]"
136399-6-5-0,/tmp\sound_datasets\urbansound8k\audio/fold9/136399-6-5-0.wav,6,gun_shot,9,"[2, 6, 6]"
39532-4-3-0,/tmp\sound_datasets\urbansound8k\audio/fold9/39532-4-3-0.wav,4,drilling,9,"[2, 4, 4]"
96921-9-0-11,/tmp\sound_datasets\urbansound8k\audio/fold9/96921-9-0-11.wav,9,street_music,9,"[3, 7, 9]"
180937-4-0-14,/tmp\sound_datasets\urbansound8k\audio/fold9/180937-4-0-14.wav,4,drilling,9,"[2, 4, 4]"
105029-7-2-1,/tmp\sound_datasets\urbansound8k\audio/fold9/105029-7-2-1.wav,7,jackhammer,9,"[2, 4, 7]"
52411-9-0-64,/tmp\sound_datasets\urbansound8k\audio/fold9/52411-9-0-64.wav,9,street_music,9,"[3, 7, 9]"
190894-2-0-5,/tmp\sound_datasets\urbansound8k\audio/fold9/190894-2-0-5.wav,2,children_playing,9,"[0, 0, 2]"
62567-5-0-2,/tmp\sound_datasets\urbansound8k\audio/fold9/62567-5-0-2.wav,5,engine_idling,9,"[1, 2, 5]"
58937-4-2-10,/tmp\sound_datasets\urbansound8k\audio/fold9/58937-4-2-10.wav,4,drilling,9,"[2, 4, 4]"
62567-5-0-3,/tmp\sound_datasets\urbansound8k\audio/fold9/62567-5-0-3.wav,5,engine_idling,9,"[1, 2, 5]"
105029-7-2-0,/tmp\sound_datasets\urbansound8k\audio/fold9/105029-7-2-0.wav,7,jackhammer,9,"[2, 4, 7]"
190894-2-0-4,/tmp\sound_datasets\urbansound8k\audio/fold9/190894-2-0-4.wav,2,children_playing,9,"[0, 0, 2]"
52411-9-0-6,/tmp\sound_datasets\urbansound8k\audio/fold9/52411-9-0-6.wav,9,street_music,9,"[3, 7, 9]"
184575-3-0-1,/tmp\sound_datasets\urbansound8k\audio/fold9/184575-3-0-1.wav,3,dog_bark,9,"[0, 1, 3]"
187378-3-0-19,/tmp\sound_datasets\urbansound8k\audio/fold9/187378-3-0-19.wav,3,dog_bark,9,"[0, 1, 3]"
94182-9-0-25,/tmp\sound_datasets\urbansound8k\audio/fold9/94182-9-0-25.wav,9,street_music,9,"[3, 7, 9]"
105029-7-0-2,/tmp\sound_datasets\urbansound8k\audio/fold9/105029-7-0-2.wav,7,jackhammer,9,"[2, 4, 7]"
189989-0-0-1,/tmp\sound_datasets\urbansound8k\audio/fold9/189989-0-0-1.wav,0,air_conditioner,9,"[2, 5, 0]"
119420-3-1-0,/tmp\sound_datasets\urbansound8k\audio/fold9/119420-3-1-0.wav,3,dog_bark,9,"[0, 1, 3]"
192123-2-0-10,/tmp\sound_datasets\urbansound8k\audio/fold9/192123-2-0-10.wav,2,children_playing,9,"[0, 0, 2]"
75743-0-0-10,/tmp\sound_datasets\urbansound8k\audio/fold9/75743-0-0-10.wav,0,air_conditioner,9,"[2, 5, 0]"
188823-7-0-3,/tmp\sound_datasets\urbansound8k\audio/fold9/188823-7-0-3.wav,7,jackhammer,9,"[2, 4, 7]"
39856-5-0-15,/tmp\sound_datasets\urbansound8k\audio/fold9/39856-5-0-15.wav,5,engine_idling,9,"[1, 2, 5]"
159745-8-1-4,/tmp\sound_datasets\urbansound8k\audio/fold9/159745-8-1-4.wav,8,siren,9,"[1, 3, 8]"
157866-8-0-0,/tmp\sound_datasets\urbansound8k\audio/fold9/157866-8-0-0.wav,8,siren,9,"[1, 3, 8]"
188823-7-2-1,/tmp\sound_datasets\urbansound8k\audio/fold9/188823-7-2-1.wav,7,jackhammer,9,"[2, 4, 7]"
161005-2-0-12,/tmp\sound_datasets\urbansound8k\audio/fold9/161005-2-0-12.wav,2,children_playing,9,"[0, 0, 2]"
159744-8-0-7,/tmp\sound_datasets\urbansound8k\audio/fold9/159744-8-0-7.wav,8,siren,9,"[1, 3, 8]"
79584-3-0-5,/tmp\sound_datasets\urbansound8k\audio/fold9/79584-3-0-5.wav,3,dog_bark,9,"[0, 1, 3]"
75743-0-0-7,/tmp\sound_datasets\urbansound8k\audio/fold9/75743-0-0-7.wav,0,air_conditioner,9,"[2, 5, 0]"
105029-7-1-10,/tmp\sound_datasets\urbansound8k\audio/fold9/105029-7-1-10.wav,7,jackhammer,9,"[2, 4, 7]"
174287-6-3-0,/tmp\sound_datasets\urbansound8k\audio/fold9/174287-6-3-0.wav,6,gun_shot,9,"[2, 6, 6]"
101729-0-0-36,/tmp\sound_datasets\urbansound8k\audio/fold9/101729-0-0-36.wav,0,air_conditioner,9,"[2, 5, 0]"
159744-8-0-5,/tmp\sound_datasets\urbansound8k\audio/fold9/159744-8-0-5.wav,8,siren,9,"[1, 3, 8]"
101729-0-0-22,/tmp\sound_datasets\urbansound8k\audio/fold9/101729-0-0-22.wav,0,air_conditioner,9,"[2, 5, 0]"
105029-7-1-12,/tmp\sound_datasets\urbansound8k\audio/fold9/105029-7-1-12.wav,7,jackhammer,9,"[2, 4, 7]"
75743-0-0-5,/tmp\sound_datasets\urbansound8k\audio/fold9/75743-0-0-5.wav,0,air_conditioner,9,"[2, 5, 0]"
72265-3-15-0,/tmp\sound_datasets\urbansound8k\audio/fold9/72265-3-15-0.wav,3,dog_bark,9,"[0, 1, 3]"
59037-2-4-8,/tmp\sound_datasets\urbansound8k\audio/fold9/59037-2-4-8.wav,2,children_playing,9,"[0, 0, 2]"
188823-7-2-3,/tmp\sound_datasets\urbansound8k\audio/fold9/188823-7-2-3.wav,7,jackhammer,9,"[2, 4, 7]"
157866-8-0-2,/tmp\sound_datasets\urbansound8k\audio/fold9/157866-8-0-2.wav,8,siren,9,"[1, 3, 8]"
174287-6-1-0,/tmp\sound_datasets\urbansound8k\audio/fold9/174287-6-1-0.wav,6,gun_shot,9,"[2, 6, 6]"
39856-5-0-17,/tmp\sound_datasets\urbansound8k\audio/fold9/39856-5-0-17.wav,5,engine_idling,9,"[1, 2, 5]"
184449-2-0-15,/tmp\sound_datasets\urbansound8k\audio/fold9/184449-2-0-15.wav,2,children_playing,9,"[0, 0, 2]"
159745-8-1-6,/tmp\sound_datasets\urbansound8k\audio/fold9/159745-8-1-6.wav,8,siren,9,"[1, 3, 8]"
194310-9-0-8,/tmp\sound_datasets\urbansound8k\audio/fold9/194310-9-0-8.wav,9,street_music,9,"[3, 7, 9]"
94182-9-0-9,/tmp\sound_datasets\urbansound8k\audio/fold9/94182-9-0-9.wav,9,street_music,9,"[3, 7, 9]"
188823-7-0-1,/tmp\sound_datasets\urbansound8k\audio/fold9/188823-7-0-1.wav,7,jackhammer,9,"[2, 4, 7]"
54823-3-2-1,/tmp\sound_datasets\urbansound8k\audio/fold9/54823-3-2-1.wav,3,dog_bark,9,"[0, 1, 3]"
75743-0-0-12,/tmp\sound_datasets\urbansound8k\audio/fold9/75743-0-0-12.wav,0,air_conditioner,9,"[2, 5, 0]"
149255-9-0-4,/tmp\sound_datasets\urbansound8k\audio/fold9/149255-9-0-4.wav,9,street_music,9,"[3, 7, 9]"
105029-7-0-0,/tmp\sound_datasets\urbansound8k\audio/fold9/105029-7-0-0.wav,7,jackhammer,9,"[2, 4, 7]"
184575-3-0-3,/tmp\sound_datasets\urbansound8k\audio/fold9/184575-3-0-3.wav,3,dog_bark,9,"[0, 1, 3]"
52411-9-0-4,/tmp\sound_datasets\urbansound8k\audio/fold9/52411-9-0-4.wav,9,street_music,9,"[3, 7, 9]"
98859-7-2-4,/tmp\sound_datasets\urbansound8k\audio/fold9/98859-7-2-4.wav,7,jackhammer,9,"[2, 4, 7]"
149255-9-0-13,/tmp\sound_datasets\urbansound8k\audio/fold9/149255-9-0-13.wav,9,street_music,9,"[3, 7, 9]"
190894-2-0-6,/tmp\sound_datasets\urbansound8k\audio/fold9/190894-2-0-6.wav,2,children_playing,9,"[0, 0, 2]"
105029-7-2-2,/tmp\sound_datasets\urbansound8k\audio/fold9/105029-7-2-2.wav,7,jackhammer,9,"[2, 4, 7]"
33641-3-7-0,/tmp\sound_datasets\urbansound8k\audio/fold9/33641-3-7-0.wav,3,dog_bark,9,"[0, 1, 3]"
62567-5-0-1,/tmp\sound_datasets\urbansound8k\audio/fold9/62567-5-0-1.wav,5,engine_idling,9,"[1, 2, 5]"
62567-5-0-0,/tmp\sound_datasets\urbansound8k\audio/fold9/62567-5-0-0.wav,5,engine_idling,9,"[1, 2, 5]"
58937-4-3-6,/tmp\sound_datasets\urbansound8k\audio/fold9/58937-4-3-6.wav,4,drilling,9,"[2, 4, 4]"
70098-3-1-0,/tmp\sound_datasets\urbansound8k\audio/fold9/70098-3-1-0.wav,3,dog_bark,9,"[0, 1, 3]"
190894-2-0-7,/tmp\sound_datasets\urbansound8k\audio/fold9/190894-2-0-7.wav,2,children_playing,9,"[0, 0, 2]"
52411-9-0-66,/tmp\sound_datasets\urbansound8k\audio/fold9/52411-9-0-66.wav,9,street_music,9,"[3, 7, 9]"
105029-7-2-3,/tmp\sound_datasets\urbansound8k\audio/fold9/105029-7-2-3.wav,7,jackhammer,9,"[2, 4, 7]"
171406-9-0-7,/tmp\sound_datasets\urbansound8k\audio/fold9/171406-9-0-7.wav,9,street_music,9,"[3, 7, 9]"
98859-7-2-5,/tmp\sound_datasets\urbansound8k\audio/fold9/98859-7-2-5.wav,7,jackhammer,9,"[2, 4, 7]"
184575-3-0-2,/tmp\sound_datasets\urbansound8k\audio/fold9/184575-3-0-2.wav,3,dog_bark,9,"[0, 1, 3]"
105029-7-0-1,/tmp\sound_datasets\urbansound8k\audio/fold9/105029-7-0-1.wav,7,jackhammer,9,"[2, 4, 7]"
189989-0-0-2,/tmp\sound_datasets\urbansound8k\audio/fold9/189989-0-0-2.wav,0,air_conditioner,9,"[2, 5, 0]"
149255-9-0-5,/tmp\sound_datasets\urbansound8k\audio/fold9/149255-9-0-5.wav,9,street_music,9,"[3, 7, 9]"
136399-6-7-0,/tmp\sound_datasets\urbansound8k\audio/fold9/136399-6-7-0.wav,6,gun_shot,9,"[2, 6, 6]"
72265-3-4-0,/tmp\sound_datasets\urbansound8k\audio/fold9/72265-3-4-0.wav,3,dog_bark,9,"[0, 1, 3]"
39532-4-1-0,/tmp\sound_datasets\urbansound8k\audio/fold9/39532-4-1-0.wav,4,drilling,9,"[2, 4, 4]"
188823-7-0-0,/tmp\sound_datasets\urbansound8k\audio/fold9/188823-7-0-0.wav,7,jackhammer,9,"[2, 4, 7]"
75743-0-0-13,/tmp\sound_datasets\urbansound8k\audio/fold9/75743-0-0-13.wav,0,air_conditioner,9,"[2, 5, 0]"
159745-8-1-7,/tmp\sound_datasets\urbansound8k\audio/fold9/159745-8-1-7.wav,8,siren,9,"[1, 3, 8]"
39856-5-0-16,/tmp\sound_datasets\urbansound8k\audio/fold9/39856-5-0-16.wav,5,engine_idling,9,"[1, 2, 5]"
157866-8-0-3,/tmp\sound_datasets\urbansound8k\audio/fold9/157866-8-0-3.wav,8,siren,9,"[1, 3, 8]"
180029-4-2-0,/tmp\sound_datasets\urbansound8k\audio/fold9/180029-4-2-0.wav,4,drilling,9,"[2, 4, 4]"
184449-2-0-28,/tmp\sound_datasets\urbansound8k\audio/fold9/184449-2-0-28.wav,2,children_playing,9,"[0, 0, 2]"
188823-7-2-2,/tmp\sound_datasets\urbansound8k\audio/fold9/188823-7-2-2.wav,7,jackhammer,9,"[2, 4, 7]"
145683-6-5-0,/tmp\sound_datasets\urbansound8k\audio/fold9/145683-6-5-0.wav,6,gun_shot,9,"[2, 6, 6]"
101729-0-0-23,/tmp\sound_datasets\urbansound8k\audio/fold9/101729-0-0-23.wav,0,air_conditioner,9,"[2, 5, 0]"
75743-0-0-4,/tmp\sound_datasets\urbansound8k\audio/fold9/75743-0-0-4.wav,0,air_conditioner,9,"[2, 5, 0]"
105029-7-1-13,/tmp\sound_datasets\urbansound8k\audio/fold9/105029-7-1-13.wav,7,jackhammer,9,"[2, 4, 7]"
73168-1-2-0,/tmp\sound_datasets\urbansound8k\audio/fold9/73168-1-2-0.wav,1,car_horn,9,"[1, 2, 1]"
99500-2-0-41,/tmp\sound_datasets\urbansound8k\audio/fold9/99500-2-0-41.wav,2,children_playing,9,"[0, 0, 2]"
159744-8-0-4,/tmp\sound_datasets\urbansound8k\audio/fold9/159744-8-0-4.wav,8,siren,9,"[1, 3, 8]"
101729-0-0-37,/tmp\sound_datasets\urbansound8k\audio/fold9/101729-0-0-37.wav,0,air_conditioner,9,"[2, 5, 0]"
207211-2-0-82,/tmp\sound_datasets\urbansound8k\audio/fold9/207211-2-0-82.wav,2,children_playing,9,"[0, 0, 2]"
105029-7-4-1,/tmp\sound_datasets\urbansound8k\audio/fold9/105029-7-4-1.wav,7,jackhammer,9,"[2, 4, 7]"
101729-0-0-33,/tmp\sound_datasets\urbansound8k\audio/fold9/101729-0-0-33.wav,0,air_conditioner,9,"[2, 5, 0]"
159744-8-0-0,/tmp\sound_datasets\urbansound8k\audio/fold9/159744-8-0-0.wav,8,siren,9,"[1, 3, 8]"
136399-6-3-0,/tmp\sound_datasets\urbansound8k\audio/fold9/136399-6-3-0.wav,6,gun_shot,9,"[2, 6, 6]"
75743-0-0-0,/tmp\sound_datasets\urbansound8k\audio/fold9/75743-0-0-0.wav,0,air_conditioner,9,"[2, 5, 0]"
152588-3-0-0,/tmp\sound_datasets\urbansound8k\audio/fold9/152588-3-0-0.wav,3,dog_bark,9,"[0, 1, 3]"
58937-4-0-12,/tmp\sound_datasets\urbansound8k\audio/fold9/58937-4-0-12.wav,4,drilling,9,"[2, 4, 4]"
58937-4-5-4,/tmp\sound_datasets\urbansound8k\audio/fold9/58937-4-5-4.wav,4,drilling,9,"[2, 4, 4]"
39856-5-0-12,/tmp\sound_datasets\urbansound8k\audio/fold9/39856-5-0-12.wav,5,engine_idling,9,"[1, 2, 5]"
159745-8-1-3,/tmp\sound_datasets\urbansound8k\audio/fold9/159745-8-1-3.wav,8,siren,9,"[1, 3, 8]"
71082-4-0-0,/tmp\sound_datasets\urbansound8k\audio/fold9/71082-4-0-0.wav,4,drilling,9,"[2, 4, 4]"
157866-8-0-7,/tmp\sound_datasets\urbansound8k\audio/fold9/157866-8-0-7.wav,8,siren,9,"[1, 3, 8]"
180937-4-1-46,/tmp\sound_datasets\urbansound8k\audio/fold9/180937-4-1-46.wav,4,drilling,9,"[2, 4, 4]"
75743-0-0-17,/tmp\sound_datasets\urbansound8k\audio/fold9/75743-0-0-17.wav,0,air_conditioner,9,"[2, 5, 0]"
188823-7-0-4,/tmp\sound_datasets\urbansound8k\audio/fold9/188823-7-0-4.wav,7,jackhammer,9,"[2, 4, 7]"
159748-8-1-0,/tmp\sound_datasets\urbansound8k\audio/fold9/159748-8-1-0.wav,8,siren,9,"[1, 3, 8]"
105029-7-0-5,/tmp\sound_datasets\urbansound8k\audio/fold9/105029-7-0-5.wav,7,jackhammer,9,"[2, 4, 7]"
26186-1-0-0,/tmp\sound_datasets\urbansound8k\audio/fold9/26186-1-0-0.wav,1,car_horn,9,"[1, 2, 1]"
192123-2-0-17,/tmp\sound_datasets\urbansound8k\audio/fold9/192123-2-0-17.wav,2,children_playing,9,"[0, 0, 2]"
98859-7-2-1,/tmp\sound_datasets\urbansound8k\audio/fold9/98859-7-2-1.wav,7,jackhammer,9,"[2, 4, 7]"
12812-5-0-0,/tmp\sound_datasets\urbansound8k\audio/fold9/12812-5-0-0.wav,5,engine_idling,9,"[1, 2, 5]"
58937-4-1-0,/tmp\sound_datasets\urbansound8k\audio/fold9/58937-4-1-0.wav,4,drilling,9,"[2, 4, 4]"
145683-6-1-0,/tmp\sound_datasets\urbansound8k\audio/fold9/145683-6-1-0.wav,6,gun_shot,9,"[2, 6, 6]"
105029-7-2-7,/tmp\sound_datasets\urbansound8k\audio/fold9/105029-7-2-7.wav,7,jackhammer,9,"[2, 4, 7]"
190894-2-0-3,/tmp\sound_datasets\urbansound8k\audio/fold9/190894-2-0-3.wav,2,children_playing,9,"[0, 0, 2]"
96921-9-0-17,/tmp\sound_datasets\urbansound8k\audio/fold9/96921-9-0-17.wav,9,street_music,9,"[3, 7, 9]"
180029-4-6-0,/tmp\sound_datasets\urbansound8k\audio/fold9/180029-4-6-0.wav,4,drilling,9,"[2, 4, 4]"
188823-7-4-0,/tmp\sound_datasets\urbansound8k\audio/fold9/188823-7-4-0.wav,7,jackhammer,9,"[2, 4, 7]"
62567-5-0-4,/tmp\sound_datasets\urbansound8k\audio/fold9/62567-5-0-4.wav,5,engine_idling,9,"[1, 2, 5]"
42101-1-1-0,/tmp\sound_datasets\urbansound8k\audio/fold9/42101-1-1-0.wav,1,car_horn,9,"[1, 2, 1]"
175853-1-0-0,/tmp\sound_datasets\urbansound8k\audio/fold9/175853-1-0-0.wav,1,car_horn,9,"[1, 2, 1]"
62567-5-0-5,/tmp\sound_datasets\urbansound8k\audio/fold9/62567-5-0-5.wav,5,engine_idling,9,"[1, 2, 5]"
180937-4-0-13,/tmp\sound_datasets\urbansound8k\audio/fold9/180937-4-0-13.wav,4,drilling,9,"[2, 4, 4]"
105029-7-2-6,/tmp\sound_datasets\urbansound8k\audio/fold9/105029-7-2-6.wav,7,jackhammer,9,"[2, 4, 7]"
190894-2-0-2,/tmp\sound_datasets\urbansound8k\audio/fold9/190894-2-0-2.wav,2,children_playing,9,"[0, 0, 2]"
58937-4-1-1,/tmp\sound_datasets\urbansound8k\audio/fold9/58937-4-1-1.wav,4,drilling,9,"[2, 4, 4]"
94182-9-0-23,/tmp\sound_datasets\urbansound8k\audio/fold9/94182-9-0-23.wav,9,street_music,9,"[3, 7, 9]"
12812-5-0-1,/tmp\sound_datasets\urbansound8k\audio/fold9/12812-5-0-1.wav,5,engine_idling,9,"[1, 2, 5]"
98859-7-2-0,/tmp\sound_datasets\urbansound8k\audio/fold9/98859-7-2-0.wav,7,jackhammer,9,"[2, 4, 7]"
149255-9-0-0,/tmp\sound_datasets\urbansound8k\audio/fold9/149255-9-0-0.wav,9,street_music,9,"[3, 7, 9]"
168906-9-0-28,/tmp\sound_datasets\urbansound8k\audio/fold9/168906-9-0-28.wav,9,street_music,9,"[3, 7, 9]"
105029-7-0-4,/tmp\sound_datasets\urbansound8k\audio/fold9/105029-7-0-4.wav,7,jackhammer,9,"[2, 4, 7]"
116483-3-1-2,/tmp\sound_datasets\urbansound8k\audio/fold9/116483-3-1-2.wav,3,dog_bark,9,"[0, 1, 3]"
79089-0-0-19,/tmp\sound_datasets\urbansound8k\audio/fold9/79089-0-0-19.wav,0,air_conditioner,9,"[2, 5, 0]"
79089-0-0-25,/tmp\sound_datasets\urbansound8k\audio/fold9/79089-0-0-25.wav,0,air_conditioner,9,"[2, 5, 0]"
75743-0-0-16,/tmp\sound_datasets\urbansound8k\audio/fold9/75743-0-0-16.wav,0,air_conditioner,9,"[2, 5, 0]"
180937-4-1-47,/tmp\sound_datasets\urbansound8k\audio/fold9/180937-4-1-47.wav,4,drilling,9,"[2, 4, 4]"
157866-8-0-6,/tmp\sound_datasets\urbansound8k\audio/fold9/157866-8-0-6.wav,8,siren,9,"[1, 3, 8]"
159745-8-1-2,/tmp\sound_datasets\urbansound8k\audio/fold9/159745-8-1-2.wav,8,siren,9,"[1, 3, 8]"
39856-5-0-13,/tmp\sound_datasets\urbansound8k\audio/fold9/39856-5-0-13.wav,5,engine_idling,9,"[1, 2, 5]"
58937-4-0-13,/tmp\sound_datasets\urbansound8k\audio/fold9/58937-4-0-13.wav,4,drilling,9,"[2, 4, 4]"
75743-0-0-1,/tmp\sound_datasets\urbansound8k\audio/fold9/75743-0-0-1.wav,0,air_conditioner,9,"[2, 5, 0]"
99500-2-0-50,/tmp\sound_datasets\urbansound8k\audio/fold9/99500-2-0-50.wav,2,children_playing,9,"[0, 0, 2]"
101729-0-0-26,/tmp\sound_datasets\urbansound8k\audio/fold9/101729-0-0-26.wav,0,air_conditioner,9,"[2, 5, 0]"
161005-2-0-14,/tmp\sound_datasets\urbansound8k\audio/fold9/161005-2-0-14.wav,2,children_playing,9,"[0, 0, 2]"
159744-8-0-1,/tmp\sound_datasets\urbansound8k\audio/fold9/159744-8-0-1.wav,8,siren,9,"[1, 3, 8]"
101729-0-0-32,/tmp\sound_datasets\urbansound8k\audio/fold9/101729-0-0-32.wav,0,air_conditioner,9,"[2, 5, 0]"
42953-9-0-21,/tmp\sound_datasets\urbansound8k\audio/fold9/42953-9-0-21.wav,9,street_music,9,"[3, 7, 9]"
105029-7-4-0,/tmp\sound_datasets\urbansound8k\audio/fold9/105029-7-4-0.wav,7,jackhammer,9,"[2, 4, 7]"
161005-2-0-28,/tmp\sound_datasets\urbansound8k\audio/fold9/161005-2-0-28.wav,2,children_playing,9,"[0, 0, 2]"
101729-0-0-18,/tmp\sound_datasets\urbansound8k\audio/fold9/101729-0-0-18.wav,0,air_conditioner,9,"[2, 5, 0]"
105029-7-4-2,/tmp\sound_datasets\urbansound8k\audio/fold9/105029-7-4-2.wav,7,jackhammer,9,"[2, 4, 7]"
42953-9-0-37,/tmp\sound_datasets\urbansound8k\audio/fold9/42953-9-0-37.wav,9,street_music,9,"[3, 7, 9]"
101729-0-0-24,/tmp\sound_datasets\urbansound8k\audio/fold9/101729-0-0-24.wav,0,air_conditioner,9,"[2, 5, 0]"
75743-0-0-3,/tmp\sound_datasets\urbansound8k\audio/fold9/75743-0-0-3.wav,0,air_conditioner,9,"[2, 5, 0]"
159744-8-0-3,/tmp\sound_datasets\urbansound8k\audio/fold9/159744-8-0-3.wav,8,siren,9,"[1, 3, 8]"
171406-9-0-124,/tmp\sound_datasets\urbansound8k\audio/fold9/171406-9-0-124.wav,9,street_music,9,"[3, 7, 9]"
33641-3-1-0,/tmp\sound_datasets\urbansound8k\audio/fold9/33641-3-1-0.wav,3,dog_bark,9,"[0, 1, 3]"
159745-8-1-0,/tmp\sound_datasets\urbansound8k\audio/fold9/159745-8-1-0.wav,8,siren,9,"[1, 3, 8]"
39856-5-0-11,/tmp\sound_datasets\urbansound8k\audio/fold9/39856-5-0-11.wav,5,engine_idling,9,"[1, 2, 5]"
184449-2-0-13,/tmp\sound_datasets\urbansound8k\audio/fold9/184449-2-0-13.wav,2,children_playing,9,"[0, 0, 2]"
157801-6-0-0,/tmp\sound_datasets\urbansound8k\audio/fold9/157801-6-0-0.wav,6,gun_shot,9,"[2, 6, 6]"
207211-2-0-100,/tmp\sound_datasets\urbansound8k\audio/fold9/207211-2-0-100.wav,2,children_playing,9,"[0, 0, 2]"
157866-8-0-4,/tmp\sound_datasets\urbansound8k\audio/fold9/157866-8-0-4.wav,8,siren,9,"[1, 3, 8]"
75743-0-0-14,/tmp\sound_datasets\urbansound8k\audio/fold9/75743-0-0-14.wav,0,air_conditioner,9,"[2, 5, 0]"
116483-3-1-0,/tmp\sound_datasets\urbansound8k\audio/fold9/116483-3-1-0.wav,3,dog_bark,9,"[0, 1, 3]"
105029-7-0-6,/tmp\sound_datasets\urbansound8k\audio/fold9/105029-7-0-6.wav,7,jackhammer,9,"[2, 4, 7]"
159735-2-0-80,/tmp\sound_datasets\urbansound8k\audio/fold9/159735-2-0-80.wav,2,children_playing,9,"[0, 0, 2]"
54976-4-0-9,/tmp\sound_datasets\urbansound8k\audio/fold9/54976-4-0-9.wav,4,drilling,9,"[2, 4, 4]"
98859-7-2-2,/tmp\sound_datasets\urbansound8k\audio/fold9/98859-7-2-2.wav,7,jackhammer,9,"[2, 4, 7]"
96921-9-0-1,/tmp\sound_datasets\urbansound8k\audio/fold9/96921-9-0-1.wav,9,street_music,9,"[3, 7, 9]"
180937-4-0-11,/tmp\sound_datasets\urbansound8k\audio/fold9/180937-4-0-11.wav,4,drilling,9,"[2, 4, 4]"
190894-2-0-0,/tmp\sound_datasets\urbansound8k\audio/fold9/190894-2-0-0.wav,2,children_playing,9,"[0, 0, 2]"
105029-7-2-4,/tmp\sound_datasets\urbansound8k\audio/fold9/105029-7-2-4.wav,7,jackhammer,9,"[2, 4, 7]"
180156-1-9-0,/tmp\sound_datasets\urbansound8k\audio/fold9/180156-1-9-0.wav,1,car_horn,9,"[1, 2, 1]"
98859-7-0-0,/tmp\sound_datasets\urbansound8k\audio/fold9/98859-7-0-0.wav,7,jackhammer,9,"[2, 4, 7]"
62567-5-0-7,/tmp\sound_datasets\urbansound8k\audio/fold9/62567-5-0-7.wav,5,engine_idling,9,"[1, 2, 5]"
177620-3-0-8,/tmp\sound_datasets\urbansound8k\audio/fold9/177620-3-0-8.wav,3,dog_bark,9,"[0, 1, 3]"
145683-6-3-0,/tmp\sound_datasets\urbansound8k\audio/fold9/145683-6-3-0.wav,6,gun_shot,9,"[2, 6, 6]"
165567-3-3-0,/tmp\sound_datasets\urbansound8k\audio/fold9/165567-3-3-0.wav,3,dog_bark,9,"[0, 1, 3]"
62567-5-0-6,/tmp\sound_datasets\urbansound8k\audio/fold9/62567-5-0-6.wav,5,engine_idling,9,"[1, 2, 5]"
105029-7-2-5,/tmp\sound_datasets\urbansound8k\audio/fold9/105029-7-2-5.wav,7,jackhammer,9,"[2, 4, 7]"
94182-9-0-20,/tmp\sound_datasets\urbansound8k\audio/fold9/94182-9-0-20.wav,9,street_music,9,"[3, 7, 9]"
188823-7-6-0,/tmp\sound_datasets\urbansound8k\audio/fold9/188823-7-6-0.wav,7,jackhammer,9,"[2, 4, 7]"
12812-5-0-2,/tmp\sound_datasets\urbansound8k\audio/fold9/12812-5-0-2.wav,5,engine_idling,9,"[1, 2, 5]"
98859-7-2-3,/tmp\sound_datasets\urbansound8k\audio/fold9/98859-7-2-3.wav,7,jackhammer,9,"[2, 4, 7]"
54976-4-0-8,/tmp\sound_datasets\urbansound8k\audio/fold9/54976-4-0-8.wav,4,drilling,9,"[2, 4, 4]"
60935-2-0-9,/tmp\sound_datasets\urbansound8k\audio/fold9/60935-2-0-9.wav,2,children_playing,9,"[0, 0, 2]"
149255-9-0-3,/tmp\sound_datasets\urbansound8k\audio/fold9/149255-9-0-3.wav,9,street_music,9,"[3, 7, 9]"
180029-4-4-0,/tmp\sound_datasets\urbansound8k\audio/fold9/180029-4-4-0.wav,4,drilling,9,"[2, 4, 4]"
75743-0-0-15,/tmp\sound_datasets\urbansound8k\audio/fold9/75743-0-0-15.wav,0,air_conditioner,9,"[2, 5, 0]"
157866-8-0-5,/tmp\sound_datasets\urbansound8k\audio/fold9/157866-8-0-5.wav,8,siren,9,"[1, 3, 8]"
136399-6-1-0,/tmp\sound_datasets\urbansound8k\audio/fold9/136399-6-1-0.wav,6,gun_shot,9,"[2, 6, 6]"
87562-6-0-0,/tmp\sound_datasets\urbansound8k\audio/fold9/87562-6-0-0.wav,6,gun_shot,9,"[2, 6, 6]"
152588-3-2-0,/tmp\sound_datasets\urbansound8k\audio/fold9/152588-3-2-0.wav,3,dog_bark,9,"[0, 1, 3]"
13579-2-0-53,/tmp\sound_datasets\urbansound8k\audio/fold9/13579-2-0-53.wav,2,children_playing,9,"[0, 0, 2]"
39856-5-0-10,/tmp\sound_datasets\urbansound8k\audio/fold9/39856-5-0-10.wav,5,engine_idling,9,"[1, 2, 5]"
184449-2-0-12,/tmp\sound_datasets\urbansound8k\audio/fold9/184449-2-0-12.wav,2,children_playing,9,"[0, 0, 2]"
159745-8-1-1,/tmp\sound_datasets\urbansound8k\audio/fold9/159745-8-1-1.wav,8,siren,9,"[1, 3, 8]"
159744-8-0-2,/tmp\sound_datasets\urbansound8k\audio/fold9/159744-8-0-2.wav,8,siren,9,"[1, 3, 8]"
75743-0-0-2,/tmp\sound_datasets\urbansound8k\audio/fold9/75743-0-0-2.wav,0,air_conditioner,9,"[2, 5, 0]"
105088-3-0-8,/tmp\sound_datasets\urbansound8k\audio/fold9/105088-3-0-8.wav,3,dog_bark,9,"[0, 1, 3]"
101729-0-0-19,/tmp\sound_datasets\urbansound8k\audio/fold9/101729-0-0-19.wav,0,air_conditioner,9,"[2, 5, 0]"
105029-7-4-3,/tmp\sound_datasets\urbansound8k\audio/fold9/105029-7-4-3.wav,7,jackhammer,9,"[2, 4, 7]"
187075-5-0-3,/tmp\sound_datasets\urbansound8k\audio/fold9/187075-5-0-3.wav,5,engine_idling,9,"[1, 2, 5]"
189988-0-0-0,/tmp\sound_datasets\urbansound8k\audio/fold9/189988-0-0-0.wav,0,air_conditioner,9,"[2, 5, 0]"
105029-7-3-2,/tmp\sound_datasets\urbansound8k\audio/fold9/105029-7-3-2.wav,7,jackhammer,9,"[2, 4, 7]"
103249-5-0-12,/tmp\sound_datasets\urbansound8k\audio/fold9/103249-5-0-12.wav,5,engine_idling,9,"[1, 2, 5]"
145390-9-0-26,/tmp\sound_datasets\urbansound8k\audio/fold9/145390-9-0-26.wav,9,street_music,9,"[3, 7, 9]"
62567-5-1-1,/tmp\sound_datasets\urbansound8k\audio/fold9/62567-5-1-1.wav,5,engine_idling,9,"[1, 2, 5]"
204067-2-0-29,/tmp\sound_datasets\urbansound8k\audio/fold9/204067-2-0-29.wav,2,children_playing,9,"[0, 0, 2]"
105029-7-1-0,/tmp\sound_datasets\urbansound8k\audio/fold9/105029-7-1-0.wav,7,jackhammer,9,"[2, 4, 7]"
175915-3-0-1,/tmp\sound_datasets\urbansound8k\audio/fold9/175915-3-0-1.wav,3,dog_bark,9,"[0, 1, 3]"
194310-9-0-35,/tmp\sound_datasets\urbansound8k\audio/fold9/194310-9-0-35.wav,9,street_music,9,"[3, 7, 9]"
79089-0-0-41,/tmp\sound_datasets\urbansound8k\audio/fold9/79089-0-0-41.wav,0,air_conditioner,9,"[2, 5, 0]"
174287-6-0-0,/tmp\sound_datasets\urbansound8k\audio/fold9/174287-6-0-0.wav,6,gun_shot,9,"[2, 6, 6]"
14527-9-0-5,/tmp\sound_datasets\urbansound8k\audio/fold9/14527-9-0-5.wav,9,street_music,9,"[3, 7, 9]"
159748-8-0-5,/tmp\sound_datasets\urbansound8k\audio/fold9/159748-8-0-5.wav,8,siren,9,"[1, 3, 8]"
188823-7-1-1,/tmp\sound_datasets\urbansound8k\audio/fold9/188823-7-1-1.wav,7,jackhammer,9,"[2, 4, 7]"
137815-4-0-9,/tmp\sound_datasets\urbansound8k\audio/fold9/137815-4-0-9.wav,4,drilling,9,"[2, 4, 4]"
157866-8-0-23,/tmp\sound_datasets\urbansound8k\audio/fold9/157866-8-0-23.wav,8,siren,9,"[1, 3, 8]"
58937-4-4-1,/tmp\sound_datasets\urbansound8k\audio/fold9/58937-4-4-1.wav,4,drilling,9,"[2, 4, 4]"
174786-2-0-18,/tmp\sound_datasets\urbansound8k\audio/fold9/174786-2-0-18.wav,2,children_playing,9,"[0, 0, 2]"
103249-5-0-0,/tmp\sound_datasets\urbansound8k\audio/fold9/103249-5-0-0.wav,5,engine_idling,9,"[1, 2, 5]"
159748-8-2-7,/tmp\sound_datasets\urbansound8k\audio/fold9/159748-8-2-7.wav,8,siren,9,"[1, 3, 8]"
119809-7-0-1,/tmp\sound_datasets\urbansound8k\audio/fold9/119809-7-0-1.wav,7,jackhammer,9,"[2, 4, 7]"
174786-2-0-30,/tmp\sound_datasets\urbansound8k\audio/fold9/174786-2-0-30.wav,2,children_playing,9,"[0, 0, 2]"
165567-3-4-0,/tmp\sound_datasets\urbansound8k\audio/fold9/165567-3-4-0.wav,3,dog_bark,9,"[0, 1, 3]"
119809-7-0-0,/tmp\sound_datasets\urbansound8k\audio/fold9/119809-7-0-0.wav,7,jackhammer,9,"[2, 4, 7]"
103249-5-0-1,/tmp\sound_datasets\urbansound8k\audio/fold9/103249-5-0-1.wav,5,engine_idling,9,"[1, 2, 5]"
159748-8-2-6,/tmp\sound_datasets\urbansound8k\audio/fold9/159748-8-2-6.wav,8,siren,9,"[1, 3, 8]"
174786-2-0-19,/tmp\sound_datasets\urbansound8k\audio/fold9/174786-2-0-19.wav,2,children_playing,9,"[0, 0, 2]"
145683-6-4-0,/tmp\sound_datasets\urbansound8k\audio/fold9/145683-6-4-0.wav,6,gun_shot,9,"[2, 6, 6]"
157866-8-0-22,/tmp\sound_datasets\urbansound8k\audio/fold9/157866-8-0-22.wav,8,siren,9,"[1, 3, 8]"
155242-9-0-12,/tmp\sound_datasets\urbansound8k\audio/fold9/155242-9-0-12.wav,9,street_music,9,"[3, 7, 9]"
137815-4-0-8,/tmp\sound_datasets\urbansound8k\audio/fold9/137815-4-0-8.wav,4,drilling,9,"[2, 4, 4]"
188823-7-1-0,/tmp\sound_datasets\urbansound8k\audio/fold9/188823-7-1-0.wav,7,jackhammer,9,"[2, 4, 7]"
159748-8-0-4,/tmp\sound_datasets\urbansound8k\audio/fold9/159748-8-0-4.wav,8,siren,9,"[1, 3, 8]"
14527-9-0-4,/tmp\sound_datasets\urbansound8k\audio/fold9/14527-9-0-4.wav,9,street_music,9,"[3, 7, 9]"
79089-0-0-40,/tmp\sound_datasets\urbansound8k\audio/fold9/79089-0-0-40.wav,0,air_conditioner,9,"[2, 5, 0]"
58937-4-0-4,/tmp\sound_datasets\urbansound8k\audio/fold9/58937-4-0-4.wav,4,drilling,9,"[2, 4, 4]"
175915-3-0-0,/tmp\sound_datasets\urbansound8k\audio/fold9/175915-3-0-0.wav,3,dog_bark,9,"[0, 1, 3]"
185374-9-0-35,/tmp\sound_datasets\urbansound8k\audio/fold9/185374-9-0-35.wav,9,street_music,9,"[3, 7, 9]"
105088-3-0-19,/tmp\sound_datasets\urbansound8k\audio/fold9/105088-3-0-19.wav,3,dog_bark,9,"[0, 1, 3]"
105029-7-1-1,/tmp\sound_datasets\urbansound8k\audio/fold9/105029-7-1-1.wav,7,jackhammer,9,"[2, 4, 7]"
136399-6-6-0,/tmp\sound_datasets\urbansound8k\audio/fold9/136399-6-6-0.wav,6,gun_shot,9,"[2, 6, 6]"
72265-3-5-0,/tmp\sound_datasets\urbansound8k\audio/fold9/72265-3-5-0.wav,3,dog_bark,9,"[0, 1, 3]"
39532-4-0-0,/tmp\sound_datasets\urbansound8k\audio/fold9/39532-4-0-0.wav,4,drilling,9,"[2, 4, 4]"
62567-5-1-0,/tmp\sound_datasets\urbansound8k\audio/fold9/62567-5-1-0.wav,5,engine_idling,9,"[1, 2, 5]"
103249-5-0-13,/tmp\sound_datasets\urbansound8k\audio/fold9/103249-5-0-13.wav,5,engine_idling,9,"[1, 2, 5]"
70098-3-0-0,/tmp\sound_datasets\urbansound8k\audio/fold9/70098-3-0-0.wav,3,dog_bark,9,"[0, 1, 3]"
42953-9-0-50,/tmp\sound_datasets\urbansound8k\audio/fold9/42953-9-0-50.wav,9,street_music,9,"[3, 7, 9]"
14385-9-0-13,/tmp\sound_datasets\urbansound8k\audio/fold9/14385-9-0-13.wav,9,street_music,9,"[3, 7, 9]"
105029-7-3-3,/tmp\sound_datasets\urbansound8k\audio/fold9/105029-7-3-3.wav,7,jackhammer,9,"[2, 4, 7]"
189988-0-0-1,/tmp\sound_datasets\urbansound8k\audio/fold9/189988-0-0-1.wav,0,air_conditioner,9,"[2, 5, 0]"
61250-3-0-62,/tmp\sound_datasets\urbansound8k\audio/fold9/61250-3-0-62.wav,3,dog_bark,9,"[0, 1, 3]"
187075-5-0-2,/tmp\sound_datasets\urbansound8k\audio/fold9/187075-5-0-2.wav,5,engine_idling,9,"[1, 2, 5]"
136399-6-4-0,/tmp\sound_datasets\urbansound8k\audio/fold9/136399-6-4-0.wav,6,gun_shot,9,"[2, 6, 6]"
72265-3-7-0,/tmp\sound_datasets\urbansound8k\audio/fold9/72265-3-7-0.wav,3,dog_bark,9,"[0, 1, 3]"
189988-0-0-3,/tmp\sound_datasets\urbansound8k\audio/fold9/189988-0-0-3.wav,0,air_conditioner,9,"[2, 5, 0]"
99500-2-0-23,/tmp\sound_datasets\urbansound8k\audio/fold9/99500-2-0-23.wav,2,children_playing,9,"[0, 0, 2]"
196058-2-0-0,/tmp\sound_datasets\urbansound8k\audio/fold9/196058-2-0-0.wav,2,children_playing,9,"[0, 0, 2]"
187075-5-0-0,/tmp\sound_datasets\urbansound8k\audio/fold9/187075-5-0-0.wav,5,engine_idling,9,"[1, 2, 5]"
39532-4-2-0,/tmp\sound_datasets\urbansound8k\audio/fold9/39532-4-2-0.wav,4,drilling,9,"[2, 4, 4]"
14385-9-0-11,/tmp\sound_datasets\urbansound8k\audio/fold9/14385-9-0-11.wav,9,street_music,9,"[3, 7, 9]"
105029-7-3-1,/tmp\sound_datasets\urbansound8k\audio/fold9/105029-7-3-1.wav,7,jackhammer,9,"[2, 4, 7]"
103249-5-0-11,/tmp\sound_datasets\urbansound8k\audio/fold9/103249-5-0-11.wav,5,engine_idling,9,"[1, 2, 5]"
180937-4-1-20,/tmp\sound_datasets\urbansound8k\audio/fold9/180937-4-1-20.wav,4,drilling,9,"[2, 4, 4]"
105029-7-1-3,/tmp\sound_datasets\urbansound8k\audio/fold9/105029-7-1-3.wav,7,jackhammer,9,"[2, 4, 7]"
185374-9-0-23,/tmp\sound_datasets\urbansound8k\audio/fold9/185374-9-0-23.wav,9,street_music,9,"[3, 7, 9]"
70098-3-2-0,/tmp\sound_datasets\urbansound8k\audio/fold9/70098-3-2-0.wav,3,dog_bark,9,"[0, 1, 3]"
79089-0-0-56,/tmp\sound_datasets\urbansound8k\audio/fold9/79089-0-0-56.wav,0,air_conditioner,9,"[2, 5, 0]"
168906-9-0-73,/tmp\sound_datasets\urbansound8k\audio/fold9/168906-9-0-73.wav,9,street_music,9,"[3, 7, 9]"
73168-1-1-0,/tmp\sound_datasets\urbansound8k\audio/fold9/73168-1-1-0.wav,1,car_horn,9,"[1, 2, 1]"
159748-8-0-6,/tmp\sound_datasets\urbansound8k\audio/fold9/159748-8-0-6.wav,8,siren,9,"[1, 3, 8]"
14527-9-0-6,/tmp\sound_datasets\urbansound8k\audio/fold9/14527-9-0-6.wav,9,street_music,9,"[3, 7, 9]"
39856-5-0-8,/tmp\sound_datasets\urbansound8k\audio/fold9/39856-5-0-8.wav,5,engine_idling,9,"[1, 2, 5]"
188823-7-1-2,/tmp\sound_datasets\urbansound8k\audio/fold9/188823-7-1-2.wav,7,jackhammer,9,"[2, 4, 7]"
180029-4-1-0,/tmp\sound_datasets\urbansound8k\audio/fold9/180029-4-1-0.wav,4,drilling,9,"[2, 4, 4]"
159748-8-2-4,/tmp\sound_datasets\urbansound8k\audio/fold9/159748-8-2-4.wav,8,siren,9,"[1, 3, 8]"
103249-5-0-3,/tmp\sound_datasets\urbansound8k\audio/fold9/103249-5-0-3.wav,5,engine_idling,9,"[1, 2, 5]"
159726-3-1-0,/tmp\sound_datasets\urbansound8k\audio/fold9/159726-3-1-0.wav,3,dog_bark,9,"[0, 1, 3]"
157866-8-0-20,/tmp\sound_datasets\urbansound8k\audio/fold9/157866-8-0-20.wav,8,siren,9,"[1, 3, 8]"
174786-2-0-27,/tmp\sound_datasets\urbansound8k\audio/fold9/174786-2-0-27.wav,2,children_playing,9,"[0, 0, 2]"
81117-4-0-5,/tmp\sound_datasets\urbansound8k\audio/fold9/81117-4-0-5.wav,4,drilling,9,"[2, 4, 4]"
54823-3-1-0,/tmp\sound_datasets\urbansound8k\audio/fold9/54823-3-1-0.wav,3,dog_bark,9,"[0, 1, 3]"
119809-7-0-2,/tmp\sound_datasets\urbansound8k\audio/fold9/119809-7-0-2.wav,7,jackhammer,9,"[2, 4, 7]"
188823-7-3-0,/tmp\sound_datasets\urbansound8k\audio/fold9/188823-7-3-0.wav,7,jackhammer,9,"[2, 4, 7]"
119809-7-0-3,/tmp\sound_datasets\urbansound8k\audio/fold9/119809-7-0-3.wav,7,jackhammer,9,"[2, 4, 7]"
155044-9-0-15,/tmp\sound_datasets\urbansound8k\audio/fold9/155044-9-0-15.wav,9,street_music,9,"[3, 7, 9]"
81117-4-0-4,/tmp\sound_datasets\urbansound8k\audio/fold9/81117-4-0-4.wav,4,drilling,9,"[2, 4, 4]"
157866-8-0-21,/tmp\sound_datasets\urbansound8k\audio/fold9/157866-8-0-21.wav,8,siren,9,"[1, 3, 8]"
159748-8-2-5,/tmp\sound_datasets\urbansound8k\audio/fold9/159748-8-2-5.wav,8,siren,9,"[1, 3, 8]"
164625-1-0-0,/tmp\sound_datasets\urbansound8k\audio/fold9/164625-1-0-0.wav,1,car_horn,9,"[1, 2, 1]"
103249-5-0-2,/tmp\sound_datasets\urbansound8k\audio/fold9/103249-5-0-2.wav,5,engine_idling,9,"[1, 2, 5]"
174287-6-2-0,/tmp\sound_datasets\urbansound8k\audio/fold9/174287-6-2-0.wav,6,gun_shot,9,"[2, 6, 6]"
188823-7-1-3,/tmp\sound_datasets\urbansound8k\audio/fold9/188823-7-1-3.wav,7,jackhammer,9,"[2, 4, 7]"
39856-5-0-9,/tmp\sound_datasets\urbansound8k\audio/fold9/39856-5-0-9.wav,5,engine_idling,9,"[1, 2, 5]"
14527-9-0-7,/tmp\sound_datasets\urbansound8k\audio/fold9/14527-9-0-7.wav,9,street_music,9,"[3, 7, 9]"
159748-8-0-7,/tmp\sound_datasets\urbansound8k\audio/fold9/159748-8-0-7.wav,8,siren,9,"[1, 3, 8]"
79089-0-0-43,/tmp\sound_datasets\urbansound8k\audio/fold9/79089-0-0-43.wav,0,air_conditioner,9,"[2, 5, 0]"
192123-2-0-4,/tmp\sound_datasets\urbansound8k\audio/fold9/192123-2-0-4.wav,2,children_playing,9,"[0, 0, 2]"
58937-4-0-7,/tmp\sound_datasets\urbansound8k\audio/fold9/58937-4-0-7.wav,4,drilling,9,"[2, 4, 4]"
105029-7-1-2,/tmp\sound_datasets\urbansound8k\audio/fold9/105029-7-1-2.wav,7,jackhammer,9,"[2, 4, 7]"
175915-3-0-3,/tmp\sound_datasets\urbansound8k\audio/fold9/175915-3-0-3.wav,3,dog_bark,9,"[0, 1, 3]"
119420-3-0-0,/tmp\sound_datasets\urbansound8k\audio/fold9/119420-3-0-0.wav,3,dog_bark,9,"[0, 1, 3]"
180029-4-19-0,/tmp\sound_datasets\urbansound8k\audio/fold9/180029-4-19-0.wav,4,drilling,9,"[2, 4, 4]"
103249-5-0-10,/tmp\sound_datasets\urbansound8k\audio/fold9/103249-5-0-10.wav,5,engine_idling,9,"[1, 2, 5]"
105029-7-3-0,/tmp\sound_datasets\urbansound8k\audio/fold9/105029-7-3-0.wav,7,jackhammer,9,"[2, 4, 7]"
14385-9-0-10,/tmp\sound_datasets\urbansound8k\audio/fold9/14385-9-0-10.wav,9,street_music,9,"[3, 7, 9]"
171406-9-0-183,/tmp\sound_datasets\urbansound8k\audio/fold9/171406-9-0-183.wav,9,street_music,9,"[3, 7, 9]"
187075-5-0-1,/tmp\sound_datasets\urbansound8k\audio/fold9/187075-5-0-1.wav,5,engine_idling,9,"[1, 2, 5]"
101729-0-0-40,/tmp\sound_datasets\urbansound8k\audio/fold9/101729-0-0-40.wav,0,air_conditioner,9,"[2, 5, 0]"
189988-0-0-2,/tmp\sound_datasets\urbansound8k\audio/fold9/189988-0-0-2.wav,0,air_conditioner,9,"[2, 5, 0]"
14385-9-0-14,/tmp\sound_datasets\urbansound8k\audio/fold9/14385-9-0-14.wav,9,street_music,9,"[3, 7, 9]"
105029-7-3-4,/tmp\sound_datasets\urbansound8k\audio/fold9/105029-7-3-4.wav,7,jackhammer,9,"[2, 4, 7]"
180156-1-8-0,/tmp\sound_datasets\urbansound8k\audio/fold9/180156-1-8-0.wav,1,car_horn,9,"[1, 2, 1]"
187075-5-0-5,/tmp\sound_datasets\urbansound8k\audio/fold9/187075-5-0-5.wav,5,engine_idling,9,"[1, 2, 5]"
196066-2-0-0,/tmp\sound_datasets\urbansound8k\audio/fold9/196066-2-0-0.wav,2,children_playing,9,"[0, 0, 2]"
145390-9-0-34,/tmp\sound_datasets\urbansound8k\audio/fold9/145390-9-0-34.wav,9,street_music,9,"[3, 7, 9]"
98859-7-1-0,/tmp\sound_datasets\urbansound8k\audio/fold9/98859-7-1-0.wav,7,jackhammer,9,"[2, 4, 7]"
180029-4-20-0,/tmp\sound_datasets\urbansound8k\audio/fold9/180029-4-20-0.wav,4,drilling,9,"[2, 4, 4]"
103249-5-0-14,/tmp\sound_datasets\urbansound8k\audio/fold9/103249-5-0-14.wav,5,engine_idling,9,"[1, 2, 5]"
79089-0-0-136,/tmp\sound_datasets\urbansound8k\audio/fold9/79089-0-0-136.wav,0,air_conditioner,9,"[2, 5, 0]"
155242-9-0-4,/tmp\sound_datasets\urbansound8k\audio/fold9/155242-9-0-4.wav,9,street_music,9,"[3, 7, 9]"
79089-0-0-122,/tmp\sound_datasets\urbansound8k\audio/fold9/79089-0-0-122.wav,0,air_conditioner,9,"[2, 5, 0]"
105029-7-1-6,/tmp\sound_datasets\urbansound8k\audio/fold9/105029-7-1-6.wav,7,jackhammer,9,"[2, 4, 7]"
192123-2-0-0,/tmp\sound_datasets\urbansound8k\audio/fold9/192123-2-0-0.wav,2,children_playing,9,"[0, 0, 2]"
159745-8-0-0,/tmp\sound_datasets\urbansound8k\audio/fold9/159745-8-0-0.wav,8,siren,9,"[1, 3, 8]"
52740-3-0-0,/tmp\sound_datasets\urbansound8k\audio/fold9/52740-3-0-0.wav,3,dog_bark,9,"[0, 1, 3]"
159748-8-0-3,/tmp\sound_datasets\urbansound8k\audio/fold9/159748-8-0-3.wav,8,siren,9,"[1, 3, 8]"
14527-9-0-3,/tmp\sound_datasets\urbansound8k\audio/fold9/14527-9-0-3.wav,9,street_music,9,"[3, 7, 9]"
155242-9-0-15,/tmp\sound_datasets\urbansound8k\audio/fold9/155242-9-0-15.wav,9,street_music,9,"[3, 7, 9]"
155044-9-0-11,/tmp\sound_datasets\urbansound8k\audio/fold9/155044-9-0-11.wav,9,street_music,9,"[3, 7, 9]"
81117-4-0-0,/tmp\sound_datasets\urbansound8k\audio/fold9/81117-4-0-0.wav,4,drilling,9,"[2, 4, 4]"
157866-8-0-19,/tmp\sound_datasets\urbansound8k\audio/fold9/157866-8-0-19.wav,8,siren,9,"[1, 3, 8]"
103249-5-0-6,/tmp\sound_datasets\urbansound8k\audio/fold9/103249-5-0-6.wav,5,engine_idling,9,"[1, 2, 5]"
159748-8-2-1,/tmp\sound_datasets\urbansound8k\audio/fold9/159748-8-2-1.wav,8,siren,9,"[1, 3, 8]"
157866-8-0-25,/tmp\sound_datasets\urbansound8k\audio/fold9/157866-8-0-25.wav,8,siren,9,"[1, 3, 8]"
157866-8-0-24,/tmp\sound_datasets\urbansound8k\audio/fold9/157866-8-0-24.wav,8,siren,9,"[1, 3, 8]"
103249-5-0-7,/tmp\sound_datasets\urbansound8k\audio/fold9/103249-5-0-7.wav,5,engine_idling,9,"[1, 2, 5]"
155044-9-0-38,/tmp\sound_datasets\urbansound8k\audio/fold9/155044-9-0-38.wav,9,street_music,9,"[3, 7, 9]"
159748-8-2-0,/tmp\sound_datasets\urbansound8k\audio/fold9/159748-8-2-0.wav,8,siren,9,"[1, 3, 8]"
119809-7-0-6,/tmp\sound_datasets\urbansound8k\audio/fold9/119809-7-0-6.wav,7,jackhammer,9,"[2, 4, 7]"
157866-8-0-18,/tmp\sound_datasets\urbansound8k\audio/fold9/157866-8-0-18.wav,8,siren,9,"[1, 3, 8]"
81117-4-0-1,/tmp\sound_datasets\urbansound8k\audio/fold9/81117-4-0-1.wav,4,drilling,9,"[2, 4, 4]"
180937-4-2-2,/tmp\sound_datasets\urbansound8k\audio/fold9/180937-4-2-2.wav,4,drilling,9,"[2, 4, 4]"
14527-9-0-2,/tmp\sound_datasets\urbansound8k\audio/fold9/14527-9-0-2.wav,9,street_music,9,"[3, 7, 9]"
116483-3-0-1,/tmp\sound_datasets\urbansound8k\audio/fold9/116483-3-0-1.wav,3,dog_bark,9,"[0, 1, 3]"
159748-8-0-2,/tmp\sound_datasets\urbansound8k\audio/fold9/159748-8-0-2.wav,8,siren,9,"[1, 3, 8]"
52740-3-0-1,/tmp\sound_datasets\urbansound8k\audio/fold9/52740-3-0-1.wav,3,dog_bark,9,"[0, 1, 3]"
159735-2-0-22,/tmp\sound_datasets\urbansound8k\audio/fold9/159735-2-0-22.wav,2,children_playing,9,"[0, 0, 2]"
136399-6-0-0,/tmp\sound_datasets\urbansound8k\audio/fold9/136399-6-0-0.wav,6,gun_shot,9,"[2, 6, 6]"
152588-3-3-0,/tmp\sound_datasets\urbansound8k\audio/fold9/152588-3-3-0.wav,3,dog_bark,9,"[0, 1, 3]"
58937-4-0-2,/tmp\sound_datasets\urbansound8k\audio/fold9/58937-4-0-2.wav,4,drilling,9,"[2, 4, 4]"
62567-5-0-10,/tmp\sound_datasets\urbansound8k\audio/fold9/62567-5-0-10.wav,5,engine_idling,9,"[1, 2, 5]"
79089-0-0-52,/tmp\sound_datasets\urbansound8k\audio/fold9/79089-0-0-52.wav,0,air_conditioner,9,"[2, 5, 0]"
180937-4-1-30,/tmp\sound_datasets\urbansound8k\audio/fold9/180937-4-1-30.wav,4,drilling,9,"[2, 4, 4]"
180029-4-5-0,/tmp\sound_datasets\urbansound8k\audio/fold9/180029-4-5-0.wav,4,drilling,9,"[2, 4, 4]"
105029-7-1-7,/tmp\sound_datasets\urbansound8k\audio/fold9/105029-7-1-7.wav,7,jackhammer,9,"[2, 4, 7]"
79089-0-0-123,/tmp\sound_datasets\urbansound8k\audio/fold9/79089-0-0-123.wav,0,air_conditioner,9,"[2, 5, 0]"
185374-9-0-33,/tmp\sound_datasets\urbansound8k\audio/fold9/185374-9-0-33.wav,9,street_music,9,"[3, 7, 9]"
152570-9-1-41,/tmp\sound_datasets\urbansound8k\audio/fold9/152570-9-1-41.wav,9,street_music,9,"[3, 7, 9]"
103249-5-0-15,/tmp\sound_datasets\urbansound8k\audio/fold9/103249-5-0-15.wav,5,engine_idling,9,"[1, 2, 5]"
79089-0-0-6,/tmp\sound_datasets\urbansound8k\audio/fold9/79089-0-0-6.wav,0,air_conditioner,9,"[2, 5, 0]"
145683-6-2-0,/tmp\sound_datasets\urbansound8k\audio/fold9/145683-6-2-0.wav,6,gun_shot,9,"[2, 6, 6]"
165567-3-2-0,/tmp\sound_datasets\urbansound8k\audio/fold9/165567-3-2-0.wav,3,dog_bark,9,"[0, 1, 3]"
196066-2-0-1,/tmp\sound_datasets\urbansound8k\audio/fold9/196066-2-0-1.wav,2,children_playing,9,"[0, 0, 2]"
187075-5-0-4,/tmp\sound_datasets\urbansound8k\audio/fold9/187075-5-0-4.wav,5,engine_idling,9,"[1, 2, 5]"
105029-7-3-5,/tmp\sound_datasets\urbansound8k\audio/fold9/105029-7-3-5.wav,7,jackhammer,9,"[2, 4, 7]"
105029-7-3-7,/tmp\sound_datasets\urbansound8k\audio/fold9/105029-7-3-7.wav,7,jackhammer,9,"[2, 4, 7]"
14385-9-0-17,/tmp\sound_datasets\urbansound8k\audio/fold9/14385-9-0-17.wav,9,street_music,9,"[3, 7, 9]"
187075-5-0-6,/tmp\sound_datasets\urbansound8k\audio/fold9/187075-5-0-6.wav,5,engine_idling,9,"[1, 2, 5]"
189988-0-0-5,/tmp\sound_datasets\urbansound8k\audio/fold9/189988-0-0-5.wav,0,air_conditioner,9,"[2, 5, 0]"
180029-4-7-0,/tmp\sound_datasets\urbansound8k\audio/fold9/180029-4-7-0.wav,4,drilling,9,"[2, 4, 4]"
188823-7-5-0,/tmp\sound_datasets\urbansound8k\audio/fold9/188823-7-5-0.wav,7,jackhammer,9,"[2, 4, 7]"
165454-0-0-8,/tmp\sound_datasets\urbansound8k\audio/fold9/165454-0-0-8.wav,0,air_conditioner,9,"[2, 5, 0]"
58937-4-2-2,/tmp\sound_datasets\urbansound8k\audio/fold9/58937-4-2-2.wav,4,drilling,9,"[2, 4, 4]"
79089-0-0-4,/tmp\sound_datasets\urbansound8k\audio/fold9/79089-0-0-4.wav,0,air_conditioner,9,"[2, 5, 0]"
103249-5-0-17,/tmp\sound_datasets\urbansound8k\audio/fold9/103249-5-0-17.wav,5,engine_idling,9,"[1, 2, 5]"
105029-7-1-5,/tmp\sound_datasets\urbansound8k\audio/fold9/105029-7-1-5.wav,7,jackhammer,9,"[2, 4, 7]"
79089-0-0-135,/tmp\sound_datasets\urbansound8k\audio/fold9/79089-0-0-135.wav,0,air_conditioner,9,"[2, 5, 0]"
165567-3-0-0,/tmp\sound_datasets\urbansound8k\audio/fold9/165567-3-0-0.wav,3,dog_bark,9,"[0, 1, 3]"
58937-4-0-0,/tmp\sound_datasets\urbansound8k\audio/fold9/58937-4-0-0.wav,4,drilling,9,"[2, 4, 4]"
145683-6-0-0,/tmp\sound_datasets\urbansound8k\audio/fold9/145683-6-0-0.wav,6,gun_shot,9,"[2, 6, 6]"
85664-3-0-0,/tmp\sound_datasets\urbansound8k\audio/fold9/85664-3-0-0.wav,3,dog_bark,9,"[0, 1, 3]"
71082-4-1-0,/tmp\sound_datasets\urbansound8k\audio/fold9/71082-4-1-0.wav,4,drilling,9,"[2, 4, 4]"
52740-3-0-3,/tmp\sound_datasets\urbansound8k\audio/fold9/52740-3-0-3.wav,3,dog_bark,9,"[0, 1, 3]"
159735-2-0-34,/tmp\sound_datasets\urbansound8k\audio/fold9/159735-2-0-34.wav,2,children_playing,9,"[0, 0, 2]"
14527-9-0-0,/tmp\sound_datasets\urbansound8k\audio/fold9/14527-9-0-0.wav,9,street_music,9,"[3, 7, 9]"
159748-8-0-0,/tmp\sound_datasets\urbansound8k\audio/fold9/159748-8-0-0.wav,8,siren,9,"[1, 3, 8]"
136399-6-2-0,/tmp\sound_datasets\urbansound8k\audio/fold9/136399-6-2-0.wav,6,gun_shot,9,"[2, 6, 6]"
152588-3-1-0,/tmp\sound_datasets\urbansound8k\audio/fold9/152588-3-1-0.wav,3,dog_bark,9,"[0, 1, 3]"
79584-3-1-2,/tmp\sound_datasets\urbansound8k\audio/fold9/79584-3-1-2.wav,3,dog_bark,9,"[0, 1, 3]"
81117-4-0-3,/tmp\sound_datasets\urbansound8k\audio/fold9/81117-4-0-3.wav,4,drilling,9,"[2, 4, 4]"
119809-7-0-4,/tmp\sound_datasets\urbansound8k\audio/fold9/119809-7-0-4.wav,7,jackhammer,9,"[2, 4, 7]"
157866-8-0-26,/tmp\sound_datasets\urbansound8k\audio/fold9/157866-8-0-26.wav,8,siren,9,"[1, 3, 8]"
101729-0-0-9,/tmp\sound_datasets\urbansound8k\audio/fold9/101729-0-0-9.wav,0,air_conditioner,9,"[2, 5, 0]"
159748-8-2-2,/tmp\sound_datasets\urbansound8k\audio/fold9/159748-8-2-2.wav,8,siren,9,"[1, 3, 8]"
103249-5-0-5,/tmp\sound_datasets\urbansound8k\audio/fold9/103249-5-0-5.wav,5,engine_idling,9,"[1, 2, 5]"
159748-8-2-3,/tmp\sound_datasets\urbansound8k\audio/fold9/159748-8-2-3.wav,8,siren,9,"[1, 3, 8]"
103249-5-0-4,/tmp\sound_datasets\urbansound8k\audio/fold9/103249-5-0-4.wav,5,engine_idling,9,"[1, 2, 5]"
157866-8-0-27,/tmp\sound_datasets\urbansound8k\audio/fold9/157866-8-0-27.wav,8,siren,9,"[1, 3, 8]"
119809-7-0-5,/tmp\sound_datasets\urbansound8k\audio/fold9/119809-7-0-5.wav,7,jackhammer,9,"[2, 4, 7]"
81117-4-0-2,/tmp\sound_datasets\urbansound8k\audio/fold9/81117-4-0-2.wav,4,drilling,9,"[2, 4, 4]"
180937-4-2-1,/tmp\sound_datasets\urbansound8k\audio/fold9/180937-4-2-1.wav,4,drilling,9,"[2, 4, 4]"
116483-3-0-2,/tmp\sound_datasets\urbansound8k\audio/fold9/116483-3-0-2.wav,3,dog_bark,9,"[0, 1, 3]"
159748-8-0-1,/tmp\sound_datasets\urbansound8k\audio/fold9/159748-8-0-1.wav,8,siren,9,"[1, 3, 8]"
52740-3-0-2,/tmp\sound_datasets\urbansound8k\audio/fold9/52740-3-0-2.wav,3,dog_bark,9,"[0, 1, 3]"
81722-3-0-28,/tmp\sound_datasets\urbansound8k\audio/fold9/81722-3-0-28.wav,3,dog_bark,9,"[0, 1, 3]"
79089-0-0-51,/tmp\sound_datasets\urbansound8k\audio/fold9/79089-0-0-51.wav,0,air_conditioner,9,"[2, 5, 0]"
152570-9-1-81,/tmp\sound_datasets\urbansound8k\audio/fold9/152570-9-1-81.wav,9,street_music,9,"[3, 7, 9]"
180937-4-1-27,/tmp\sound_datasets\urbansound8k\audio/fold9/180937-4-1-27.wav,4,drilling,9,"[2, 4, 4]"
185374-9-0-18,/tmp\sound_datasets\urbansound8k\audio/fold9/185374-9-0-18.wav,9,street_music,9,"[3, 7, 9]"
204067-2-0-39,/tmp\sound_datasets\urbansound8k\audio/fold9/204067-2-0-39.wav,2,children_playing,9,"[0, 0, 2]"
185374-9-0-30,/tmp\sound_datasets\urbansound8k\audio/fold9/185374-9-0-30.wav,9,street_music,9,"[3, 7, 9]"
152570-9-1-42,/tmp\sound_datasets\urbansound8k\audio/fold9/152570-9-1-42.wav,9,street_music,9,"[3, 7, 9]"
79089-0-0-92,/tmp\sound_datasets\urbansound8k\audio/fold9/79089-0-0-92.wav,0,air_conditioner,9,"[2, 5, 0]"
79089-0-0-134,/tmp\sound_datasets\urbansound8k\audio/fold9/79089-0-0-134.wav,0,air_conditioner,9,"[2, 5, 0]"
105029-7-1-4,/tmp\sound_datasets\urbansound8k\audio/fold9/105029-7-1-4.wav,7,jackhammer,9,"[2, 4, 7]"
165454-0-0-9,/tmp\sound_datasets\urbansound8k\audio/fold9/165454-0-0-9.wav,0,air_conditioner,9,"[2, 5, 0]"
103249-5-0-16,/tmp\sound_datasets\urbansound8k\audio/fold9/103249-5-0-16.wav,5,engine_idling,9,"[1, 2, 5]"
159735-2-0-121,/tmp\sound_datasets\urbansound8k\audio/fold9/159735-2-0-121.wav,2,children_playing,9,"[0, 0, 2]"
145390-9-0-22,/tmp\sound_datasets\urbansound8k\audio/fold9/145390-9-0-22.wav,9,street_music,9,"[3, 7, 9]"
189988-0-0-4,/tmp\sound_datasets\urbansound8k\audio/fold9/189988-0-0-4.wav,0,air_conditioner,9,"[2, 5, 0]"
187075-5-0-7,/tmp\sound_datasets\urbansound8k\audio/fold9/187075-5-0-7.wav,5,engine_idling,9,"[1, 2, 5]"
105029-7-3-6,/tmp\sound_datasets\urbansound8k\audio/fold9/105029-7-3-6.wav,7,jackhammer,9,"[2, 4, 7]"
54187-1-0-4,/tmp\sound_datasets\urbansound8k\audio/fold9/54187-1-0-4.wav,1,car_horn,9,"[1, 2, 1]"
99500-2-0-29,/tmp\sound_datasets\urbansound8k\audio/fold9/99500-2-0-29.wav,2,children_playing,9,"[0, 0, 2]"
149929-9-1-0,/tmp\sound_datasets\urbansound8k\audio/fold9/149929-9-1-0.wav,9,street_music,9,"[3, 7, 9]"
50223-3-0-10,/tmp\sound_datasets\urbansound8k\audio/fold9/50223-3-0-10.wav,3,dog_bark,9,"[0, 1, 3]"
50223-3-0-6,/tmp\sound_datasets\urbansound8k\audio/fold9/50223-3-0-6.wav,3,dog_bark,9,"[0, 1, 3]"
207211-2-0-11,/tmp\sound_datasets\urbansound8k\audio/fold9/207211-2-0-11.wav,2,children_playing,9,"[0, 0, 2]"
165454-0-0-4,/tmp\sound_datasets\urbansound8k\audio/fold9/165454-0-0-4.wav,0,air_conditioner,9,"[2, 5, 0]"
180156-1-6-0,/tmp\sound_datasets\urbansound8k\audio/fold9/180156-1-6-0.wav,1,car_horn,9,"[1, 2, 1]"
145390-9-0-13,/tmp\sound_datasets\urbansound8k\audio/fold9/145390-9-0-13.wav,9,street_music,9,"[3, 7, 9]"
105029-7-1-9,/tmp\sound_datasets\urbansound8k\audio/fold9/105029-7-1-9.wav,7,jackhammer,9,"[2, 4, 7]"
105088-3-0-11,/tmp\sound_datasets\urbansound8k\audio/fold9/105088-3-0-11.wav,3,dog_bark,9,"[0, 1, 3]"
204067-2-0-20,/tmp\sound_datasets\urbansound8k\audio/fold9/204067-2-0-20.wav,2,children_playing,9,"[0, 0, 2]"
105029-7-2-16,/tmp\sound_datasets\urbansound8k\audio/fold9/105029-7-2-16.wav,7,jackhammer,9,"[2, 4, 7]"
13579-2-0-15,/tmp\sound_datasets\urbansound8k\audio/fold9/13579-2-0-15.wav,2,children_playing,9,"[0, 0, 2]"
79089-0-0-48,/tmp\sound_datasets\urbansound8k\audio/fold9/79089-0-0-48.wav,0,air_conditioner,9,"[2, 5, 0]"
79089-0-0-60,/tmp\sound_datasets\urbansound8k\audio/fold9/79089-0-0-60.wav,0,air_conditioner,9,"[2, 5, 0]"
69777-3-0-0,/tmp\sound_datasets\urbansound8k\audio/fold9/69777-3-0-0.wav,3,dog_bark,9,"[0, 1, 3]"
39856-5-0-2,/tmp\sound_datasets\urbansound8k\audio/fold9/39856-5-0-2.wav,5,engine_idling,9,"[1, 2, 5]"
180156-1-12-0,/tmp\sound_datasets\urbansound8k\audio/fold9/180156-1-12-0.wav,1,car_horn,9,"[1, 2, 1]"
137815-4-0-0,/tmp\sound_datasets\urbansound8k\audio/fold9/137815-4-0-0.wav,4,drilling,9,"[2, 4, 4]"
119449-5-0-2,/tmp\sound_datasets\urbansound8k\audio/fold9/119449-5-0-2.wav,5,engine_idling,9,"[1, 2, 5]"
174786-2-0-39,/tmp\sound_datasets\urbansound8k\audio/fold9/174786-2-0-39.wav,2,children_playing,9,"[0, 0, 2]"
157866-8-0-16,/tmp\sound_datasets\urbansound8k\audio/fold9/157866-8-0-16.wav,8,siren,9,"[1, 3, 8]"
145390-9-0-3,/tmp\sound_datasets\urbansound8k\audio/fold9/145390-9-0-3.wav,9,street_music,9,"[3, 7, 9]"
66601-8-0-0,/tmp\sound_datasets\urbansound8k\audio/fold9/66601-8-0-0.wav,8,siren,9,"[1, 3, 8]"
103249-5-0-9,/tmp\sound_datasets\urbansound8k\audio/fold9/103249-5-0-9.wav,5,engine_idling,9,"[1, 2, 5]"
180029-4-13-0,/tmp\sound_datasets\urbansound8k\audio/fold9/180029-4-13-0.wav,4,drilling,9,"[2, 4, 4]"
101729-0-0-4,/tmp\sound_datasets\urbansound8k\audio/fold9/101729-0-0-4.wav,0,air_conditioner,9,"[2, 5, 0]"
66601-8-0-1,/tmp\sound_datasets\urbansound8k\audio/fold9/66601-8-0-1.wav,8,siren,9,"[1, 3, 8]"
155044-9-0-37,/tmp\sound_datasets\urbansound8k\audio/fold9/155044-9-0-37.wav,9,street_music,9,"[3, 7, 9]"
103249-5-0-8,/tmp\sound_datasets\urbansound8k\audio/fold9/103249-5-0-8.wav,5,engine_idling,9,"[1, 2, 5]"
157866-8-0-17,/tmp\sound_datasets\urbansound8k\audio/fold9/157866-8-0-17.wav,8,siren,9,"[1, 3, 8]"
119449-5-0-3,/tmp\sound_datasets\urbansound8k\audio/fold9/119449-5-0-3.wav,5,engine_idling,9,"[1, 2, 5]"
137815-4-0-1,/tmp\sound_datasets\urbansound8k\audio/fold9/137815-4-0-1.wav,4,drilling,9,"[2, 4, 4]"
155242-9-0-27,/tmp\sound_datasets\urbansound8k\audio/fold9/155242-9-0-27.wav,9,street_music,9,"[3, 7, 9]"
159735-2-0-11,/tmp\sound_datasets\urbansound8k\audio/fold9/159735-2-0-11.wav,2,children_playing,9,"[0, 0, 2]"
25038-6-1-0,/tmp\sound_datasets\urbansound8k\audio/fold9/25038-6-1-0.wav,6,gun_shot,9,"[2, 6, 6]"
39856-5-0-3,/tmp\sound_datasets\urbansound8k\audio/fold9/39856-5-0-3.wav,5,engine_idling,9,"[1, 2, 5]"
69777-3-0-1,/tmp\sound_datasets\urbansound8k\audio/fold9/69777-3-0-1.wav,3,dog_bark,9,"[0, 1, 3]"
137803-3-0-2,/tmp\sound_datasets\urbansound8k\audio/fold9/137803-3-0-2.wav,3,dog_bark,9,"[0, 1, 3]"
180937-4-3-12,/tmp\sound_datasets\urbansound8k\audio/fold9/180937-4-3-12.wav,4,drilling,9,"[2, 4, 4]"
175843-1-0-0,/tmp\sound_datasets\urbansound8k\audio/fold9/175843-1-0-0.wav,1,car_horn,9,"[1, 2, 1]"
79089-0-0-75,/tmp\sound_datasets\urbansound8k\audio/fold9/79089-0-0-75.wav,0,air_conditioner,9,"[2, 5, 0]"
194310-9-0-15,/tmp\sound_datasets\urbansound8k\audio/fold9/194310-9-0-15.wav,9,street_music,9,"[3, 7, 9]"
178118-3-0-0,/tmp\sound_datasets\urbansound8k\audio/fold9/178118-3-0-0.wav,3,dog_bark,9,"[0, 1, 3]"
105088-3-0-10,/tmp\sound_datasets\urbansound8k\audio/fold9/105088-3-0-10.wav,3,dog_bark,9,"[0, 1, 3]"
105029-7-1-8,/tmp\sound_datasets\urbansound8k\audio/fold9/105029-7-1-8.wav,7,jackhammer,9,"[2, 4, 7]"
204067-2-0-35,/tmp\sound_datasets\urbansound8k\audio/fold9/204067-2-0-35.wav,2,children_playing,9,"[0, 0, 2]"
79089-0-0-138,/tmp\sound_datasets\urbansound8k\audio/fold9/79089-0-0-138.wav,0,air_conditioner,9,"[2, 5, 0]"
165454-0-0-5,/tmp\sound_datasets\urbansound8k\audio/fold9/165454-0-0-5.wav,0,air_conditioner,9,"[2, 5, 0]"
149929-9-1-1,/tmp\sound_datasets\urbansound8k\audio/fold9/149929-9-1-1.wav,9,street_music,9,"[3, 7, 9]"
155312-3-0-0,/tmp\sound_datasets\urbansound8k\audio/fold9/155312-3-0-0.wav,3,dog_bark,9,"[0, 1, 3]"
178118-3-2-0,/tmp\sound_datasets\urbansound8k\audio/fold9/178118-3-2-0.wav,3,dog_bark,9,"[0, 1, 3]"
171406-9-0-90,/tmp\sound_datasets\urbansound8k\audio/fold9/171406-9-0-90.wav,9,street_music,9,"[3, 7, 9]"
22882-5-0-0,/tmp\sound_datasets\urbansound8k\audio/fold9/22882-5-0-0.wav,5,engine_idling,9,"[1, 2, 5]"
180029-4-9-0,/tmp\sound_datasets\urbansound8k\audio/fold9/180029-4-9-0.wav,4,drilling,9,"[2, 4, 4]"
103249-5-0-18,/tmp\sound_datasets\urbansound8k\audio/fold9/103249-5-0-18.wav,5,engine_idling,9,"[1, 2, 5]"
165454-0-0-7,/tmp\sound_datasets\urbansound8k\audio/fold9/165454-0-0-7.wav,0,air_conditioner,9,"[2, 5, 0]"
185374-9-0-16,/tmp\sound_datasets\urbansound8k\audio/fold9/185374-9-0-16.wav,9,street_music,9,"[3, 7, 9]"
13579-2-0-16,/tmp\sound_datasets\urbansound8k\audio/fold9/13579-2-0-16.wav,2,children_playing,9,"[0, 0, 2]"
105029-7-2-15,/tmp\sound_datasets\urbansound8k\audio/fold9/105029-7-2-15.wav,7,jackhammer,9,"[2, 4, 7]"
79089-0-0-106,/tmp\sound_datasets\urbansound8k\audio/fold9/79089-0-0-106.wav,0,air_conditioner,9,"[2, 5, 0]"
27068-1-0-0,/tmp\sound_datasets\urbansound8k\audio/fold9/27068-1-0-0.wav,1,car_horn,9,"[1, 2, 1]"
85661-3-0-0,/tmp\sound_datasets\urbansound8k\audio/fold9/85661-3-0-0.wav,3,dog_bark,9,"[0, 1, 3]"
79089-0-0-63,/tmp\sound_datasets\urbansound8k\audio/fold9/79089-0-0-63.wav,0,air_conditioner,9,"[2, 5, 0]"
81722-3-0-26,/tmp\sound_datasets\urbansound8k\audio/fold9/81722-3-0-26.wav,3,dog_bark,9,"[0, 1, 3]"
137803-3-0-0,/tmp\sound_datasets\urbansound8k\audio/fold9/137803-3-0-0.wav,3,dog_bark,9,"[0, 1, 3]"
39856-5-0-1,/tmp\sound_datasets\urbansound8k\audio/fold9/39856-5-0-1.wav,5,engine_idling,9,"[1, 2, 5]"
137815-4-0-3,/tmp\sound_datasets\urbansound8k\audio/fold9/137815-4-0-3.wav,4,drilling,9,"[2, 4, 4]"
157866-8-0-15,/tmp\sound_datasets\urbansound8k\audio/fold9/157866-8-0-15.wav,8,siren,9,"[1, 3, 8]"
119449-5-0-1,/tmp\sound_datasets\urbansound8k\audio/fold9/119449-5-0-1.wav,5,engine_idling,9,"[1, 2, 5]"
66601-8-0-3,/tmp\sound_datasets\urbansound8k\audio/fold9/66601-8-0-3.wav,8,siren,9,"[1, 3, 8]"
101729-0-0-6,/tmp\sound_datasets\urbansound8k\audio/fold9/101729-0-0-6.wav,0,air_conditioner,9,"[2, 5, 0]"
66601-8-0-2,/tmp\sound_datasets\urbansound8k\audio/fold9/66601-8-0-2.wav,8,siren,9,"[1, 3, 8]"
119449-5-0-0,/tmp\sound_datasets\urbansound8k\audio/fold9/119449-5-0-0.wav,5,engine_idling,9,"[1, 2, 5]"
57105-3-4-2,/tmp\sound_datasets\urbansound8k\audio/fold9/57105-3-4-2.wav,3,dog_bark,9,"[0, 1, 3]"
157866-8-0-14,/tmp\sound_datasets\urbansound8k\audio/fold9/157866-8-0-14.wav,8,siren,9,"[1, 3, 8]"
137815-4-0-2,/tmp\sound_datasets\urbansound8k\audio/fold9/137815-4-0-2.wav,4,drilling,9,"[2, 4, 4]"
52171-3-2-0,/tmp\sound_datasets\urbansound8k\audio/fold9/52171-3-2-0.wav,3,dog_bark,9,"[0, 1, 3]"
180029-4-11-0,/tmp\sound_datasets\urbansound8k\audio/fold9/180029-4-11-0.wav,4,drilling,9,"[2, 4, 4]"
39856-5-0-0,/tmp\sound_datasets\urbansound8k\audio/fold9/39856-5-0-0.wav,5,engine_idling,9,"[1, 2, 5]"
159735-2-0-9,/tmp\sound_datasets\urbansound8k\audio/fold9/159735-2-0-9.wav,2,children_playing,9,"[0, 0, 2]"
146249-4-0-0,/tmp\sound_datasets\urbansound8k\audio/fold9/146249-4-0-0.wav,4,drilling,9,"[2, 4, 4]"
69777-3-0-2,/tmp\sound_datasets\urbansound8k\audio/fold9/69777-3-0-2.wav,3,dog_bark,9,"[0, 1, 3]"
137803-3-0-1,/tmp\sound_datasets\urbansound8k\audio/fold9/137803-3-0-1.wav,3,dog_bark,9,"[0, 1, 3]"
168906-9-0-47,/tmp\sound_datasets\urbansound8k\audio/fold9/168906-9-0-47.wav,9,street_music,9,"[3, 7, 9]"
180156-1-10-0,/tmp\sound_datasets\urbansound8k\audio/fold9/180156-1-10-0.wav,1,car_horn,9,"[1, 2, 1]"
180156-1-4-0,/tmp\sound_datasets\urbansound8k\audio/fold9/180156-1-4-0.wav,1,car_horn,9,"[1, 2, 1]"
13579-2-0-17,/tmp\sound_datasets\urbansound8k\audio/fold9/13579-2-0-17.wav,2,children_playing,9,"[0, 0, 2]"
105029-7-2-14,/tmp\sound_datasets\urbansound8k\audio/fold9/105029-7-2-14.wav,7,jackhammer,9,"[2, 4, 7]"
103249-5-0-19,/tmp\sound_datasets\urbansound8k\audio/fold9/103249-5-0-19.wav,5,engine_idling,9,"[1, 2, 5]"
165454-0-0-6,/tmp\sound_datasets\urbansound8k\audio/fold9/165454-0-0-6.wav,0,air_conditioner,9,"[2, 5, 0]"
22882-5-0-1,/tmp\sound_datasets\urbansound8k\audio/fold9/22882-5-0-1.wav,5,engine_idling,9,"[1, 2, 5]"
187075-5-0-8,/tmp\sound_datasets\urbansound8k\audio/fold9/187075-5-0-8.wav,5,engine_idling,9,"[1, 2, 5]"
33641-3-8-0,/tmp\sound_datasets\urbansound8k\audio/fold9/33641-3-8-0.wav,3,dog_bark,9,"[0, 1, 3]"
14385-9-0-21,/tmp\sound_datasets\urbansound8k\audio/fold9/14385-9-0-21.wav,9,street_music,9,"[3, 7, 9]"
54187-1-0-2,/tmp\sound_datasets\urbansound8k\audio/fold9/54187-1-0-2.wav,1,car_horn,9,"[1, 2, 1]"
145390-9-0-15,/tmp\sound_datasets\urbansound8k\audio/fold9/145390-9-0-15.wav,9,street_music,9,"[3, 7, 9]"
52171-3-6-0,/tmp\sound_datasets\urbansound8k\audio/fold9/52171-3-6-0.wav,3,dog_bark,9,"[0, 1, 3]"
165454-0-0-2,/tmp\sound_datasets\urbansound8k\audio/fold9/165454-0-0-2.wav,0,air_conditioner,9,"[2, 5, 0]"
180029-4-15-0,/tmp\sound_datasets\urbansound8k\audio/fold9/180029-4-15-0.wav,4,drilling,9,"[2, 4, 4]"
155044-9-0-3,/tmp\sound_datasets\urbansound8k\audio/fold9/155044-9-0-3.wav,9,street_music,9,"[3, 7, 9]"
105029-7-2-10,/tmp\sound_datasets\urbansound8k\audio/fold9/105029-7-2-10.wav,7,jackhammer,9,"[2, 4, 7]"
54976-4-1-0,/tmp\sound_datasets\urbansound8k\audio/fold9/54976-4-1-0.wav,4,drilling,9,"[2, 4, 4]"
152570-9-1-61,/tmp\sound_datasets\urbansound8k\audio/fold9/152570-9-1-61.wav,9,street_music,9,"[3, 7, 9]"
207211-2-0-141,/tmp\sound_datasets\urbansound8k\audio/fold9/207211-2-0-141.wav,2,children_playing,9,"[0, 0, 2]"
204067-2-0-32,/tmp\sound_datasets\urbansound8k\audio/fold9/204067-2-0-32.wav,2,children_playing,9,"[0, 0, 2]"
59037-2-1-3,/tmp\sound_datasets\urbansound8k\audio/fold9/59037-2-1-3.wav,2,children_playing,9,"[0, 0, 2]"
174282-6-0-0,/tmp\sound_datasets\urbansound8k\audio/fold9/174282-6-0-0.wav,6,gun_shot,9,"[2, 6, 6]"
155130-1-1-0,/tmp\sound_datasets\urbansound8k\audio/fold9/155130-1-1-0.wav,1,car_horn,9,"[1, 2, 1]"
39856-5-0-4,/tmp\sound_datasets\urbansound8k\audio/fold9/39856-5-0-4.wav,5,engine_idling,9,"[1, 2, 5]"
137815-4-0-6,/tmp\sound_datasets\urbansound8k\audio/fold9/137815-4-0-6.wav,4,drilling,9,"[2, 4, 4]"
159748-8-2-8,/tmp\sound_datasets\urbansound8k\audio/fold9/159748-8-2-8.wav,8,siren,9,"[1, 3, 8]"
180156-1-0-0,/tmp\sound_datasets\urbansound8k\audio/fold9/180156-1-0-0.wav,1,car_horn,9,"[1, 2, 1]"
101729-0-0-3,/tmp\sound_datasets\urbansound8k\audio/fold9/101729-0-0-3.wav,0,air_conditioner,9,"[2, 5, 0]"
157866-8-0-10,/tmp\sound_datasets\urbansound8k\audio/fold9/157866-8-0-10.wav,8,siren,9,"[1, 3, 8]"
119449-5-0-4,/tmp\sound_datasets\urbansound8k\audio/fold9/119449-5-0-4.wav,5,engine_idling,9,"[1, 2, 5]"
119449-5-0-5,/tmp\sound_datasets\urbansound8k\audio/fold9/119449-5-0-5.wav,5,engine_idling,9,"[1, 2, 5]"
155044-9-0-19,/tmp\sound_datasets\urbansound8k\audio/fold9/155044-9-0-19.wav,9,street_music,9,"[3, 7, 9]"
157866-8-0-11,/tmp\sound_datasets\urbansound8k\audio/fold9/157866-8-0-11.wav,8,siren,9,"[1, 3, 8]"
138468-1-0-0,/tmp\sound_datasets\urbansound8k\audio/fold9/138468-1-0-0.wav,1,car_horn,9,"[1, 2, 1]"
155242-9-0-35,/tmp\sound_datasets\urbansound8k\audio/fold9/155242-9-0-35.wav,9,street_music,9,"[3, 7, 9]"
137815-4-0-7,/tmp\sound_datasets\urbansound8k\audio/fold9/137815-4-0-7.wav,4,drilling,9,"[2, 4, 4]"
39856-5-0-5,/tmp\sound_datasets\urbansound8k\audio/fold9/39856-5-0-5.wav,5,engine_idling,9,"[1, 2, 5]"
168906-9-0-95,/tmp\sound_datasets\urbansound8k\audio/fold9/168906-9-0-95.wav,9,street_music,9,"[3, 7, 9]"
159735-2-0-17,/tmp\sound_datasets\urbansound8k\audio/fold9/159735-2-0-17.wav,2,children_playing,9,"[0, 0, 2]"
81722-3-0-22,/tmp\sound_datasets\urbansound8k\audio/fold9/81722-3-0-22.wav,3,dog_bark,9,"[0, 1, 3]"
59800-3-1-0,/tmp\sound_datasets\urbansound8k\audio/fold9/59800-3-1-0.wav,3,dog_bark,9,"[0, 1, 3]"
59037-2-1-2,/tmp\sound_datasets\urbansound8k\audio/fold9/59037-2-1-2.wav,2,children_playing,9,"[0, 0, 2]"
136399-6-8-0,/tmp\sound_datasets\urbansound8k\audio/fold9/136399-6-8-0.wav,6,gun_shot,9,"[2, 6, 6]"
72723-3-0-0,/tmp\sound_datasets\urbansound8k\audio/fold9/72723-3-0-0.wav,3,dog_bark,9,"[0, 1, 3]"
79089-0-0-73,/tmp\sound_datasets\urbansound8k\audio/fold9/79089-0-0-73.wav,0,air_conditioner,9,"[2, 5, 0]"
105029-7-2-11,/tmp\sound_datasets\urbansound8k\audio/fold9/105029-7-2-11.wav,7,jackhammer,9,"[2, 4, 7]"
54976-4-1-1,/tmp\sound_datasets\urbansound8k\audio/fold9/54976-4-1-1.wav,4,drilling,9,"[2, 4, 4]"
50223-3-0-1,/tmp\sound_datasets\urbansound8k\audio/fold9/50223-3-0-1.wav,3,dog_bark,9,"[0, 1, 3]"
127538-4-0-0,/tmp\sound_datasets\urbansound8k\audio/fold9/127538-4-0-0.wav,4,drilling,9,"[2, 4, 4]"
165454-0-0-3,/tmp\sound_datasets\urbansound8k\audio/fold9/165454-0-0-3.wav,0,air_conditioner,9,"[2, 5, 0]"
52171-3-6-1,/tmp\sound_datasets\urbansound8k\audio/fold9/52171-3-6-1.wav,3,dog_bark,9,"[0, 1, 3]"
58937-4-2-9,/tmp\sound_datasets\urbansound8k\audio/fold9/58937-4-2-9.wav,4,drilling,9,"[2, 4, 4]"
59037-2-3-0,/tmp\sound_datasets\urbansound8k\audio/fold9/59037-2-3-0.wav,2,children_playing,9,"[0, 0, 2]"
171406-9-0-57,/tmp\sound_datasets\urbansound8k\audio/fold9/171406-9-0-57.wav,9,street_music,9,"[3, 7, 9]"
42371-3-0-0,/tmp\sound_datasets\urbansound8k\audio/fold9/42371-3-0-0.wav,3,dog_bark,9,"[0, 1, 3]"
54187-1-0-3,/tmp\sound_datasets\urbansound8k\audio/fold9/54187-1-0-3.wav,1,car_horn,9,"[1, 2, 1]"
54187-1-0-1,/tmp\sound_datasets\urbansound8k\audio/fold9/54187-1-0-1.wav,1,car_horn,9,"[1, 2, 1]"
61250-3-0-47,/tmp\sound_datasets\urbansound8k\audio/fold9/61250-3-0-47.wav,3,dog_bark,9,"[0, 1, 3]"
42953-9-0-49,/tmp\sound_datasets\urbansound8k\audio/fold9/42953-9-0-49.wav,9,street_music,9,"[3, 7, 9]"
165454-0-0-1,/tmp\sound_datasets\urbansound8k\audio/fold9/165454-0-0-1.wav,0,air_conditioner,9,"[2, 5, 0]"
50223-3-0-3,/tmp\sound_datasets\urbansound8k\audio/fold9/50223-3-0-3.wav,3,dog_bark,9,"[0, 1, 3]"
54976-4-1-3,/tmp\sound_datasets\urbansound8k\audio/fold9/54976-4-1-3.wav,4,drilling,9,"[2, 4, 4]"
105029-7-2-13,/tmp\sound_datasets\urbansound8k\audio/fold9/105029-7-2-13.wav,7,jackhammer,9,"[2, 4, 7]"
13579-2-0-38,/tmp\sound_datasets\urbansound8k\audio/fold9/13579-2-0-38.wav,2,children_playing,9,"[0, 0, 2]"
57105-3-0-1,/tmp\sound_datasets\urbansound8k\audio/fold9/57105-3-0-1.wav,3,dog_bark,9,"[0, 1, 3]"
127538-4-2-0,/tmp\sound_datasets\urbansound8k\audio/fold9/127538-4-2-0.wav,4,drilling,9,"[2, 4, 4]"
16772-8-0-0,/tmp\sound_datasets\urbansound8k\audio/fold9/16772-8-0-0.wav,8,siren,9,"[1, 3, 8]"
159748-8-0-9,/tmp\sound_datasets\urbansound8k\audio/fold9/159748-8-0-9.wav,8,siren,9,"[1, 3, 8]"
39856-5-0-7,/tmp\sound_datasets\urbansound8k\audio/fold9/39856-5-0-7.wav,5,engine_idling,9,"[1, 2, 5]"
137815-4-0-5,/tmp\sound_datasets\urbansound8k\audio/fold9/137815-4-0-5.wav,4,drilling,9,"[2, 4, 4]"
66601-8-0-5,/tmp\sound_datasets\urbansound8k\audio/fold9/66601-8-0-5.wav,8,siren,9,"[1, 3, 8]"
157866-8-0-13,/tmp\sound_datasets\urbansound8k\audio/fold9/157866-8-0-13.wav,8,siren,9,"[1, 3, 8]"
145390-9-0-7,/tmp\sound_datasets\urbansound8k\audio/fold9/145390-9-0-7.wav,9,street_music,9,"[3, 7, 9]"
157866-8-0-12,/tmp\sound_datasets\urbansound8k\audio/fold9/157866-8-0-12.wav,8,siren,9,"[1, 3, 8]"
119449-5-0-6,/tmp\sound_datasets\urbansound8k\audio/fold9/119449-5-0-6.wav,5,engine_idling,9,"[1, 2, 5]"
57105-3-4-4,/tmp\sound_datasets\urbansound8k\audio/fold9/57105-3-4-4.wav,3,dog_bark,9,"[0, 1, 3]"
101729-0-0-1,/tmp\sound_datasets\urbansound8k\audio/fold9/101729-0-0-1.wav,0,air_conditioner,9,"[2, 5, 0]"
66601-8-0-4,/tmp\sound_datasets\urbansound8k\audio/fold9/66601-8-0-4.wav,8,siren,9,"[1, 3, 8]"
59800-3-3-1,/tmp\sound_datasets\urbansound8k\audio/fold9/59800-3-3-1.wav,3,dog_bark,9,"[0, 1, 3]"
137815-4-0-4,/tmp\sound_datasets\urbansound8k\audio/fold9/137815-4-0-4.wav,4,drilling,9,"[2, 4, 4]"
39856-5-0-6,/tmp\sound_datasets\urbansound8k\audio/fold9/39856-5-0-6.wav,5,engine_idling,9,"[1, 2, 5]"
159748-8-0-8,/tmp\sound_datasets\urbansound8k\audio/fold9/159748-8-0-8.wav,8,siren,9,"[1, 3, 8]"
180156-1-2-0,/tmp\sound_datasets\urbansound8k\audio/fold9/180156-1-2-0.wav,1,car_horn,9,"[1, 2, 1]"
81722-3-0-21,/tmp\sound_datasets\urbansound8k\audio/fold9/81722-3-0-21.wav,3,dog_bark,9,"[0, 1, 3]"
7975-3-0-0,/tmp\sound_datasets\urbansound8k\audio/fold9/7975-3-0-0.wav,3,dog_bark,9,"[0, 1, 3]"
79089-0-0-70,/tmp\sound_datasets\urbansound8k\audio/fold9/79089-0-0-70.wav,0,air_conditioner,9,"[2, 5, 0]"
180937-4-1-12,/tmp\sound_datasets\urbansound8k\audio/fold9/180937-4-1-12.wav,4,drilling,9,"[2, 4, 4]"
187378-3-0-7,/tmp\sound_datasets\urbansound8k\audio/fold9/187378-3-0-7.wav,3,dog_bark,9,"[0, 1, 3]"
204067-2-0-30,/tmp\sound_datasets\urbansound8k\audio/fold9/204067-2-0-30.wav,2,children_playing,9,"[0, 0, 2]"
54976-4-1-2,/tmp\sound_datasets\urbansound8k\audio/fold9/54976-4-1-2.wav,4,drilling,9,"[2, 4, 4]"
152570-9-1-63,/tmp\sound_datasets\urbansound8k\audio/fold9/152570-9-1-63.wav,9,street_music,9,"[3, 7, 9]"
105029-7-2-12,/tmp\sound_datasets\urbansound8k\audio/fold9/105029-7-2-12.wav,7,jackhammer,9,"[2, 4, 7]"
79089-0-0-115,/tmp\sound_datasets\urbansound8k\audio/fold9/79089-0-0-115.wav,0,air_conditioner,9,"[2, 5, 0]"
174282-6-2-0,/tmp\sound_datasets\urbansound8k\audio/fold9/174282-6-2-0.wav,6,gun_shot,9,"[2, 6, 6]"
165454-0-0-0,/tmp\sound_datasets\urbansound8k\audio/fold9/165454-0-0-0.wav,0,air_conditioner,9,"[2, 5, 0]"
26185-1-1-0,/tmp\sound_datasets\urbansound8k\audio/fold9/26185-1-1-0.wav,1,car_horn,9,"[1, 2, 1]"
54187-1-0-0,/tmp\sound_datasets\urbansound8k\audio/fold9/54187-1-0-0.wav,1,car_horn,9,"[1, 2, 1]"
99500-2-0-11,/tmp\sound_datasets\urbansound8k\audio/fold9/99500-2-0-11.wav,2,children_playing,9,"[0, 0, 2]"
99500-2-0-39,/tmp\sound_datasets\urbansound8k\audio/fold9/99500-2-0-39.wav,2,children_playing,9,"[0, 0, 2]"
149929-9-1-4,/tmp\sound_datasets\urbansound8k\audio/fold9/149929-9-1-4.wav,9,street_music,9,"[3, 7, 9]"
101729-0-0-14,/tmp\sound_datasets\urbansound8k\audio/fold9/101729-0-0-14.wav,0,air_conditioner,9,"[2, 5, 0]"
159755-8-0-0,/tmp\sound_datasets\urbansound8k\audio/fold9/159755-8-0-0.wav,8,siren,9,"[1, 3, 8]"
14111-4-0-6,/tmp\sound_datasets\urbansound8k\audio/fold9/14111-4-0-6.wav,4,drilling,9,"[2, 4, 4]"
101729-0-0-28,/tmp\sound_datasets\urbansound8k\audio/fold9/101729-0-0-28.wav,0,air_conditioner,9,"[2, 5, 0]"
60935-2-0-14,/tmp\sound_datasets\urbansound8k\audio/fold9/60935-2-0-14.wav,2,children_playing,9,"[0, 0, 2]"
207211-2-0-72,/tmp\sound_datasets\urbansound8k\audio/fold9/207211-2-0-72.wav,2,children_playing,9,"[0, 0, 2]"
110389-3-0-0,/tmp\sound_datasets\urbansound8k\audio/fold9/110389-3-0-0.wav,3,dog_bark,9,"[0, 1, 3]"
157866-8-0-8,/tmp\sound_datasets\urbansound8k\audio/fold9/157866-8-0-8.wav,8,siren,9,"[1, 3, 8]"
13579-2-0-62,/tmp\sound_datasets\urbansound8k\audio/fold9/13579-2-0-62.wav,2,children_playing,9,"[0, 0, 2]"
39856-5-0-21,/tmp\sound_datasets\urbansound8k\audio/fold9/39856-5-0-21.wav,5,engine_idling,9,"[1, 2, 5]"
75743-0-0-18,/tmp\sound_datasets\urbansound8k\audio/fold9/75743-0-0-18.wav,0,air_conditioner,9,"[2, 5, 0]"
54976-4-0-5,/tmp\sound_datasets\urbansound8k\audio/fold9/54976-4-0-5.wav,4,drilling,9,"[2, 4, 4]"
60935-2-0-4,/tmp\sound_datasets\urbansound8k\audio/fold9/60935-2-0-4.wav,2,children_playing,9,"[0, 0, 2]"
192123-2-0-18,/tmp\sound_datasets\urbansound8k\audio/fold9/192123-2-0-18.wav,2,children_playing,9,"[0, 0, 2]"
59037-2-0-6,/tmp\sound_datasets\urbansound8k\audio/fold9/59037-2-0-6.wav,2,children_playing,9,"[0, 0, 2]"
105029-7-2-8,/tmp\sound_datasets\urbansound8k\audio/fold9/105029-7-2-8.wav,7,jackhammer,9,"[2, 4, 7]"
52411-9-0-79,/tmp\sound_datasets\urbansound8k\audio/fold9/52411-9-0-79.wav,9,street_music,9,"[3, 7, 9]"
96921-9-0-18,/tmp\sound_datasets\urbansound8k\audio/fold9/96921-9-0-18.wav,9,street_music,9,"[3, 7, 9]"
180029-4-8-0,/tmp\sound_datasets\urbansound8k\audio/fold9/180029-4-8-0.wav,4,drilling,9,"[2, 4, 4]"
159744-8-0-10,/tmp\sound_datasets\urbansound8k\audio/fold9/159744-8-0-10.wav,8,siren,9,"[1, 3, 8]"
204067-2-0-1,/tmp\sound_datasets\urbansound8k\audio/fold9/204067-2-0-1.wav,2,children_playing,9,"[0, 0, 2]"
161005-2-0-6,/tmp\sound_datasets\urbansound8k\audio/fold9/161005-2-0-6.wav,2,children_playing,9,"[0, 0, 2]"
159744-8-0-11,/tmp\sound_datasets\urbansound8k\audio/fold9/159744-8-0-11.wav,8,siren,9,"[1, 3, 8]"
180937-4-0-20,/tmp\sound_datasets\urbansound8k\audio/fold9/180937-4-0-20.wav,4,drilling,9,"[2, 4, 4]"
149929-9-0-2,/tmp\sound_datasets\urbansound8k\audio/fold9/149929-9-0-2.wav,9,street_music,9,"[3, 7, 9]"
155242-9-0-44,/tmp\sound_datasets\urbansound8k\audio/fold9/155242-9-0-44.wav,9,street_music,9,"[3, 7, 9]"
105029-7-2-9,/tmp\sound_datasets\urbansound8k\audio/fold9/105029-7-2-9.wav,7,jackhammer,9,"[2, 4, 7]"
180156-1-5-0,/tmp\sound_datasets\urbansound8k\audio/fold9/180156-1-5-0.wav,1,car_horn,9,"[1, 2, 1]"
94182-9-0-10,/tmp\sound_datasets\urbansound8k\audio/fold9/94182-9-0-10.wav,9,street_music,9,"[3, 7, 9]"
54976-4-0-4,/tmp\sound_datasets\urbansound8k\audio/fold9/54976-4-0-4.wav,4,drilling,9,"[2, 4, 4]"
159735-2-0-99,/tmp\sound_datasets\urbansound8k\audio/fold9/159735-2-0-99.wav,2,children_playing,9,"[0, 0, 2]"
152570-9-0-0,/tmp\sound_datasets\urbansound8k\audio/fold9/152570-9-0-0.wav,9,street_music,9,"[3, 7, 9]"
180029-4-10-0,/tmp\sound_datasets\urbansound8k\audio/fold9/180029-4-10-0.wav,4,drilling,9,"[2, 4, 4]"
52171-3-3-0,/tmp\sound_datasets\urbansound8k\audio/fold9/52171-3-3-0.wav,3,dog_bark,9,"[0, 1, 3]"
194310-9-0-3,/tmp\sound_datasets\urbansound8k\audio/fold9/194310-9-0-3.wav,9,street_music,9,"[3, 7, 9]"
75743-0-0-19,/tmp\sound_datasets\urbansound8k\audio/fold9/75743-0-0-19.wav,0,air_conditioner,9,"[2, 5, 0]"
157866-8-0-9,/tmp\sound_datasets\urbansound8k\audio/fold9/157866-8-0-9.wav,8,siren,9,"[1, 3, 8]"
39856-5-0-20,/tmp\sound_datasets\urbansound8k\audio/fold9/39856-5-0-20.wav,5,engine_idling,9,"[1, 2, 5]"
180156-1-11-0,/tmp\sound_datasets\urbansound8k\audio/fold9/180156-1-11-0.wav,1,car_horn,9,"[1, 2, 1]"
76640-3-0-0,/tmp\sound_datasets\urbansound8k\audio/fold9/76640-3-0-0.wav,3,dog_bark,9,"[0, 1, 3]"
59037-2-4-3,/tmp\sound_datasets\urbansound8k\audio/fold9/59037-2-4-3.wav,2,children_playing,9,"[0, 0, 2]"
60935-2-0-15,/tmp\sound_datasets\urbansound8k\audio/fold9/60935-2-0-15.wav,2,children_playing,9,"[0, 0, 2]"
101729-0-0-29,/tmp\sound_datasets\urbansound8k\audio/fold9/101729-0-0-29.wav,0,air_conditioner,9,"[2, 5, 0]"
14111-4-0-7,/tmp\sound_datasets\urbansound8k\audio/fold9/14111-4-0-7.wav,4,drilling,9,"[2, 4, 4]"
159755-8-0-1,/tmp\sound_datasets\urbansound8k\audio/fold9/159755-8-0-1.wav,8,siren,9,"[1, 3, 8]"
161005-2-0-27,/tmp\sound_datasets\urbansound8k\audio/fold9/161005-2-0-27.wav,2,children_playing,9,"[0, 0, 2]"
159755-8-0-3,/tmp\sound_datasets\urbansound8k\audio/fold9/159755-8-0-3.wav,8,siren,9,"[1, 3, 8]"
14111-4-0-5,/tmp\sound_datasets\urbansound8k\audio/fold9/14111-4-0-5.wav,4,drilling,9,"[2, 4, 4]"
101729-0-0-17,/tmp\sound_datasets\urbansound8k\audio/fold9/101729-0-0-17.wav,0,air_conditioner,9,"[2, 5, 0]"
61250-3-0-36,/tmp\sound_datasets\urbansound8k\audio/fold9/61250-3-0-36.wav,3,dog_bark,9,"[0, 1, 3]"
161005-2-0-19,/tmp\sound_datasets\urbansound8k\audio/fold9/161005-2-0-19.wav,2,children_playing,9,"[0, 0, 2]"
180029-4-12-0,/tmp\sound_datasets\urbansound8k\audio/fold9/180029-4-12-0.wav,4,drilling,9,"[2, 4, 4]"
106955-6-0-0,/tmp\sound_datasets\urbansound8k\audio/fold9/106955-6-0-0.wav,6,gun_shot,9,"[2, 6, 6]"
168906-9-0-128,/tmp\sound_datasets\urbansound8k\audio/fold9/168906-9-0-128.wav,9,street_music,9,"[3, 7, 9]"
168906-9-0-114,/tmp\sound_datasets\urbansound8k\audio/fold9/168906-9-0-114.wav,9,street_music,9,"[3, 7, 9]"
39856-5-0-22,/tmp\sound_datasets\urbansound8k\audio/fold9/39856-5-0-22.wav,5,engine_idling,9,"[1, 2, 5]"
79089-0-0-28,/tmp\sound_datasets\urbansound8k\audio/fold9/79089-0-0-28.wav,0,air_conditioner,9,"[2, 5, 0]"
94182-9-0-0,/tmp\sound_datasets\urbansound8k\audio/fold9/94182-9-0-0.wav,9,street_music,9,"[3, 7, 9]"
175915-3-1-8,/tmp\sound_datasets\urbansound8k\audio/fold9/175915-3-1-8.wav,3,dog_bark,9,"[0, 1, 3]"
54976-4-0-6,/tmp\sound_datasets\urbansound8k\audio/fold9/54976-4-0-6.wav,4,drilling,9,"[2, 4, 4]"
187378-3-0-12,/tmp\sound_datasets\urbansound8k\audio/fold9/187378-3-0-12.wav,3,dog_bark,9,"[0, 1, 3]"
149929-9-0-0,/tmp\sound_datasets\urbansound8k\audio/fold9/149929-9-0-0.wav,9,street_music,9,"[3, 7, 9]"
52411-9-0-52,/tmp\sound_datasets\urbansound8k\audio/fold9/52411-9-0-52.wav,9,street_music,9,"[3, 7, 9]"
62567-5-0-8,/tmp\sound_datasets\urbansound8k\audio/fold9/62567-5-0-8.wav,5,engine_idling,9,"[1, 2, 5]"
177620-3-0-20,/tmp\sound_datasets\urbansound8k\audio/fold9/177620-3-0-20.wav,3,dog_bark,9,"[0, 1, 3]"
204067-2-0-3,/tmp\sound_datasets\urbansound8k\audio/fold9/204067-2-0-3.wav,2,children_playing,9,"[0, 0, 2]"
159744-8-0-13,/tmp\sound_datasets\urbansound8k\audio/fold9/159744-8-0-13.wav,8,siren,9,"[1, 3, 8]"
180156-1-7-0,/tmp\sound_datasets\urbansound8k\audio/fold9/180156-1-7-0.wav,1,car_horn,9,"[1, 2, 1]"
161005-2-0-4,/tmp\sound_datasets\urbansound8k\audio/fold9/161005-2-0-4.wav,2,children_playing,9,"[0, 0, 2]"
159744-8-0-12,/tmp\sound_datasets\urbansound8k\audio/fold9/159744-8-0-12.wav,8,siren,9,"[1, 3, 8]"
62567-5-0-9,/tmp\sound_datasets\urbansound8k\audio/fold9/62567-5-0-9.wav,5,engine_idling,9,"[1, 2, 5]"
177620-3-0-21,/tmp\sound_datasets\urbansound8k\audio/fold9/177620-3-0-21.wav,3,dog_bark,9,"[0, 1, 3]"
54976-4-0-7,/tmp\sound_datasets\urbansound8k\audio/fold9/54976-4-0-7.wav,4,drilling,9,"[2, 4, 4]"
178118-3-1-0,/tmp\sound_datasets\urbansound8k\audio/fold9/178118-3-1-0.wav,3,dog_bark,9,"[0, 1, 3]"
25038-6-0-0,/tmp\sound_datasets\urbansound8k\audio/fold9/25038-6-0-0.wav,6,gun_shot,9,"[2, 6, 6]"
39856-5-0-23,/tmp\sound_datasets\urbansound8k\audio/fold9/39856-5-0-23.wav,5,engine_idling,9,"[1, 2, 5]"
185374-9-0-60,/tmp\sound_datasets\urbansound8k\audio/fold9/185374-9-0-60.wav,9,street_music,9,"[3, 7, 9]"
18592-5-0-4,/tmp\sound_datasets\urbansound8k\audio/fold9/18592-5-0-4.wav,5,engine_idling,9,"[1, 2, 5]"
13579-2-0-48,/tmp\sound_datasets\urbansound8k\audio/fold9/13579-2-0-48.wav,2,children_playing,9,"[0, 0, 2]"
207211-2-0-58,/tmp\sound_datasets\urbansound8k\audio/fold9/207211-2-0-58.wav,2,children_playing,9,"[0, 0, 2]"
7063-6-0-0,/tmp\sound_datasets\urbansound8k\audio/fold9/7063-6-0-0.wav,6,gun_shot,9,"[2, 6, 6]"
14111-4-0-4,/tmp\sound_datasets\urbansound8k\audio/fold9/14111-4-0-4.wav,4,drilling,9,"[2, 4, 4]"
159755-8-0-2,/tmp\sound_datasets\urbansound8k\audio/fold9/159755-8-0-2.wav,8,siren,9,"[1, 3, 8]"
101729-0-0-16,/tmp\sound_datasets\urbansound8k\audio/fold9/101729-0-0-16.wav,0,air_conditioner,9,"[2, 5, 0]"
75743-0-0-9,/tmp\sound_datasets\urbansound8k\audio/fold9/75743-0-0-9.wav,0,air_conditioner,9,"[2, 5, 0]"
159744-8-0-9,/tmp\sound_datasets\urbansound8k\audio/fold9/159744-8-0-9.wav,8,siren,9,"[1, 3, 8]"
101729-0-0-12,/tmp\sound_datasets\urbansound8k\audio/fold9/101729-0-0-12.wav,0,air_conditioner,9,"[2, 5, 0]"
14111-4-0-0,/tmp\sound_datasets\urbansound8k\audio/fold9/14111-4-0-0.wav,4,drilling,9,"[2, 4, 4]"
180937-4-3-9,/tmp\sound_datasets\urbansound8k\audio/fold9/180937-4-3-9.wav,4,drilling,9,"[2, 4, 4]"
59800-3-2-0,/tmp\sound_datasets\urbansound8k\audio/fold9/59800-3-2-0.wav,3,dog_bark,9,"[0, 1, 3]"
60935-2-0-12,/tmp\sound_datasets\urbansound8k\audio/fold9/60935-2-0-12.wav,2,children_playing,9,"[0, 0, 2]"
18592-5-0-0,/tmp\sound_datasets\urbansound8k\audio/fold9/18592-5-0-0.wav,5,engine_idling,9,"[1, 2, 5]"
99500-2-0-2,/tmp\sound_datasets\urbansound8k\audio/fold9/99500-2-0-2.wav,2,children_playing,9,"[0, 0, 2]"
39856-5-0-27,/tmp\sound_datasets\urbansound8k\audio/fold9/39856-5-0-27.wav,5,engine_idling,9,"[1, 2, 5]"
184449-2-0-19,/tmp\sound_datasets\urbansound8k\audio/fold9/184449-2-0-19.wav,2,children_playing,9,"[0, 0, 2]"
75743-0-0-22,/tmp\sound_datasets\urbansound8k\audio/fold9/75743-0-0-22.wav,0,air_conditioner,9,"[2, 5, 0]"
54976-4-0-3,/tmp\sound_datasets\urbansound8k\audio/fold9/54976-4-0-3.wav,4,drilling,9,"[2, 4, 4]"
192123-2-0-22,/tmp\sound_datasets\urbansound8k\audio/fold9/192123-2-0-22.wav,2,children_playing,9,"[0, 0, 2]"
149929-9-0-5,/tmp\sound_datasets\urbansound8k\audio/fold9/149929-9-0-5.wav,9,street_music,9,"[3, 7, 9]"
148166-6-0-0,/tmp\sound_datasets\urbansound8k\audio/fold9/148166-6-0-0.wav,6,gun_shot,9,"[2, 6, 6]"
174786-2-0-60,/tmp\sound_datasets\urbansound8k\audio/fold9/174786-2-0-60.wav,2,children_playing,9,"[0, 0, 2]"
137815-4-0-10,/tmp\sound_datasets\urbansound8k\audio/fold9/137815-4-0-10.wav,4,drilling,9,"[2, 4, 4]"
177620-3-0-25,/tmp\sound_datasets\urbansound8k\audio/fold9/177620-3-0-25.wav,3,dog_bark,9,"[0, 1, 3]"
165454-0-0-12,/tmp\sound_datasets\urbansound8k\audio/fold9/165454-0-0-12.wav,0,air_conditioner,9,"[2, 5, 0]"
161005-2-0-0,/tmp\sound_datasets\urbansound8k\audio/fold9/161005-2-0-0.wav,2,children_playing,9,"[0, 0, 2]"
174786-2-0-75,/tmp\sound_datasets\urbansound8k\audio/fold9/174786-2-0-75.wav,2,children_playing,9,"[0, 0, 2]"
26185-1-0-0,/tmp\sound_datasets\urbansound8k\audio/fold9/26185-1-0-0.wav,1,car_horn,9,"[1, 2, 1]"
57105-3-1-0,/tmp\sound_datasets\urbansound8k\audio/fold9/57105-3-1-0.wav,3,dog_bark,9,"[0, 1, 3]"
94182-9-0-16,/tmp\sound_datasets\urbansound8k\audio/fold9/94182-9-0-16.wav,9,street_music,9,"[3, 7, 9]"
180029-4-16-0,/tmp\sound_datasets\urbansound8k\audio/fold9/180029-4-16-0.wav,4,drilling,9,"[2, 4, 4]"
192123-2-0-23,/tmp\sound_datasets\urbansound8k\audio/fold9/192123-2-0-23.wav,2,children_playing,9,"[0, 0, 2]"
54976-4-0-2,/tmp\sound_datasets\urbansound8k\audio/fold9/54976-4-0-2.wav,4,drilling,9,"[2, 4, 4]"
75743-0-0-23,/tmp\sound_datasets\urbansound8k\audio/fold9/75743-0-0-23.wav,0,air_conditioner,9,"[2, 5, 0]"
180156-1-3-0,/tmp\sound_datasets\urbansound8k\audio/fold9/180156-1-3-0.wav,1,car_horn,9,"[1, 2, 1]"
184449-2-0-24,/tmp\sound_datasets\urbansound8k\audio/fold9/184449-2-0-24.wav,2,children_playing,9,"[0, 0, 2]"
39856-5-0-26,/tmp\sound_datasets\urbansound8k\audio/fold9/39856-5-0-26.wav,5,engine_idling,9,"[1, 2, 5]"
18592-5-0-1,/tmp\sound_datasets\urbansound8k\audio/fold9/18592-5-0-1.wav,5,engine_idling,9,"[1, 2, 5]"
60935-2-0-13,/tmp\sound_datasets\urbansound8k\audio/fold9/60935-2-0-13.wav,2,children_playing,9,"[0, 0, 2]"
59037-2-4-5,/tmp\sound_datasets\urbansound8k\audio/fold9/59037-2-4-5.wav,2,children_playing,9,"[0, 0, 2]"
101729-0-0-13,/tmp\sound_datasets\urbansound8k\audio/fold9/101729-0-0-13.wav,0,air_conditioner,9,"[2, 5, 0]"
14111-4-0-1,/tmp\sound_datasets\urbansound8k\audio/fold9/14111-4-0-1.wav,4,drilling,9,"[2, 4, 4]"
42953-9-0-28,/tmp\sound_datasets\urbansound8k\audio/fold9/42953-9-0-28.wav,9,street_music,9,"[3, 7, 9]"
159744-8-0-8,/tmp\sound_datasets\urbansound8k\audio/fold9/159744-8-0-8.wav,8,siren,9,"[1, 3, 8]"
75743-0-0-8,/tmp\sound_datasets\urbansound8k\audio/fold9/75743-0-0-8.wav,0,air_conditioner,9,"[2, 5, 0]"
101729-0-0-39,/tmp\sound_datasets\urbansound8k\audio/fold9/101729-0-0-39.wav,0,air_conditioner,9,"[2, 5, 0]"
79584-3-0-8,/tmp\sound_datasets\urbansound8k\audio/fold9/79584-3-0-8.wav,3,dog_bark,9,"[0, 1, 3]"
42953-9-0-16,/tmp\sound_datasets\urbansound8k\audio/fold9/42953-9-0-16.wav,9,street_music,9,"[3, 7, 9]"
13579-2-0-2,/tmp\sound_datasets\urbansound8k\audio/fold9/13579-2-0-2.wav,2,children_playing,9,"[0, 0, 2]"
207211-2-0-88,/tmp\sound_datasets\urbansound8k\audio/fold9/207211-2-0-88.wav,2,children_playing,9,"[0, 0, 2]"
14111-4-0-3,/tmp\sound_datasets\urbansound8k\audio/fold9/14111-4-0-3.wav,4,drilling,9,"[2, 4, 4]"
101729-0-0-11,/tmp\sound_datasets\urbansound8k\audio/fold9/101729-0-0-11.wav,0,air_conditioner,9,"[2, 5, 0]"
180156-1-1-0,/tmp\sound_datasets\urbansound8k\audio/fold9/180156-1-1-0.wav,1,car_horn,9,"[1, 2, 1]"
60935-2-0-11,/tmp\sound_datasets\urbansound8k\audio/fold9/60935-2-0-11.wav,2,children_playing,9,"[0, 0, 2]"
39856-5-0-24,/tmp\sound_datasets\urbansound8k\audio/fold9/39856-5-0-24.wav,5,engine_idling,9,"[1, 2, 5]"
99500-2-0-1,/tmp\sound_datasets\urbansound8k\audio/fold9/99500-2-0-1.wav,2,children_playing,9,"[0, 0, 2]"
155130-1-0-0,/tmp\sound_datasets\urbansound8k\audio/fold9/155130-1-0-0.wav,1,car_horn,9,"[1, 2, 1]"
18592-5-0-3,/tmp\sound_datasets\urbansound8k\audio/fold9/18592-5-0-3.wav,5,engine_idling,9,"[1, 2, 5]"
39856-5-0-18,/tmp\sound_datasets\urbansound8k\audio/fold9/39856-5-0-18.wav,5,engine_idling,9,"[1, 2, 5]"
194310-9-0-7,/tmp\sound_datasets\urbansound8k\audio/fold9/194310-9-0-7.wav,9,street_music,9,"[3, 7, 9]"
75743-0-0-21,/tmp\sound_datasets\urbansound8k\audio/fold9/75743-0-0-21.wav,0,air_conditioner,9,"[2, 5, 0]"
79089-0-0-12,/tmp\sound_datasets\urbansound8k\audio/fold9/79089-0-0-12.wav,0,air_conditioner,9,"[2, 5, 0]"
54976-4-0-0,/tmp\sound_datasets\urbansound8k\audio/fold9/54976-4-0-0.wav,4,drilling,9,"[2, 4, 4]"
159707-6-0-0,/tmp\sound_datasets\urbansound8k\audio/fold9/159707-6-0-0.wav,6,gun_shot,9,"[2, 6, 6]"
50414-4-0-0,/tmp\sound_datasets\urbansound8k\audio/fold9/50414-4-0-0.wav,4,drilling,9,"[2, 4, 4]"
174282-6-1-0,/tmp\sound_datasets\urbansound8k\audio/fold9/174282-6-1-0.wav,6,gun_shot,9,"[2, 6, 6]"
33641-3-9-0,/tmp\sound_datasets\urbansound8k\audio/fold9/33641-3-9-0.wav,3,dog_bark,9,"[0, 1, 3]"
180029-4-14-0,/tmp\sound_datasets\urbansound8k\audio/fold9/180029-4-14-0.wav,4,drilling,9,"[2, 4, 4]"
165454-0-0-10,/tmp\sound_datasets\urbansound8k\audio/fold9/165454-0-0-10.wav,0,air_conditioner,9,"[2, 5, 0]"
165454-0-0-11,/tmp\sound_datasets\urbansound8k\audio/fold9/165454-0-0-11.wav,0,air_conditioner,9,"[2, 5, 0]"
127538-4-1-0,/tmp\sound_datasets\urbansound8k\audio/fold9/127538-4-1-0.wav,4,drilling,9,"[2, 4, 4]"
156200-2-0-0,/tmp\sound_datasets\urbansound8k\audio/fold9/156200-2-0-0.wav,2,children_playing,9,"[0, 0, 2]"
59037-2-2-0,/tmp\sound_datasets\urbansound8k\audio/fold9/59037-2-2-0.wav,2,children_playing,9,"[0, 0, 2]"
58937-4-3-9,/tmp\sound_datasets\urbansound8k\audio/fold9/58937-4-3-9.wav,4,drilling,9,"[2, 4, 4]"
174786-2-0-89,/tmp\sound_datasets\urbansound8k\audio/fold9/174786-2-0-89.wav,2,children_playing,9,"[0, 0, 2]"
180937-4-0-19,/tmp\sound_datasets\urbansound8k\audio/fold9/180937-4-0-19.wav,4,drilling,9,"[2, 4, 4]"
190894-2-0-8,/tmp\sound_datasets\urbansound8k\audio/fold9/190894-2-0-8.wav,2,children_playing,9,"[0, 0, 2]"
50414-4-0-1,/tmp\sound_datasets\urbansound8k\audio/fold9/50414-4-0-1.wav,4,drilling,9,"[2, 4, 4]"
96921-9-0-9,/tmp\sound_datasets\urbansound8k\audio/fold9/96921-9-0-9.wav,9,street_music,9,"[3, 7, 9]"
136399-6-9-0,/tmp\sound_datasets\urbansound8k\audio/fold9/136399-6-9-0.wav,6,gun_shot,9,"[2, 6, 6]"
60935-2-0-0,/tmp\sound_datasets\urbansound8k\audio/fold9/60935-2-0-0.wav,2,children_playing,9,"[0, 0, 2]"
54976-4-0-1,/tmp\sound_datasets\urbansound8k\audio/fold9/54976-4-0-1.wav,4,drilling,9,"[2, 4, 4]"
194310-9-0-73,/tmp\sound_datasets\urbansound8k\audio/fold9/194310-9-0-73.wav,9,street_music,9,"[3, 7, 9]"
75743-0-0-20,/tmp\sound_datasets\urbansound8k\audio/fold9/75743-0-0-20.wav,0,air_conditioner,9,"[2, 5, 0]"
39856-5-0-19,/tmp\sound_datasets\urbansound8k\audio/fold9/39856-5-0-19.wav,5,engine_idling,9,"[1, 2, 5]"
59800-3-0-0,/tmp\sound_datasets\urbansound8k\audio/fold9/59800-3-0-0.wav,3,dog_bark,9,"[0, 1, 3]"
184449-2-0-33,/tmp\sound_datasets\urbansound8k\audio/fold9/184449-2-0-33.wav,2,children_playing,9,"[0, 0, 2]"
18592-5-0-2,/tmp\sound_datasets\urbansound8k\audio/fold9/18592-5-0-2.wav,5,engine_idling,9,"[1, 2, 5]"
39856-5-0-25,/tmp\sound_datasets\urbansound8k\audio/fold9/39856-5-0-25.wav,5,engine_idling,9,"[1, 2, 5]"
171406-9-0-23,/tmp\sound_datasets\urbansound8k\audio/fold9/171406-9-0-23.wav,9,street_music,9,"[3, 7, 9]"
22885-5-0-0,/tmp\sound_datasets\urbansound8k\audio/fold9/22885-5-0-0.wav,5,engine_idling,9,"[1, 2, 5]"
14111-4-0-2,/tmp\sound_datasets\urbansound8k\audio/fold9/14111-4-0-2.wav,4,drilling,9,"[2, 4, 4]"
61250-3-0-31,/tmp\sound_datasets\urbansound8k\audio/fold9/61250-3-0-31.wav,3,dog_bark,9,"[0, 1, 3]"
207211-2-0-89,/tmp\sound_datasets\urbansound8k\audio/fold9/207211-2-0-89.wav,2,children_playing,9,"[0, 0, 2]"
101729-0-0-38,/tmp\sound_datasets\urbansound8k\audio/fold9/101729-0-0-38.wav,0,air_conditioner,9,"[2, 5, 0]"
7965-3-16-0,/tmp\sound_datasets\urbansound8k\audio/fold10/7965-3-16-0.wav,3,dog_bark,10,"[0, 1, 3]"
83195-9-0-11,/tmp\sound_datasets\urbansound8k\audio/fold10/83195-9-0-11.wav,9,street_music,10,"[3, 7, 9]"
189982-0-0-4,/tmp\sound_datasets\urbansound8k\audio/fold10/189982-0-0-4.wav,0,air_conditioner,10,"[2, 5, 0]"
181624-4-7-0,/tmp\sound_datasets\urbansound8k\audio/fold10/181624-4-7-0.wav,4,drilling,10,"[2, 4, 4]"
159742-8-0-12,/tmp\sound_datasets\urbansound8k\audio/fold10/159742-8-0-12.wav,8,siren,10,"[1, 3, 8]"
162134-7-10-0,/tmp\sound_datasets\urbansound8k\audio/fold10/162134-7-10-0.wav,7,jackhammer,10,"[2, 4, 7]"
180127-4-0-12,/tmp\sound_datasets\urbansound8k\audio/fold10/180127-4-0-12.wav,4,drilling,10,"[2, 4, 4]"
197554-2-0-82,/tmp\sound_datasets\urbansound8k\audio/fold10/197554-2-0-82.wav,2,children_playing,10,"[0, 0, 2]"
162134-7-12-2,/tmp\sound_datasets\urbansound8k\audio/fold10/162134-7-12-2.wav,7,jackhammer,10,"[2, 4, 7]"
197554-2-0-69,/tmp\sound_datasets\urbansound8k\audio/fold10/197554-2-0-69.wav,2,children_playing,10,"[0, 0, 2]"
169261-6-0-0,/tmp\sound_datasets\urbansound8k\audio/fold10/169261-6-0-0.wav,6,gun_shot,10,"[2, 6, 6]"
7913-3-3-0,/tmp\sound_datasets\urbansound8k\audio/fold10/7913-3-3-0.wav,3,dog_bark,10,"[0, 1, 3]"
203424-9-0-34,/tmp\sound_datasets\urbansound8k\audio/fold10/203424-9-0-34.wav,9,street_music,10,"[3, 7, 9]"
196127-3-0-4,/tmp\sound_datasets\urbansound8k\audio/fold10/196127-3-0-4.wav,3,dog_bark,10,"[0, 1, 3]"
34050-7-0-0,/tmp\sound_datasets\urbansound8k\audio/fold10/34050-7-0-0.wav,7,jackhammer,10,"[2, 4, 7]"
178402-1-0-0,/tmp\sound_datasets\urbansound8k\audio/fold10/178402-1-0-0.wav,1,car_horn,10,"[1, 2, 1]"
59513-3-0-1,/tmp\sound_datasets\urbansound8k\audio/fold10/59513-3-0-1.wav,3,dog_bark,10,"[0, 1, 3]"
207213-2-0-130,/tmp\sound_datasets\urbansound8k\audio/fold10/207213-2-0-130.wav,2,children_playing,10,"[0, 0, 2]"
136558-9-1-10,/tmp\sound_datasets\urbansound8k\audio/fold10/136558-9-1-10.wav,9,street_music,10,"[3, 7, 9]"
155241-9-0-56,/tmp\sound_datasets\urbansound8k\audio/fold10/155241-9-0-56.wav,9,street_music,10,"[3, 7, 9]"
159742-8-0-1,/tmp\sound_datasets\urbansound8k\audio/fold10/159742-8-0-1.wav,8,siren,10,"[1, 3, 8]"
165166-8-0-8,/tmp\sound_datasets\urbansound8k\audio/fold10/165166-8-0-8.wav,8,siren,10,"[1, 3, 8]"
157207-6-7-0,/tmp\sound_datasets\urbansound8k\audio/fold10/157207-6-7-0.wav,6,gun_shot,10,"[2, 6, 6]"
162134-7-8-1,/tmp\sound_datasets\urbansound8k\audio/fold10/162134-7-8-1.wav,7,jackhammer,10,"[2, 4, 7]"
129750-2-0-36,/tmp\sound_datasets\urbansound8k\audio/fold10/129750-2-0-36.wav,2,children_playing,10,"[0, 0, 2]"
83502-0-0-11,/tmp\sound_datasets\urbansound8k\audio/fold10/83502-0-0-11.wav,0,air_conditioner,10,"[2, 5, 0]"
77901-9-0-7,/tmp\sound_datasets\urbansound8k\audio/fold10/77901-9-0-7.wav,9,street_music,10,"[3, 7, 9]"
84249-9-0-8,/tmp\sound_datasets\urbansound8k\audio/fold10/84249-9-0-8.wav,9,street_music,10,"[3, 7, 9]"
77927-3-0-1,/tmp\sound_datasets\urbansound8k\audio/fold10/77927-3-0-1.wav,3,dog_bark,10,"[0, 1, 3]"
100795-3-1-0,/tmp\sound_datasets\urbansound8k\audio/fold10/100795-3-1-0.wav,3,dog_bark,10,"[0, 1, 3]"
174292-6-0-0,/tmp\sound_datasets\urbansound8k\audio/fold10/174292-6-0-0.wav,6,gun_shot,10,"[2, 6, 6]"
202334-9-0-202,/tmp\sound_datasets\urbansound8k\audio/fold10/202334-9-0-202.wav,9,street_music,10,"[3, 7, 9]"
188813-7-11-0,/tmp\sound_datasets\urbansound8k\audio/fold10/188813-7-11-0.wav,7,jackhammer,10,"[2, 4, 7]"
102103-3-1-0,/tmp\sound_datasets\urbansound8k\audio/fold10/102103-3-1-0.wav,3,dog_bark,10,"[0, 1, 3]"
155280-2-0-3,/tmp\sound_datasets\urbansound8k\audio/fold10/155280-2-0-3.wav,2,children_playing,10,"[0, 0, 2]"
167750-4-3-0,/tmp\sound_datasets\urbansound8k\audio/fold10/167750-4-3-0.wav,4,drilling,10,"[2, 4, 4]"
188813-7-11-1,/tmp\sound_datasets\urbansound8k\audio/fold10/188813-7-11-1.wav,7,jackhammer,10,"[2, 4, 7]"
100795-3-1-1,/tmp\sound_datasets\urbansound8k\audio/fold10/100795-3-1-1.wav,3,dog_bark,10,"[0, 1, 3]"
77927-3-0-0,/tmp\sound_datasets\urbansound8k\audio/fold10/77927-3-0-0.wav,3,dog_bark,10,"[0, 1, 3]"
77901-9-0-6,/tmp\sound_datasets\urbansound8k\audio/fold10/77901-9-0-6.wav,9,street_music,10,"[3, 7, 9]"
83502-0-0-10,/tmp\sound_datasets\urbansound8k\audio/fold10/83502-0-0-10.wav,0,air_conditioner,10,"[2, 5, 0]"
197554-2-0-3,/tmp\sound_datasets\urbansound8k\audio/fold10/197554-2-0-3.wav,2,children_playing,10,"[0, 0, 2]"
129750-2-0-37,/tmp\sound_datasets\urbansound8k\audio/fold10/129750-2-0-37.wav,2,children_playing,10,"[0, 0, 2]"
162134-7-8-0,/tmp\sound_datasets\urbansound8k\audio/fold10/162134-7-8-0.wav,7,jackhammer,10,"[2, 4, 7]"
159742-8-0-0,/tmp\sound_datasets\urbansound8k\audio/fold10/159742-8-0-0.wav,8,siren,10,"[1, 3, 8]"
188497-2-0-23,/tmp\sound_datasets\urbansound8k\audio/fold10/188497-2-0-23.wav,2,children_playing,10,"[0, 0, 2]"
136558-9-1-39,/tmp\sound_datasets\urbansound8k\audio/fold10/136558-9-1-39.wav,9,street_music,10,"[3, 7, 9]"
59513-3-0-0,/tmp\sound_datasets\urbansound8k\audio/fold10/59513-3-0-0.wav,3,dog_bark,10,"[0, 1, 3]"
147491-9-2-32,/tmp\sound_datasets\urbansound8k\audio/fold10/147491-9-2-32.wav,9,street_music,10,"[3, 7, 9]"
162134-7-12-3,/tmp\sound_datasets\urbansound8k\audio/fold10/162134-7-12-3.wav,7,jackhammer,10,"[2, 4, 7]"
196084-2-0-2,/tmp\sound_datasets\urbansound8k\audio/fold10/196084-2-0-2.wav,2,children_playing,10,"[0, 0, 2]"
180127-4-0-13,/tmp\sound_datasets\urbansound8k\audio/fold10/180127-4-0-13.wav,4,drilling,10,"[2, 4, 4]"
162134-7-10-1,/tmp\sound_datasets\urbansound8k\audio/fold10/162134-7-10-1.wav,7,jackhammer,10,"[2, 4, 7]"
159742-8-0-13,/tmp\sound_datasets\urbansound8k\audio/fold10/159742-8-0-13.wav,8,siren,10,"[1, 3, 8]"
155262-2-0-101,/tmp\sound_datasets\urbansound8k\audio/fold10/155262-2-0-101.wav,2,children_playing,10,"[0, 0, 2]"
189982-0-0-7,/tmp\sound_datasets\urbansound8k\audio/fold10/189982-0-0-7.wav,0,air_conditioner,10,"[2, 5, 0]"
180127-4-0-11,/tmp\sound_datasets\urbansound8k\audio/fold10/180127-4-0-11.wav,4,drilling,10,"[2, 4, 4]"
159742-8-0-11,/tmp\sound_datasets\urbansound8k\audio/fold10/159742-8-0-11.wav,8,siren,10,"[1, 3, 8]"
162134-7-10-3,/tmp\sound_datasets\urbansound8k\audio/fold10/162134-7-10-3.wav,7,jackhammer,10,"[2, 4, 7]"
101382-2-0-29,/tmp\sound_datasets\urbansound8k\audio/fold10/101382-2-0-29.wav,2,children_playing,10,"[0, 0, 2]"
74364-8-1-9,/tmp\sound_datasets\urbansound8k\audio/fold10/74364-8-1-9.wav,8,siren,10,"[1, 3, 8]"
25037-6-1-0,/tmp\sound_datasets\urbansound8k\audio/fold10/25037-6-1-0.wav,6,gun_shot,10,"[2, 6, 6]"
196084-2-0-0,/tmp\sound_datasets\urbansound8k\audio/fold10/196084-2-0-0.wav,2,children_playing,10,"[0, 0, 2]"
162134-7-12-1,/tmp\sound_datasets\urbansound8k\audio/fold10/162134-7-12-1.wav,7,jackhammer,10,"[2, 4, 7]"
51024-3-0-23,/tmp\sound_datasets\urbansound8k\audio/fold10/51024-3-0-23.wav,3,dog_bark,10,"[0, 1, 3]"
73524-0-0-137,/tmp\sound_datasets\urbansound8k\audio/fold10/73524-0-0-137.wav,0,air_conditioner,10,"[2, 5, 0]"
171478-9-0-38,/tmp\sound_datasets\urbansound8k\audio/fold10/171478-9-0-38.wav,9,street_music,10,"[3, 7, 9]"
155241-9-0-69,/tmp\sound_datasets\urbansound8k\audio/fold10/155241-9-0-69.wav,9,street_music,10,"[3, 7, 9]"
159742-8-0-2,/tmp\sound_datasets\urbansound8k\audio/fold10/159742-8-0-2.wav,8,siren,10,"[1, 3, 8]"
115241-9-0-20,/tmp\sound_datasets\urbansound8k\audio/fold10/115241-9-0-20.wav,9,street_music,10,"[3, 7, 9]"
162134-7-8-2,/tmp\sound_datasets\urbansound8k\audio/fold10/162134-7-8-2.wav,7,jackhammer,10,"[2, 4, 7]"
54086-1-1-0,/tmp\sound_datasets\urbansound8k\audio/fold10/54086-1-1-0.wav,1,car_horn,10,"[1, 2, 1]"
77901-9-0-4,/tmp\sound_datasets\urbansound8k\audio/fold10/77901-9-0-4.wav,9,street_music,10,"[3, 7, 9]"
83502-0-0-12,/tmp\sound_datasets\urbansound8k\audio/fold10/83502-0-0-12.wav,0,air_conditioner,10,"[2, 5, 0]"
77927-3-0-2,/tmp\sound_datasets\urbansound8k\audio/fold10/77927-3-0-2.wav,3,dog_bark,10,"[0, 1, 3]"
100795-3-1-2,/tmp\sound_datasets\urbansound8k\audio/fold10/100795-3-1-2.wav,3,dog_bark,10,"[0, 1, 3]"
83502-0-0-13,/tmp\sound_datasets\urbansound8k\audio/fold10/83502-0-0-13.wav,0,air_conditioner,10,"[2, 5, 0]"
141240-5-0-0,/tmp\sound_datasets\urbansound8k\audio/fold10/141240-5-0-0.wav,5,engine_idling,10,"[1, 2, 5]"
14470-2-0-14,/tmp\sound_datasets\urbansound8k\audio/fold10/14470-2-0-14.wav,2,children_playing,10,"[0, 0, 2]"
34050-7-2-0,/tmp\sound_datasets\urbansound8k\audio/fold10/34050-7-2-0.wav,7,jackhammer,10,"[2, 4, 7]"
129750-2-0-34,/tmp\sound_datasets\urbansound8k\audio/fold10/129750-2-0-34.wav,2,children_playing,10,"[0, 0, 2]"
162134-7-8-3,/tmp\sound_datasets\urbansound8k\audio/fold10/162134-7-8-3.wav,7,jackhammer,10,"[2, 4, 7]"
188813-7-13-0,/tmp\sound_datasets\urbansound8k\audio/fold10/188813-7-13-0.wav,7,jackhammer,10,"[2, 4, 7]"
159742-8-0-3,/tmp\sound_datasets\urbansound8k\audio/fold10/159742-8-0-3.wav,8,siren,10,"[1, 3, 8]"
167750-4-1-0,/tmp\sound_datasets\urbansound8k\audio/fold10/167750-4-1-0.wav,4,drilling,10,"[2, 4, 4]"
174292-6-2-0,/tmp\sound_datasets\urbansound8k\audio/fold10/174292-6-2-0.wav,6,gun_shot,10,"[2, 6, 6]"
157207-6-5-0,/tmp\sound_datasets\urbansound8k\audio/fold10/157207-6-5-0.wav,6,gun_shot,10,"[2, 6, 6]"
59513-3-0-3,/tmp\sound_datasets\urbansound8k\audio/fold10/59513-3-0-3.wav,3,dog_bark,10,"[0, 1, 3]"
200460-6-4-0,/tmp\sound_datasets\urbansound8k\audio/fold10/200460-6-4-0.wav,6,gun_shot,10,"[2, 6, 6]"
147491-9-2-25,/tmp\sound_datasets\urbansound8k\audio/fold10/147491-9-2-25.wav,9,street_music,10,"[3, 7, 9]"
196084-2-0-1,/tmp\sound_datasets\urbansound8k\audio/fold10/196084-2-0-1.wav,2,children_playing,10,"[0, 0, 2]"
162134-7-12-0,/tmp\sound_datasets\urbansound8k\audio/fold10/162134-7-12-0.wav,7,jackhammer,10,"[2, 4, 7]"
155280-2-0-15,/tmp\sound_datasets\urbansound8k\audio/fold10/155280-2-0-15.wav,2,children_playing,10,"[0, 0, 2]"
181624-4-5-0,/tmp\sound_datasets\urbansound8k\audio/fold10/181624-4-5-0.wav,4,drilling,10,"[2, 4, 4]"
181624-4-10-0,/tmp\sound_datasets\urbansound8k\audio/fold10/181624-4-10-0.wav,4,drilling,10,"[2, 4, 4]"
74364-8-1-8,/tmp\sound_datasets\urbansound8k\audio/fold10/74364-8-1-8.wav,8,siren,10,"[1, 3, 8]"
162134-7-10-2,/tmp\sound_datasets\urbansound8k\audio/fold10/162134-7-10-2.wav,7,jackhammer,10,"[2, 4, 7]"
159742-8-0-10,/tmp\sound_datasets\urbansound8k\audio/fold10/159742-8-0-10.wav,8,siren,10,"[1, 3, 8]"
7913-3-1-0,/tmp\sound_datasets\urbansound8k\audio/fold10/7913-3-1-0.wav,3,dog_bark,10,"[0, 1, 3]"
180127-4-0-10,/tmp\sound_datasets\urbansound8k\audio/fold10/180127-4-0-10.wav,4,drilling,10,"[2, 4, 4]"
189982-0-0-6,/tmp\sound_datasets\urbansound8k\audio/fold10/189982-0-0-6.wav,0,air_conditioner,10,"[2, 5, 0]"
189982-0-0-2,/tmp\sound_datasets\urbansound8k\audio/fold10/189982-0-0-2.wav,0,air_conditioner,10,"[2, 5, 0]"
26255-3-8-0,/tmp\sound_datasets\urbansound8k\audio/fold10/26255-3-8-0.wav,3,dog_bark,10,"[0, 1, 3]"
157207-6-1-0,/tmp\sound_datasets\urbansound8k\audio/fold10/157207-6-1-0.wav,6,gun_shot,10,"[2, 6, 6]"
26344-4-0-0,/tmp\sound_datasets\urbansound8k\audio/fold10/26344-4-0-0.wav,4,drilling,10,"[2, 4, 4]"
200460-6-0-0,/tmp\sound_datasets\urbansound8k\audio/fold10/200460-6-0-0.wav,6,gun_shot,10,"[2, 6, 6]"
101382-2-0-10,/tmp\sound_datasets\urbansound8k\audio/fold10/101382-2-0-10.wav,2,children_playing,10,"[0, 0, 2]"
180127-4-0-14,/tmp\sound_datasets\urbansound8k\audio/fold10/180127-4-0-14.wav,4,drilling,10,"[2, 4, 4]"
159742-8-0-14,/tmp\sound_datasets\urbansound8k\audio/fold10/159742-8-0-14.wav,8,siren,10,"[1, 3, 8]"
155280-2-0-11,/tmp\sound_datasets\urbansound8k\audio/fold10/155280-2-0-11.wav,2,children_playing,10,"[0, 0, 2]"
39847-5-0-10,/tmp\sound_datasets\urbansound8k\audio/fold10/39847-5-0-10.wav,5,engine_idling,10,"[1, 2, 5]"
34050-7-6-0,/tmp\sound_datasets\urbansound8k\audio/fold10/34050-7-6-0.wav,7,jackhammer,10,"[2, 4, 7]"
2937-1-0-0,/tmp\sound_datasets\urbansound8k\audio/fold10/2937-1-0-0.wav,1,car_horn,10,"[1, 2, 1]"
203424-9-0-26,/tmp\sound_datasets\urbansound8k\audio/fold10/203424-9-0-26.wav,9,street_music,10,"[3, 7, 9]"
162134-7-12-4,/tmp\sound_datasets\urbansound8k\audio/fold10/162134-7-12-4.wav,7,jackhammer,10,"[2, 4, 7]"
73524-0-0-126,/tmp\sound_datasets\urbansound8k\audio/fold10/73524-0-0-126.wav,0,air_conditioner,10,"[2, 5, 0]"
93567-8-0-18,/tmp\sound_datasets\urbansound8k\audio/fold10/93567-8-0-18.wav,8,siren,10,"[1, 3, 8]"
28808-1-1-1,/tmp\sound_datasets\urbansound8k\audio/fold10/28808-1-1-1.wav,1,car_horn,10,"[1, 2, 1]"
178826-2-0-20,/tmp\sound_datasets\urbansound8k\audio/fold10/178826-2-0-20.wav,2,children_playing,10,"[0, 0, 2]"
159742-8-0-7,/tmp\sound_datasets\urbansound8k\audio/fold10/159742-8-0-7.wav,8,siren,10,"[1, 3, 8]"
162134-7-14-2,/tmp\sound_datasets\urbansound8k\audio/fold10/162134-7-14-2.wav,7,jackhammer,10,"[2, 4, 7]"
155241-9-0-50,/tmp\sound_datasets\urbansound8k\audio/fold10/155241-9-0-50.wav,9,street_music,10,"[3, 7, 9]"
35628-3-0-0,/tmp\sound_datasets\urbansound8k\audio/fold10/35628-3-0-0.wav,3,dog_bark,10,"[0, 1, 3]"
138017-9-0-9,/tmp\sound_datasets\urbansound8k\audio/fold10/138017-9-0-9.wav,9,street_music,10,"[3, 7, 9]"
77901-9-0-1,/tmp\sound_datasets\urbansound8k\audio/fold10/77901-9-0-1.wav,9,street_music,10,"[3, 7, 9]"
118278-4-0-11,/tmp\sound_datasets\urbansound8k\audio/fold10/118278-4-0-11.wav,4,drilling,10,"[2, 4, 4]"
181624-4-1-0,/tmp\sound_datasets\urbansound8k\audio/fold10/181624-4-1-0.wav,4,drilling,10,"[2, 4, 4]"
162134-7-8-7,/tmp\sound_datasets\urbansound8k\audio/fold10/162134-7-8-7.wav,7,jackhammer,10,"[2, 4, 7]"
24076-1-0-0,/tmp\sound_datasets\urbansound8k\audio/fold10/24076-1-0-0.wav,1,car_horn,10,"[1, 2, 1]"
14470-2-0-10,/tmp\sound_datasets\urbansound8k\audio/fold10/14470-2-0-10.wav,2,children_playing,10,"[0, 0, 2]"
155280-2-0-5,/tmp\sound_datasets\urbansound8k\audio/fold10/155280-2-0-5.wav,2,children_playing,10,"[0, 0, 2]"
162134-7-16-0,/tmp\sound_datasets\urbansound8k\audio/fold10/162134-7-16-0.wav,7,jackhammer,10,"[2, 4, 7]"
99192-4-0-49,/tmp\sound_datasets\urbansound8k\audio/fold10/99192-4-0-49.wav,4,drilling,10,"[2, 4, 4]"
99192-4-0-48,/tmp\sound_datasets\urbansound8k\audio/fold10/99192-4-0-48.wav,4,drilling,10,"[2, 4, 4]"
162134-7-16-1,/tmp\sound_datasets\urbansound8k\audio/fold10/162134-7-16-1.wav,7,jackhammer,10,"[2, 4, 7]"
159709-6-0-0,/tmp\sound_datasets\urbansound8k\audio/fold10/159709-6-0-0.wav,6,gun_shot,10,"[2, 6, 6]"
162134-7-8-6,/tmp\sound_datasets\urbansound8k\audio/fold10/162134-7-8-6.wav,7,jackhammer,10,"[2, 4, 7]"
118278-4-0-10,/tmp\sound_datasets\urbansound8k\audio/fold10/118278-4-0-10.wav,4,drilling,10,"[2, 4, 4]"
77901-9-0-0,/tmp\sound_datasets\urbansound8k\audio/fold10/77901-9-0-0.wav,9,street_music,10,"[3, 7, 9]"
171478-9-0-28,/tmp\sound_datasets\urbansound8k\audio/fold10/171478-9-0-28.wav,9,street_music,10,"[3, 7, 9]"
188497-2-0-19,/tmp\sound_datasets\urbansound8k\audio/fold10/188497-2-0-19.wav,2,children_playing,10,"[0, 0, 2]"
155241-9-0-79,/tmp\sound_datasets\urbansound8k\audio/fold10/155241-9-0-79.wav,9,street_music,10,"[3, 7, 9]"
159742-8-0-6,/tmp\sound_datasets\urbansound8k\audio/fold10/159742-8-0-6.wav,8,siren,10,"[1, 3, 8]"
26255-3-13-1,/tmp\sound_datasets\urbansound8k\audio/fold10/26255-3-13-1.wav,3,dog_bark,10,"[0, 1, 3]"
28808-1-1-0,/tmp\sound_datasets\urbansound8k\audio/fold10/28808-1-1-0.wav,1,car_horn,10,"[1, 2, 1]"
93567-8-0-19,/tmp\sound_datasets\urbansound8k\audio/fold10/93567-8-0-19.wav,8,siren,10,"[1, 3, 8]"
73524-0-0-133,/tmp\sound_datasets\urbansound8k\audio/fold10/73524-0-0-133.wav,0,air_conditioner,10,"[2, 5, 0]"
103438-5-0-2,/tmp\sound_datasets\urbansound8k\audio/fold10/103438-5-0-2.wav,5,engine_idling,10,"[1, 2, 5]"
73524-0-0-127,/tmp\sound_datasets\urbansound8k\audio/fold10/73524-0-0-127.wav,0,air_conditioner,10,"[2, 5, 0]"
23218-5-0-0,/tmp\sound_datasets\urbansound8k\audio/fold10/23218-5-0-0.wav,5,engine_idling,10,"[1, 2, 5]"
39847-5-1-0,/tmp\sound_datasets\urbansound8k\audio/fold10/39847-5-1-0.wav,5,engine_idling,10,"[1, 2, 5]"
196127-3-0-3,/tmp\sound_datasets\urbansound8k\audio/fold10/196127-3-0-3.wav,3,dog_bark,10,"[0, 1, 3]"
39847-5-0-11,/tmp\sound_datasets\urbansound8k\audio/fold10/39847-5-0-11.wav,5,engine_idling,10,"[1, 2, 5]"
155280-2-0-10,/tmp\sound_datasets\urbansound8k\audio/fold10/155280-2-0-10.wav,2,children_playing,10,"[0, 0, 2]"
162148-3-0-0,/tmp\sound_datasets\urbansound8k\audio/fold10/162148-3-0-0.wav,3,dog_bark,10,"[0, 1, 3]"
180127-4-0-15,/tmp\sound_datasets\urbansound8k\audio/fold10/180127-4-0-15.wav,4,drilling,10,"[2, 4, 4]"
189982-0-0-3,/tmp\sound_datasets\urbansound8k\audio/fold10/189982-0-0-3.wav,0,air_conditioner,10,"[2, 5, 0]"
85665-3-0-0,/tmp\sound_datasets\urbansound8k\audio/fold10/85665-3-0-0.wav,3,dog_bark,10,"[0, 1, 3]"
83195-9-0-14,/tmp\sound_datasets\urbansound8k\audio/fold10/83195-9-0-14.wav,9,street_music,10,"[3, 7, 9]"
180127-4-0-17,/tmp\sound_datasets\urbansound8k\audio/fold10/180127-4-0-17.wav,4,drilling,10,"[2, 4, 4]"
51024-3-0-3,/tmp\sound_datasets\urbansound8k\audio/fold10/51024-3-0-3.wav,3,dog_bark,10,"[0, 1, 3]"
196127-3-0-1,/tmp\sound_datasets\urbansound8k\audio/fold10/196127-3-0-1.wav,3,dog_bark,10,"[0, 1, 3]"
103438-5-0-0,/tmp\sound_datasets\urbansound8k\audio/fold10/103438-5-0-0.wav,5,engine_idling,10,"[1, 2, 5]"
207213-2-0-109,/tmp\sound_datasets\urbansound8k\audio/fold10/207213-2-0-109.wav,2,children_playing,10,"[0, 0, 2]"
59513-3-0-4,/tmp\sound_datasets\urbansound8k\audio/fold10/59513-3-0-4.wav,3,dog_bark,10,"[0, 1, 3]"
159742-8-0-4,/tmp\sound_datasets\urbansound8k\audio/fold10/159742-8-0-4.wav,8,siren,10,"[1, 3, 8]"
162134-7-14-1,/tmp\sound_datasets\urbansound8k\audio/fold10/162134-7-14-1.wav,7,jackhammer,10,"[2, 4, 7]"
118278-4-0-12,/tmp\sound_datasets\urbansound8k\audio/fold10/118278-4-0-12.wav,4,drilling,10,"[2, 4, 4]"
77901-9-0-2,/tmp\sound_datasets\urbansound8k\audio/fold10/77901-9-0-2.wav,9,street_music,10,"[3, 7, 9]"
162134-7-8-4,/tmp\sound_datasets\urbansound8k\audio/fold10/162134-7-8-4.wav,7,jackhammer,10,"[2, 4, 7]"
188813-7-8-0,/tmp\sound_datasets\urbansound8k\audio/fold10/188813-7-8-0.wav,7,jackhammer,10,"[2, 4, 7]"
155280-2-0-6,/tmp\sound_datasets\urbansound8k\audio/fold10/155280-2-0-6.wav,2,children_playing,10,"[0, 0, 2]"
155280-2-0-7,/tmp\sound_datasets\urbansound8k\audio/fold10/155280-2-0-7.wav,2,children_playing,10,"[0, 0, 2]"
17486-3-1-0,/tmp\sound_datasets\urbansound8k\audio/fold10/17486-3-1-0.wav,3,dog_bark,10,"[0, 1, 3]"
162134-7-8-5,/tmp\sound_datasets\urbansound8k\audio/fold10/162134-7-8-5.wav,7,jackhammer,10,"[2, 4, 7]"
77901-9-0-3,/tmp\sound_datasets\urbansound8k\audio/fold10/77901-9-0-3.wav,9,street_music,10,"[3, 7, 9]"
118278-4-0-13,/tmp\sound_datasets\urbansound8k\audio/fold10/118278-4-0-13.wav,4,drilling,10,"[2, 4, 4]"
162134-7-14-0,/tmp\sound_datasets\urbansound8k\audio/fold10/162134-7-14-0.wav,7,jackhammer,10,"[2, 4, 7]"
159742-8-0-5,/tmp\sound_datasets\urbansound8k\audio/fold10/159742-8-0-5.wav,8,siren,10,"[1, 3, 8]"
207213-2-0-134,/tmp\sound_datasets\urbansound8k\audio/fold10/207213-2-0-134.wav,2,children_playing,10,"[0, 0, 2]"
103438-5-0-1,/tmp\sound_datasets\urbansound8k\audio/fold10/103438-5-0-1.wav,5,engine_idling,10,"[1, 2, 5]"
181624-4-3-0,/tmp\sound_datasets\urbansound8k\audio/fold10/181624-4-3-0.wav,4,drilling,10,"[2, 4, 4]"
164377-9-1-15,/tmp\sound_datasets\urbansound8k\audio/fold10/164377-9-1-15.wav,9,street_music,10,"[3, 7, 9]"
196127-3-0-0,/tmp\sound_datasets\urbansound8k\audio/fold10/196127-3-0-0.wav,3,dog_bark,10,"[0, 1, 3]"
203424-9-0-18,/tmp\sound_datasets\urbansound8k\audio/fold10/203424-9-0-18.wav,9,street_music,10,"[3, 7, 9]"
157207-6-3-0,/tmp\sound_datasets\urbansound8k\audio/fold10/157207-6-3-0.wav,6,gun_shot,10,"[2, 6, 6]"
51024-3-0-2,/tmp\sound_datasets\urbansound8k\audio/fold10/51024-3-0-2.wav,3,dog_bark,10,"[0, 1, 3]"
200460-6-2-0,/tmp\sound_datasets\urbansound8k\audio/fold10/200460-6-2-0.wav,6,gun_shot,10,"[2, 6, 6]"
39847-5-0-12,/tmp\sound_datasets\urbansound8k\audio/fold10/39847-5-0-12.wav,5,engine_idling,10,"[1, 2, 5]"
155280-2-0-13,/tmp\sound_datasets\urbansound8k\audio/fold10/155280-2-0-13.wav,2,children_playing,10,"[0, 0, 2]"
180127-4-0-16,/tmp\sound_datasets\urbansound8k\audio/fold10/180127-4-0-16.wav,4,drilling,10,"[2, 4, 4]"
101382-2-0-12,/tmp\sound_datasets\urbansound8k\audio/fold10/101382-2-0-12.wav,2,children_playing,10,"[0, 0, 2]"
34050-7-4-0,/tmp\sound_datasets\urbansound8k\audio/fold10/34050-7-4-0.wav,7,jackhammer,10,"[2, 4, 7]"
162134-7-9-2,/tmp\sound_datasets\urbansound8k\audio/fold10/162134-7-9-2.wav,7,jackhammer,10,"[2, 4, 7]"
54086-1-0-0,/tmp\sound_datasets\urbansound8k\audio/fold10/54086-1-0-0.wav,1,car_horn,10,"[1, 2, 1]"
128470-3-0-5,/tmp\sound_datasets\urbansound8k\audio/fold10/128470-3-0-5.wav,3,dog_bark,10,"[0, 1, 3]"
106014-5-0-0,/tmp\sound_datasets\urbansound8k\audio/fold10/106014-5-0-0.wav,5,engine_idling,10,"[1, 2, 5]"
188813-7-10-3,/tmp\sound_datasets\urbansound8k\audio/fold10/188813-7-10-3.wav,7,jackhammer,10,"[2, 4, 7]"
189985-0-0-3,/tmp\sound_datasets\urbansound8k\audio/fold10/189985-0-0-3.wav,0,air_conditioner,10,"[2, 5, 0]"
15544-5-0-17,/tmp\sound_datasets\urbansound8k\audio/fold10/15544-5-0-17.wav,5,engine_idling,10,"[1, 2, 5]"
189982-0-0-38,/tmp\sound_datasets\urbansound8k\audio/fold10/189982-0-0-38.wav,0,air_conditioner,10,"[2, 5, 0]"
28808-1-0-4,/tmp\sound_datasets\urbansound8k\audio/fold10/28808-1-0-4.wav,1,car_horn,10,"[1, 2, 1]"
93567-8-0-5,/tmp\sound_datasets\urbansound8k\audio/fold10/93567-8-0-5.wav,8,siren,10,"[1, 3, 8]"
209672-3-8-0,/tmp\sound_datasets\urbansound8k\audio/fold10/209672-3-8-0.wav,3,dog_bark,10,"[0, 1, 3]"
118278-4-0-6,/tmp\sound_datasets\urbansound8k\audio/fold10/118278-4-0-6.wav,4,drilling,10,"[2, 4, 4]"
138017-9-1-10,/tmp\sound_datasets\urbansound8k\audio/fold10/138017-9-1-10.wav,9,street_music,10,"[3, 7, 9]"
25037-6-0-0,/tmp\sound_datasets\urbansound8k\audio/fold10/25037-6-0-0.wav,6,gun_shot,10,"[2, 6, 6]"
73524-0-0-99,/tmp\sound_datasets\urbansound8k\audio/fold10/73524-0-0-99.wav,0,air_conditioner,10,"[2, 5, 0]"
187863-4-0-0,/tmp\sound_datasets\urbansound8k\audio/fold10/187863-4-0-0.wav,4,drilling,10,"[2, 4, 4]"
187110-2-0-10,/tmp\sound_datasets\urbansound8k\audio/fold10/187110-2-0-10.wav,2,children_playing,10,"[0, 0, 2]"
83502-0-0-9,/tmp\sound_datasets\urbansound8k\audio/fold10/83502-0-0-9.wav,0,air_conditioner,10,"[2, 5, 0]"
30344-3-0-4,/tmp\sound_datasets\urbansound8k\audio/fold10/30344-3-0-4.wav,3,dog_bark,10,"[0, 1, 3]"
102857-5-0-30,/tmp\sound_datasets\urbansound8k\audio/fold10/102857-5-0-30.wav,5,engine_idling,10,"[1, 2, 5]"
39847-5-0-4,/tmp\sound_datasets\urbansound8k\audio/fold10/39847-5-0-4.wav,5,engine_idling,10,"[1, 2, 5]"
102857-5-0-4,/tmp\sound_datasets\urbansound8k\audio/fold10/102857-5-0-4.wav,5,engine_idling,10,"[1, 2, 5]"
162134-7-13-1,/tmp\sound_datasets\urbansound8k\audio/fold10/162134-7-13-1.wav,7,jackhammer,10,"[2, 4, 7]"
171478-9-0-58,/tmp\sound_datasets\urbansound8k\audio/fold10/171478-9-0-58.wav,9,street_music,10,"[3, 7, 9]"
102857-5-0-24,/tmp\sound_datasets\urbansound8k\audio/fold10/102857-5-0-24.wav,5,engine_idling,10,"[1, 2, 5]"
74364-8-1-22,/tmp\sound_datasets\urbansound8k\audio/fold10/74364-8-1-22.wav,8,siren,10,"[1, 3, 8]"
102857-5-0-18,/tmp\sound_datasets\urbansound8k\audio/fold10/102857-5-0-18.wav,5,engine_idling,10,"[1, 2, 5]"
207213-2-0-52,/tmp\sound_datasets\urbansound8k\audio/fold10/207213-2-0-52.wav,2,children_playing,10,"[0, 0, 2]"
187110-2-0-1,/tmp\sound_datasets\urbansound8k\audio/fold10/187110-2-0-1.wav,2,children_playing,10,"[0, 0, 2]"
180127-4-0-6,/tmp\sound_datasets\urbansound8k\audio/fold10/180127-4-0-6.wav,4,drilling,10,"[2, 4, 4]"
167464-0-0-13,/tmp\sound_datasets\urbansound8k\audio/fold10/167464-0-0-13.wav,0,air_conditioner,10,"[2, 5, 0]"
99192-4-0-38,/tmp\sound_datasets\urbansound8k\audio/fold10/99192-4-0-38.wav,4,drilling,10,"[2, 4, 4]"
162134-7-11-3,/tmp\sound_datasets\urbansound8k\audio/fold10/162134-7-11-3.wav,7,jackhammer,10,"[2, 4, 7]"
207213-2-0-85,/tmp\sound_datasets\urbansound8k\audio/fold10/207213-2-0-85.wav,2,children_playing,10,"[0, 0, 2]"
73524-0-0-5,/tmp\sound_datasets\urbansound8k\audio/fold10/73524-0-0-5.wav,0,air_conditioner,10,"[2, 5, 0]"
162134-7-11-2,/tmp\sound_datasets\urbansound8k\audio/fold10/162134-7-11-2.wav,7,jackhammer,10,"[2, 4, 7]"
167464-0-0-12,/tmp\sound_datasets\urbansound8k\audio/fold10/167464-0-0-12.wav,0,air_conditioner,10,"[2, 5, 0]"
180127-4-0-7,/tmp\sound_datasets\urbansound8k\audio/fold10/180127-4-0-7.wav,4,drilling,10,"[2, 4, 4]"
7913-3-0-0,/tmp\sound_datasets\urbansound8k\audio/fold10/7913-3-0-0.wav,3,dog_bark,10,"[0, 1, 3]"
102857-5-0-19,/tmp\sound_datasets\urbansound8k\audio/fold10/102857-5-0-19.wav,5,engine_idling,10,"[1, 2, 5]"
74364-8-1-23,/tmp\sound_datasets\urbansound8k\audio/fold10/74364-8-1-23.wav,8,siren,10,"[1, 3, 8]"
73524-0-0-73,/tmp\sound_datasets\urbansound8k\audio/fold10/73524-0-0-73.wav,0,air_conditioner,10,"[2, 5, 0]"
162134-7-13-0,/tmp\sound_datasets\urbansound8k\audio/fold10/162134-7-13-0.wav,7,jackhammer,10,"[2, 4, 7]"
102857-5-0-25,/tmp\sound_datasets\urbansound8k\audio/fold10/102857-5-0-25.wav,5,engine_idling,10,"[1, 2, 5]"
102857-5-0-5,/tmp\sound_datasets\urbansound8k\audio/fold10/102857-5-0-5.wav,5,engine_idling,10,"[1, 2, 5]"
39847-5-0-5,/tmp\sound_datasets\urbansound8k\audio/fold10/39847-5-0-5.wav,5,engine_idling,10,"[1, 2, 5]"
83502-0-0-8,/tmp\sound_datasets\urbansound8k\audio/fold10/83502-0-0-8.wav,0,air_conditioner,10,"[2, 5, 0]"
181624-4-4-0,/tmp\sound_datasets\urbansound8k\audio/fold10/181624-4-4-0.wav,4,drilling,10,"[2, 4, 4]"
71312-3-0-1,/tmp\sound_datasets\urbansound8k\audio/fold10/71312-3-0-1.wav,3,dog_bark,10,"[0, 1, 3]"
187863-4-0-1,/tmp\sound_datasets\urbansound8k\audio/fold10/187863-4-0-1.wav,4,drilling,10,"[2, 4, 4]"
117889-9-0-39,/tmp\sound_datasets\urbansound8k\audio/fold10/117889-9-0-39.wav,9,street_music,10,"[3, 7, 9]"
73524-0-0-98,/tmp\sound_datasets\urbansound8k\audio/fold10/73524-0-0-98.wav,0,air_conditioner,10,"[2, 5, 0]"
197554-2-0-23,/tmp\sound_datasets\urbansound8k\audio/fold10/197554-2-0-23.wav,2,children_playing,10,"[0, 0, 2]"
115418-9-0-15,/tmp\sound_datasets\urbansound8k\audio/fold10/115418-9-0-15.wav,9,street_music,10,"[3, 7, 9]"
188813-7-12-0,/tmp\sound_datasets\urbansound8k\audio/fold10/188813-7-12-0.wav,7,jackhammer,10,"[2, 4, 7]"
129750-2-0-3,/tmp\sound_datasets\urbansound8k\audio/fold10/129750-2-0-3.wav,2,children_playing,10,"[0, 0, 2]"
167750-4-0-0,/tmp\sound_datasets\urbansound8k\audio/fold10/167750-4-0-0.wav,4,drilling,10,"[2, 4, 4]"
115418-9-0-29,/tmp\sound_datasets\urbansound8k\audio/fold10/115418-9-0-29.wav,9,street_music,10,"[3, 7, 9]"
118278-4-0-7,/tmp\sound_datasets\urbansound8k\audio/fold10/118278-4-0-7.wav,4,drilling,10,"[2, 4, 4]"
93567-8-0-4,/tmp\sound_datasets\urbansound8k\audio/fold10/93567-8-0-4.wav,8,siren,10,"[1, 3, 8]"
189982-0-0-11,/tmp\sound_datasets\urbansound8k\audio/fold10/189982-0-0-11.wav,0,air_conditioner,10,"[2, 5, 0]"
189982-0-0-39,/tmp\sound_datasets\urbansound8k\audio/fold10/189982-0-0-39.wav,0,air_conditioner,10,"[2, 5, 0]"
15544-5-0-16,/tmp\sound_datasets\urbansound8k\audio/fold10/15544-5-0-16.wav,5,engine_idling,10,"[1, 2, 5]"
157207-6-4-0,/tmp\sound_datasets\urbansound8k\audio/fold10/157207-6-4-0.wav,6,gun_shot,10,"[2, 6, 6]"
28808-1-0-5,/tmp\sound_datasets\urbansound8k\audio/fold10/28808-1-0-5.wav,1,car_horn,10,"[1, 2, 1]"
200460-6-5-0,/tmp\sound_datasets\urbansound8k\audio/fold10/200460-6-5-0.wav,6,gun_shot,10,"[2, 6, 6]"
188813-7-10-2,/tmp\sound_datasets\urbansound8k\audio/fold10/188813-7-10-2.wav,7,jackhammer,10,"[2, 4, 7]"
189985-0-0-2,/tmp\sound_datasets\urbansound8k\audio/fold10/189985-0-0-2.wav,0,air_conditioner,10,"[2, 5, 0]"
162134-7-17-4,/tmp\sound_datasets\urbansound8k\audio/fold10/162134-7-17-4.wav,7,jackhammer,10,"[2, 4, 7]"
41306-3-0-4,/tmp\sound_datasets\urbansound8k\audio/fold10/41306-3-0-4.wav,3,dog_bark,10,"[0, 1, 3]"
34050-7-3-0,/tmp\sound_datasets\urbansound8k\audio/fold10/34050-7-3-0.wav,7,jackhammer,10,"[2, 4, 7]"
106014-5-0-1,/tmp\sound_datasets\urbansound8k\audio/fold10/106014-5-0-1.wav,5,engine_idling,10,"[1, 2, 5]"
141240-5-1-0,/tmp\sound_datasets\urbansound8k\audio/fold10/141240-5-1-0.wav,5,engine_idling,10,"[1, 2, 5]"
162134-7-9-3,/tmp\sound_datasets\urbansound8k\audio/fold10/162134-7-9-3.wav,7,jackhammer,10,"[2, 4, 7]"
106014-5-0-3,/tmp\sound_datasets\urbansound8k\audio/fold10/106014-5-0-3.wav,5,engine_idling,10,"[1, 2, 5]"
157207-6-6-0,/tmp\sound_datasets\urbansound8k\audio/fold10/157207-6-6-0.wav,6,gun_shot,10,"[2, 6, 6]"
17074-1-0-0,/tmp\sound_datasets\urbansound8k\audio/fold10/17074-1-0-0.wav,1,car_horn,10,"[1, 2, 1]"
162134-7-9-1,/tmp\sound_datasets\urbansound8k\audio/fold10/162134-7-9-1.wav,7,jackhammer,10,"[2, 4, 7]"
174292-6-1-0,/tmp\sound_datasets\urbansound8k\audio/fold10/174292-6-1-0.wav,6,gun_shot,10,"[2, 6, 6]"
100795-3-0-0,/tmp\sound_datasets\urbansound8k\audio/fold10/100795-3-0-0.wav,3,dog_bark,10,"[0, 1, 3]"
77927-3-1-1,/tmp\sound_datasets\urbansound8k\audio/fold10/77927-3-1-1.wav,3,dog_bark,10,"[0, 1, 3]"
189985-0-0-0,/tmp\sound_datasets\urbansound8k\audio/fold10/189985-0-0-0.wav,0,air_conditioner,10,"[2, 5, 0]"
188813-7-10-0,/tmp\sound_datasets\urbansound8k\audio/fold10/188813-7-10-0.wav,7,jackhammer,10,"[2, 4, 7]"
167750-4-2-0,/tmp\sound_datasets\urbansound8k\audio/fold10/167750-4-2-0.wav,4,drilling,10,"[2, 4, 4]"
102103-3-0-0,/tmp\sound_datasets\urbansound8k\audio/fold10/102103-3-0-0.wav,3,dog_bark,10,"[0, 1, 3]"
28808-1-0-7,/tmp\sound_datasets\urbansound8k\audio/fold10/28808-1-0-7.wav,1,car_horn,10,"[1, 2, 1]"
34050-7-1-0,/tmp\sound_datasets\urbansound8k\audio/fold10/34050-7-1-0.wav,7,jackhammer,10,"[2, 4, 7]"
15544-5-0-14,/tmp\sound_datasets\urbansound8k\audio/fold10/15544-5-0-14.wav,5,engine_idling,10,"[1, 2, 5]"
93567-8-0-6,/tmp\sound_datasets\urbansound8k\audio/fold10/93567-8-0-6.wav,8,siren,10,"[1, 3, 8]"
189982-0-0-13,/tmp\sound_datasets\urbansound8k\audio/fold10/189982-0-0-13.wav,0,air_conditioner,10,"[2, 5, 0]"
118278-4-0-5,/tmp\sound_datasets\urbansound8k\audio/fold10/118278-4-0-5.wav,4,drilling,10,"[2, 4, 4]"
162134-7-15-4,/tmp\sound_datasets\urbansound8k\audio/fold10/162134-7-15-4.wav,7,jackhammer,10,"[2, 4, 7]"
187863-4-0-3,/tmp\sound_datasets\urbansound8k\audio/fold10/187863-4-0-3.wav,4,drilling,10,"[2, 4, 4]"
72220-3-2-2,/tmp\sound_datasets\urbansound8k\audio/fold10/72220-3-2-2.wav,3,dog_bark,10,"[0, 1, 3]"
115241-9-0-8,/tmp\sound_datasets\urbansound8k\audio/fold10/115241-9-0-8.wav,9,street_music,10,"[3, 7, 9]"
7965-3-3-0,/tmp\sound_datasets\urbansound8k\audio/fold10/7965-3-3-0.wav,3,dog_bark,10,"[0, 1, 3]"
102857-5-0-27,/tmp\sound_datasets\urbansound8k\audio/fold10/102857-5-0-27.wav,5,engine_idling,10,"[1, 2, 5]"
162134-7-13-2,/tmp\sound_datasets\urbansound8k\audio/fold10/162134-7-13-2.wav,7,jackhammer,10,"[2, 4, 7]"
39847-5-0-7,/tmp\sound_datasets\urbansound8k\audio/fold10/39847-5-0-7.wav,5,engine_idling,10,"[1, 2, 5]"
102857-5-0-7,/tmp\sound_datasets\urbansound8k\audio/fold10/102857-5-0-7.wav,5,engine_idling,10,"[1, 2, 5]"
7913-3-2-0,/tmp\sound_datasets\urbansound8k\audio/fold10/7913-3-2-0.wav,3,dog_bark,10,"[0, 1, 3]"
74364-8-1-21,/tmp\sound_datasets\urbansound8k\audio/fold10/74364-8-1-21.wav,8,siren,10,"[1, 3, 8]"
128240-3-0-39,/tmp\sound_datasets\urbansound8k\audio/fold10/128240-3-0-39.wav,3,dog_bark,10,"[0, 1, 3]"
72220-3-0-0,/tmp\sound_datasets\urbansound8k\audio/fold10/72220-3-0-0.wav,3,dog_bark,10,"[0, 1, 3]"
164194-2-0-14,/tmp\sound_datasets\urbansound8k\audio/fold10/164194-2-0-14.wav,2,children_playing,10,"[0, 0, 2]"
83191-9-0-0,/tmp\sound_datasets\urbansound8k\audio/fold10/83191-9-0-0.wav,9,street_music,10,"[3, 7, 9]"
181624-4-6-0,/tmp\sound_datasets\urbansound8k\audio/fold10/181624-4-6-0.wav,4,drilling,10,"[2, 4, 4]"
162134-7-11-0,/tmp\sound_datasets\urbansound8k\audio/fold10/162134-7-11-0.wav,7,jackhammer,10,"[2, 4, 7]"
180127-4-0-5,/tmp\sound_datasets\urbansound8k\audio/fold10/180127-4-0-5.wav,4,drilling,10,"[2, 4, 4]"
167464-0-0-10,/tmp\sound_datasets\urbansound8k\audio/fold10/167464-0-0-10.wav,0,air_conditioner,10,"[2, 5, 0]"
99192-4-0-12,/tmp\sound_datasets\urbansound8k\audio/fold10/99192-4-0-12.wav,4,drilling,10,"[2, 4, 4]"
73524-0-0-6,/tmp\sound_datasets\urbansound8k\audio/fold10/73524-0-0-6.wav,0,air_conditioner,10,"[2, 5, 0]"
27070-2-0-8,/tmp\sound_datasets\urbansound8k\audio/fold10/27070-2-0-8.wav,2,children_playing,10,"[0, 0, 2]"
167464-0-0-11,/tmp\sound_datasets\urbansound8k\audio/fold10/167464-0-0-11.wav,0,air_conditioner,10,"[2, 5, 0]"
180127-4-0-4,/tmp\sound_datasets\urbansound8k\audio/fold10/180127-4-0-4.wav,4,drilling,10,"[2, 4, 4]"
162134-7-11-1,/tmp\sound_datasets\urbansound8k\audio/fold10/162134-7-11-1.wav,7,jackhammer,10,"[2, 4, 7]"
85574-3-0-12,/tmp\sound_datasets\urbansound8k\audio/fold10/85574-3-0-12.wav,3,dog_bark,10,"[0, 1, 3]"
164194-2-0-29,/tmp\sound_datasets\urbansound8k\audio/fold10/164194-2-0-29.wav,2,children_playing,10,"[0, 0, 2]"
164194-2-0-7,/tmp\sound_datasets\urbansound8k\audio/fold10/164194-2-0-7.wav,2,children_playing,10,"[0, 0, 2]"
74364-8-1-20,/tmp\sound_datasets\urbansound8k\audio/fold10/74364-8-1-20.wav,8,siren,10,"[1, 3, 8]"
102857-5-0-6,/tmp\sound_datasets\urbansound8k\audio/fold10/102857-5-0-6.wav,5,engine_idling,10,"[1, 2, 5]"
39847-5-0-6,/tmp\sound_datasets\urbansound8k\audio/fold10/39847-5-0-6.wav,5,engine_idling,10,"[1, 2, 5]"
102857-5-0-26,/tmp\sound_datasets\urbansound8k\audio/fold10/102857-5-0-26.wav,5,engine_idling,10,"[1, 2, 5]"
162134-7-13-3,/tmp\sound_datasets\urbansound8k\audio/fold10/162134-7-13-3.wav,7,jackhammer,10,"[2, 4, 7]"
117889-9-0-12,/tmp\sound_datasets\urbansound8k\audio/fold10/117889-9-0-12.wav,9,street_music,10,"[3, 7, 9]"
115241-9-0-9,/tmp\sound_datasets\urbansound8k\audio/fold10/115241-9-0-9.wav,9,street_music,10,"[3, 7, 9]"
72220-3-2-3,/tmp\sound_datasets\urbansound8k\audio/fold10/72220-3-2-3.wav,3,dog_bark,10,"[0, 1, 3]"
203424-9-0-4,/tmp\sound_datasets\urbansound8k\audio/fold10/203424-9-0-4.wav,9,street_music,10,"[3, 7, 9]"
199261-3-0-4,/tmp\sound_datasets\urbansound8k\audio/fold10/199261-3-0-4.wav,3,dog_bark,10,"[0, 1, 3]"
187110-2-0-12,/tmp\sound_datasets\urbansound8k\audio/fold10/187110-2-0-12.wav,2,children_playing,10,"[0, 0, 2]"
71312-3-0-2,/tmp\sound_datasets\urbansound8k\audio/fold10/71312-3-0-2.wav,3,dog_bark,10,"[0, 1, 3]"
187863-4-0-2,/tmp\sound_datasets\urbansound8k\audio/fold10/187863-4-0-2.wav,4,drilling,10,"[2, 4, 4]"
118278-4-0-4,/tmp\sound_datasets\urbansound8k\audio/fold10/118278-4-0-4.wav,4,drilling,10,"[2, 4, 4]"
93567-8-0-7,/tmp\sound_datasets\urbansound8k\audio/fold10/93567-8-0-7.wav,8,siren,10,"[1, 3, 8]"
54086-1-2-0,/tmp\sound_datasets\urbansound8k\audio/fold10/54086-1-2-0.wav,1,car_horn,10,"[1, 2, 1]"
28808-1-0-6,/tmp\sound_datasets\urbansound8k\audio/fold10/28808-1-0-6.wav,1,car_horn,10,"[1, 2, 1]"
155311-3-0-0,/tmp\sound_datasets\urbansound8k\audio/fold10/155311-3-0-0.wav,3,dog_bark,10,"[0, 1, 3]"
15544-5-0-15,/tmp\sound_datasets\urbansound8k\audio/fold10/15544-5-0-15.wav,5,engine_idling,10,"[1, 2, 5]"
189985-0-0-1,/tmp\sound_datasets\urbansound8k\audio/fold10/189985-0-0-1.wav,0,air_conditioner,10,"[2, 5, 0]"
188813-7-10-1,/tmp\sound_datasets\urbansound8k\audio/fold10/188813-7-10-1.wav,7,jackhammer,10,"[2, 4, 7]"
162134-7-9-0,/tmp\sound_datasets\urbansound8k\audio/fold10/162134-7-9-0.wav,7,jackhammer,10,"[2, 4, 7]"
155241-9-0-8,/tmp\sound_datasets\urbansound8k\audio/fold10/155241-9-0-8.wav,9,street_music,10,"[3, 7, 9]"
106014-5-0-2,/tmp\sound_datasets\urbansound8k\audio/fold10/106014-5-0-2.wav,5,engine_idling,10,"[1, 2, 5]"
162134-7-9-4,/tmp\sound_datasets\urbansound8k\audio/fold10/162134-7-9-4.wav,7,jackhammer,10,"[2, 4, 7]"
188813-7-9-0,/tmp\sound_datasets\urbansound8k\audio/fold10/188813-7-9-0.wav,7,jackhammer,10,"[2, 4, 7]"
189985-0-0-5,/tmp\sound_datasets\urbansound8k\audio/fold10/189985-0-0-5.wav,0,air_conditioner,10,"[2, 5, 0]"
162134-7-17-3,/tmp\sound_datasets\urbansound8k\audio/fold10/162134-7-17-3.wav,7,jackhammer,10,"[2, 4, 7]"
93567-8-0-3,/tmp\sound_datasets\urbansound8k\audio/fold10/93567-8-0-3.wav,8,siren,10,"[1, 3, 8]"
188497-2-0-8,/tmp\sound_datasets\urbansound8k\audio/fold10/188497-2-0-8.wav,2,children_playing,10,"[0, 0, 2]"
189982-0-0-16,/tmp\sound_datasets\urbansound8k\audio/fold10/189982-0-0-16.wav,0,air_conditioner,10,"[2, 5, 0]"
136558-9-0-1,/tmp\sound_datasets\urbansound8k\audio/fold10/136558-9-0-1.wav,9,street_music,10,"[3, 7, 9]"
15544-5-0-11,/tmp\sound_datasets\urbansound8k\audio/fold10/15544-5-0-11.wav,5,engine_idling,10,"[1, 2, 5]"
28808-1-0-2,/tmp\sound_datasets\urbansound8k\audio/fold10/28808-1-0-2.wav,1,car_horn,10,"[1, 2, 1]"
85574-3-0-8,/tmp\sound_datasets\urbansound8k\audio/fold10/85574-3-0-8.wav,3,dog_bark,10,"[0, 1, 3]"
115418-9-0-12,/tmp\sound_datasets\urbansound8k\audio/fold10/115418-9-0-12.wav,9,street_music,10,"[3, 7, 9]"
202334-9-0-105,/tmp\sound_datasets\urbansound8k\audio/fold10/202334-9-0-105.wav,9,street_music,10,"[3, 7, 9]"
138017-9-1-16,/tmp\sound_datasets\urbansound8k\audio/fold10/138017-9-1-16.wav,9,street_music,10,"[3, 7, 9]"
129750-2-0-4,/tmp\sound_datasets\urbansound8k\audio/fold10/129750-2-0-4.wav,2,children_playing,10,"[0, 0, 2]"
118278-4-0-0,/tmp\sound_datasets\urbansound8k\audio/fold10/118278-4-0-0.wav,4,drilling,10,"[2, 4, 4]"
162134-7-15-1,/tmp\sound_datasets\urbansound8k\audio/fold10/162134-7-15-1.wav,7,jackhammer,10,"[2, 4, 7]"
199261-3-0-0,/tmp\sound_datasets\urbansound8k\audio/fold10/199261-3-0-0.wav,3,dog_bark,10,"[0, 1, 3]"
74364-8-1-24,/tmp\sound_datasets\urbansound8k\audio/fold10/74364-8-1-24.wav,8,siren,10,"[1, 3, 8]"
66115-1-0-0,/tmp\sound_datasets\urbansound8k\audio/fold10/66115-1-0-0.wav,1,car_horn,10,"[1, 2, 1]"
73524-0-0-74,/tmp\sound_datasets\urbansound8k\audio/fold10/73524-0-0-74.wav,0,air_conditioner,10,"[2, 5, 0]"
102857-5-0-22,/tmp\sound_datasets\urbansound8k\audio/fold10/102857-5-0-22.wav,5,engine_idling,10,"[1, 2, 5]"
74364-8-1-18,/tmp\sound_datasets\urbansound8k\audio/fold10/74364-8-1-18.wav,8,siren,10,"[1, 3, 8]"
39847-5-0-2,/tmp\sound_datasets\urbansound8k\audio/fold10/39847-5-0-2.wav,5,engine_idling,10,"[1, 2, 5]"
102857-5-0-2,/tmp\sound_datasets\urbansound8k\audio/fold10/102857-5-0-2.wav,5,engine_idling,10,"[1, 2, 5]"
119067-0-0-2,/tmp\sound_datasets\urbansound8k\audio/fold10/119067-0-0-2.wav,0,air_conditioner,10,"[2, 5, 0]"
164194-2-0-11,/tmp\sound_datasets\urbansound8k\audio/fold10/164194-2-0-11.wav,2,children_playing,10,"[0, 0, 2]"
73524-0-0-2,/tmp\sound_datasets\urbansound8k\audio/fold10/73524-0-0-2.wav,0,air_conditioner,10,"[2, 5, 0]"
15544-5-0-9,/tmp\sound_datasets\urbansound8k\audio/fold10/15544-5-0-9.wav,5,engine_idling,10,"[1, 2, 5]"
162134-7-11-5,/tmp\sound_datasets\urbansound8k\audio/fold10/162134-7-11-5.wav,7,jackhammer,10,"[2, 4, 7]"
180127-4-0-0,/tmp\sound_datasets\urbansound8k\audio/fold10/180127-4-0-0.wav,4,drilling,10,"[2, 4, 4]"
167464-0-0-15,/tmp\sound_datasets\urbansound8k\audio/fold10/167464-0-0-15.wav,0,air_conditioner,10,"[2, 5, 0]"
167464-0-0-14,/tmp\sound_datasets\urbansound8k\audio/fold10/167464-0-0-14.wav,0,air_conditioner,10,"[2, 5, 0]"
180127-4-0-1,/tmp\sound_datasets\urbansound8k\audio/fold10/180127-4-0-1.wav,4,drilling,10,"[2, 4, 4]"
15544-5-0-8,/tmp\sound_datasets\urbansound8k\audio/fold10/15544-5-0-8.wav,5,engine_idling,10,"[1, 2, 5]"
162134-7-11-4,/tmp\sound_datasets\urbansound8k\audio/fold10/162134-7-11-4.wav,7,jackhammer,10,"[2, 4, 7]"
99192-4-0-17,/tmp\sound_datasets\urbansound8k\audio/fold10/99192-4-0-17.wav,4,drilling,10,"[2, 4, 4]"
129750-2-0-46,/tmp\sound_datasets\urbansound8k\audio/fold10/129750-2-0-46.wav,2,children_playing,10,"[0, 0, 2]"
34050-7-5-0,/tmp\sound_datasets\urbansound8k\audio/fold10/34050-7-5-0.wav,7,jackhammer,10,"[2, 4, 7]"
14470-2-0-72,/tmp\sound_datasets\urbansound8k\audio/fold10/14470-2-0-72.wav,2,children_playing,10,"[0, 0, 2]"
83191-9-0-4,/tmp\sound_datasets\urbansound8k\audio/fold10/83191-9-0-4.wav,9,street_music,10,"[3, 7, 9]"
164194-2-0-10,/tmp\sound_datasets\urbansound8k\audio/fold10/164194-2-0-10.wav,2,children_playing,10,"[0, 0, 2]"
207213-2-0-41,/tmp\sound_datasets\urbansound8k\audio/fold10/207213-2-0-41.wav,2,children_playing,10,"[0, 0, 2]"
187110-2-0-6,/tmp\sound_datasets\urbansound8k\audio/fold10/187110-2-0-6.wav,2,children_playing,10,"[0, 0, 2]"
74364-8-1-19,/tmp\sound_datasets\urbansound8k\audio/fold10/74364-8-1-19.wav,8,siren,10,"[1, 3, 8]"
102857-5-0-3,/tmp\sound_datasets\urbansound8k\audio/fold10/102857-5-0-3.wav,5,engine_idling,10,"[1, 2, 5]"
39847-5-0-3,/tmp\sound_datasets\urbansound8k\audio/fold10/39847-5-0-3.wav,5,engine_idling,10,"[1, 2, 5]"
102857-5-0-23,/tmp\sound_datasets\urbansound8k\audio/fold10/102857-5-0-23.wav,5,engine_idling,10,"[1, 2, 5]"
74364-8-1-25,/tmp\sound_datasets\urbansound8k\audio/fold10/74364-8-1-25.wav,8,siren,10,"[1, 3, 8]"
66115-1-0-1,/tmp\sound_datasets\urbansound8k\audio/fold10/66115-1-0-1.wav,1,car_horn,10,"[1, 2, 1]"
157207-6-2-0,/tmp\sound_datasets\urbansound8k\audio/fold10/157207-6-2-0.wav,6,gun_shot,10,"[2, 6, 6]"
200460-6-3-0,/tmp\sound_datasets\urbansound8k\audio/fold10/200460-6-3-0.wav,6,gun_shot,10,"[2, 6, 6]"
199261-3-0-1,/tmp\sound_datasets\urbansound8k\audio/fold10/199261-3-0-1.wav,3,dog_bark,10,"[0, 1, 3]"
30344-3-0-3,/tmp\sound_datasets\urbansound8k\audio/fold10/30344-3-0-3.wav,3,dog_bark,10,"[0, 1, 3]"
162134-7-15-0,/tmp\sound_datasets\urbansound8k\audio/fold10/162134-7-15-0.wav,7,jackhammer,10,"[2, 4, 7]"
172519-9-0-53,/tmp\sound_datasets\urbansound8k\audio/fold10/172519-9-0-53.wav,9,street_music,10,"[3, 7, 9]"
118278-4-0-1,/tmp\sound_datasets\urbansound8k\audio/fold10/118278-4-0-1.wav,4,drilling,10,"[2, 4, 4]"
15544-5-0-10,/tmp\sound_datasets\urbansound8k\audio/fold10/15544-5-0-10.wav,5,engine_idling,10,"[1, 2, 5]"
28808-1-0-3,/tmp\sound_datasets\urbansound8k\audio/fold10/28808-1-0-3.wav,1,car_horn,10,"[1, 2, 1]"
189982-0-0-17,/tmp\sound_datasets\urbansound8k\audio/fold10/189982-0-0-17.wav,0,air_conditioner,10,"[2, 5, 0]"
181624-4-2-0,/tmp\sound_datasets\urbansound8k\audio/fold10/181624-4-2-0.wav,4,drilling,10,"[2, 4, 4]"
93567-8-0-2,/tmp\sound_datasets\urbansound8k\audio/fold10/93567-8-0-2.wav,8,siren,10,"[1, 3, 8]"
162134-7-17-2,/tmp\sound_datasets\urbansound8k\audio/fold10/162134-7-17-2.wav,7,jackhammer,10,"[2, 4, 7]"
17486-3-0-0,/tmp\sound_datasets\urbansound8k\audio/fold10/17486-3-0-0.wav,3,dog_bark,10,"[0, 1, 3]"
69661-3-0-23,/tmp\sound_datasets\urbansound8k\audio/fold10/69661-3-0-23.wav,3,dog_bark,10,"[0, 1, 3]"
189985-0-0-4,/tmp\sound_datasets\urbansound8k\audio/fold10/189985-0-0-4.wav,0,air_conditioner,10,"[2, 5, 0]"
181624-4-0-0,/tmp\sound_datasets\urbansound8k\audio/fold10/181624-4-0-0.wav,4,drilling,10,"[2, 4, 4]"
7965-3-11-0,/tmp\sound_datasets\urbansound8k\audio/fold10/7965-3-11-0.wav,3,dog_bark,10,"[0, 1, 3]"
24076-1-1-0,/tmp\sound_datasets\urbansound8k\audio/fold10/24076-1-1-0.wav,1,car_horn,10,"[1, 2, 1]"
128470-3-0-0,/tmp\sound_datasets\urbansound8k\audio/fold10/128470-3-0-0.wav,3,dog_bark,10,"[0, 1, 3]"
189985-0-0-6,/tmp\sound_datasets\urbansound8k\audio/fold10/189985-0-0-6.wav,0,air_conditioner,10,"[2, 5, 0]"
162134-7-17-0,/tmp\sound_datasets\urbansound8k\audio/fold10/162134-7-17-0.wav,7,jackhammer,10,"[2, 4, 7]"
93567-8-0-0,/tmp\sound_datasets\urbansound8k\audio/fold10/93567-8-0-0.wav,8,siren,10,"[1, 3, 8]"
28808-1-0-1,/tmp\sound_datasets\urbansound8k\audio/fold10/28808-1-0-1.wav,1,car_horn,10,"[1, 2, 1]"
136558-9-0-2,/tmp\sound_datasets\urbansound8k\audio/fold10/136558-9-0-2.wav,9,street_music,10,"[3, 7, 9]"
15544-5-0-12,/tmp\sound_datasets\urbansound8k\audio/fold10/15544-5-0-12.wav,5,engine_idling,10,"[1, 2, 5]"
17486-3-2-0,/tmp\sound_datasets\urbansound8k\audio/fold10/17486-3-2-0.wav,3,dog_bark,10,"[0, 1, 3]"
202334-9-0-106,/tmp\sound_datasets\urbansound8k\audio/fold10/202334-9-0-106.wav,9,street_music,10,"[3, 7, 9]"
115418-9-0-11,/tmp\sound_datasets\urbansound8k\audio/fold10/115418-9-0-11.wav,9,street_music,10,"[3, 7, 9]"
203424-9-0-46,/tmp\sound_datasets\urbansound8k\audio/fold10/203424-9-0-46.wav,9,street_music,10,"[3, 7, 9]"
162134-7-15-2,/tmp\sound_datasets\urbansound8k\audio/fold10/162134-7-15-2.wav,7,jackhammer,10,"[2, 4, 7]"
118278-4-0-3,/tmp\sound_datasets\urbansound8k\audio/fold10/118278-4-0-3.wav,4,drilling,10,"[2, 4, 4]"
30344-3-0-1,/tmp\sound_datasets\urbansound8k\audio/fold10/30344-3-0-1.wav,3,dog_bark,10,"[0, 1, 3]"
72220-3-2-4,/tmp\sound_datasets\urbansound8k\audio/fold10/72220-3-2-4.wav,3,dog_bark,10,"[0, 1, 3]"
187863-4-0-5,/tmp\sound_datasets\urbansound8k\audio/fold10/187863-4-0-5.wav,4,drilling,10,"[2, 4, 4]"
71312-3-0-5,/tmp\sound_datasets\urbansound8k\audio/fold10/71312-3-0-5.wav,3,dog_bark,10,"[0, 1, 3]"
74364-8-1-27,/tmp\sound_datasets\urbansound8k\audio/fold10/74364-8-1-27.wav,8,siren,10,"[1, 3, 8]"
73524-0-0-63,/tmp\sound_datasets\urbansound8k\audio/fold10/73524-0-0-63.wav,0,air_conditioner,10,"[2, 5, 0]"
39847-5-0-1,/tmp\sound_datasets\urbansound8k\audio/fold10/39847-5-0-1.wav,5,engine_idling,10,"[1, 2, 5]"
102857-5-0-1,/tmp\sound_datasets\urbansound8k\audio/fold10/102857-5-0-1.wav,5,engine_idling,10,"[1, 2, 5]"
167464-0-0-9,/tmp\sound_datasets\urbansound8k\audio/fold10/167464-0-0-9.wav,0,air_conditioner,10,"[2, 5, 0]"
102857-5-0-21,/tmp\sound_datasets\urbansound8k\audio/fold10/102857-5-0-21.wav,5,engine_idling,10,"[1, 2, 5]"
162134-7-13-4,/tmp\sound_datasets\urbansound8k\audio/fold10/162134-7-13-4.wav,7,jackhammer,10,"[2, 4, 7]"
119067-0-0-1,/tmp\sound_datasets\urbansound8k\audio/fold10/119067-0-0-1.wav,0,air_conditioner,10,"[2, 5, 0]"
83191-9-0-6,/tmp\sound_datasets\urbansound8k\audio/fold10/83191-9-0-6.wav,9,street_music,10,"[3, 7, 9]"
14470-2-0-70,/tmp\sound_datasets\urbansound8k\audio/fold10/14470-2-0-70.wav,2,children_playing,10,"[0, 0, 2]"
157207-6-0-0,/tmp\sound_datasets\urbansound8k\audio/fold10/157207-6-0-0.wav,6,gun_shot,10,"[2, 6, 6]"
200460-6-1-0,/tmp\sound_datasets\urbansound8k\audio/fold10/200460-6-1-0.wav,6,gun_shot,10,"[2, 6, 6]"
26344-4-1-0,/tmp\sound_datasets\urbansound8k\audio/fold10/26344-4-1-0.wav,4,drilling,10,"[2, 4, 4]"
115418-9-0-6,/tmp\sound_datasets\urbansound8k\audio/fold10/115418-9-0-6.wav,9,street_music,10,"[3, 7, 9]"
157800-6-0-0,/tmp\sound_datasets\urbansound8k\audio/fold10/157800-6-0-0.wav,6,gun_shot,10,"[2, 6, 6]"
99192-4-0-15,/tmp\sound_datasets\urbansound8k\audio/fold10/99192-4-0-15.wav,4,drilling,10,"[2, 4, 4]"
180127-4-0-3,/tmp\sound_datasets\urbansound8k\audio/fold10/180127-4-0-3.wav,4,drilling,10,"[2, 4, 4]"
167464-0-0-16,/tmp\sound_datasets\urbansound8k\audio/fold10/167464-0-0-16.wav,0,air_conditioner,10,"[2, 5, 0]"
162134-7-11-6,/tmp\sound_datasets\urbansound8k\audio/fold10/162134-7-11-6.wav,7,jackhammer,10,"[2, 4, 7]"
162134-7-11-7,/tmp\sound_datasets\urbansound8k\audio/fold10/162134-7-11-7.wav,7,jackhammer,10,"[2, 4, 7]"
99192-4-0-28,/tmp\sound_datasets\urbansound8k\audio/fold10/99192-4-0-28.wav,4,drilling,10,"[2, 4, 4]"
167464-0-0-17,/tmp\sound_datasets\urbansound8k\audio/fold10/167464-0-0-17.wav,0,air_conditioner,10,"[2, 5, 0]"
180127-4-0-2,/tmp\sound_datasets\urbansound8k\audio/fold10/180127-4-0-2.wav,4,drilling,10,"[2, 4, 4]"
155262-2-0-21,/tmp\sound_datasets\urbansound8k\audio/fold10/155262-2-0-21.wav,2,children_playing,10,"[0, 0, 2]"
207213-2-0-81,/tmp\sound_datasets\urbansound8k\audio/fold10/207213-2-0-81.wav,2,children_playing,10,"[0, 0, 2]"
73524-0-0-0,/tmp\sound_datasets\urbansound8k\audio/fold10/73524-0-0-0.wav,0,air_conditioner,10,"[2, 5, 0]"
14470-2-0-65,/tmp\sound_datasets\urbansound8k\audio/fold10/14470-2-0-65.wav,2,children_playing,10,"[0, 0, 2]"
129750-2-0-45,/tmp\sound_datasets\urbansound8k\audio/fold10/129750-2-0-45.wav,2,children_playing,10,"[0, 0, 2]"
119067-0-0-0,/tmp\sound_datasets\urbansound8k\audio/fold10/119067-0-0-0.wav,0,air_conditioner,10,"[2, 5, 0]"
102857-5-0-20,/tmp\sound_datasets\urbansound8k\audio/fold10/102857-5-0-20.wav,5,engine_idling,10,"[1, 2, 5]"
102857-5-0-0,/tmp\sound_datasets\urbansound8k\audio/fold10/102857-5-0-0.wav,5,engine_idling,10,"[1, 2, 5]"
39847-5-0-0,/tmp\sound_datasets\urbansound8k\audio/fold10/39847-5-0-0.wav,5,engine_idling,10,"[1, 2, 5]"
167464-0-0-8,/tmp\sound_datasets\urbansound8k\audio/fold10/167464-0-0-8.wav,0,air_conditioner,10,"[2, 5, 0]"
74364-8-1-26,/tmp\sound_datasets\urbansound8k\audio/fold10/74364-8-1-26.wav,8,siren,10,"[1, 3, 8]"
199261-3-0-2,/tmp\sound_datasets\urbansound8k\audio/fold10/199261-3-0-2.wav,3,dog_bark,10,"[0, 1, 3]"
71312-3-0-4,/tmp\sound_datasets\urbansound8k\audio/fold10/71312-3-0-4.wav,3,dog_bark,10,"[0, 1, 3]"
187863-4-0-4,/tmp\sound_datasets\urbansound8k\audio/fold10/187863-4-0-4.wav,4,drilling,10,"[2, 4, 4]"
155262-2-0-2,/tmp\sound_datasets\urbansound8k\audio/fold10/155262-2-0-2.wav,2,children_playing,10,"[0, 0, 2]"
30344-3-0-0,/tmp\sound_datasets\urbansound8k\audio/fold10/30344-3-0-0.wav,3,dog_bark,10,"[0, 1, 3]"
118278-4-0-2,/tmp\sound_datasets\urbansound8k\audio/fold10/118278-4-0-2.wav,4,drilling,10,"[2, 4, 4]"
162134-7-15-3,/tmp\sound_datasets\urbansound8k\audio/fold10/162134-7-15-3.wav,7,jackhammer,10,"[2, 4, 7]"
197554-2-0-26,/tmp\sound_datasets\urbansound8k\audio/fold10/197554-2-0-26.wav,2,children_playing,10,"[0, 0, 2]"
28808-1-0-0,/tmp\sound_datasets\urbansound8k\audio/fold10/28808-1-0-0.wav,1,car_horn,10,"[1, 2, 1]"
15544-5-0-13,/tmp\sound_datasets\urbansound8k\audio/fold10/15544-5-0-13.wav,5,engine_idling,10,"[1, 2, 5]"
189982-0-0-28,/tmp\sound_datasets\urbansound8k\audio/fold10/189982-0-0-28.wav,0,air_conditioner,10,"[2, 5, 0]"
93567-8-0-1,/tmp\sound_datasets\urbansound8k\audio/fold10/93567-8-0-1.wav,8,siren,10,"[1, 3, 8]"
162134-7-17-1,/tmp\sound_datasets\urbansound8k\audio/fold10/162134-7-17-1.wav,7,jackhammer,10,"[2, 4, 7]"
106014-5-0-4,/tmp\sound_datasets\urbansound8k\audio/fold10/106014-5-0-4.wav,5,engine_idling,10,"[1, 2, 5]"
128470-3-0-1,/tmp\sound_datasets\urbansound8k\audio/fold10/128470-3-0-1.wav,3,dog_bark,10,"[0, 1, 3]"
74922-4-0-4,/tmp\sound_datasets\urbansound8k\audio/fold10/74922-4-0-4.wav,4,drilling,10,"[2, 4, 4]"
188813-7-7-0,/tmp\sound_datasets\urbansound8k\audio/fold10/188813-7-7-0.wav,7,jackhammer,10,"[2, 4, 7]"
178261-7-3-4,/tmp\sound_datasets\urbansound8k\audio/fold10/178261-7-3-4.wav,7,jackhammer,10,"[2, 4, 7]"
22973-3-0-2,/tmp\sound_datasets\urbansound8k\audio/fold10/22973-3-0-2.wav,3,dog_bark,10,"[0, 1, 3]"
20571-3-1-0,/tmp\sound_datasets\urbansound8k\audio/fold10/20571-3-1-0.wav,3,dog_bark,10,"[0, 1, 3]"
189982-0-0-19,/tmp\sound_datasets\urbansound8k\audio/fold10/189982-0-0-19.wav,0,air_conditioner,10,"[2, 5, 0]"
200786-5-1-1,/tmp\sound_datasets\urbansound8k\audio/fold10/200786-5-1-1.wav,5,engine_idling,10,"[1, 2, 5]"
172519-9-0-49,/tmp\sound_datasets\urbansound8k\audio/fold10/172519-9-0-49.wav,9,street_music,10,"[3, 7, 9]"
83502-0-0-0,/tmp\sound_datasets\urbansound8k\audio/fold10/83502-0-0-0.wav,0,air_conditioner,10,"[2, 5, 0]"
115241-9-0-2,/tmp\sound_datasets\urbansound8k\audio/fold10/115241-9-0-2.wav,9,street_music,10,"[3, 7, 9]"
102857-5-0-11,/tmp\sound_datasets\urbansound8k\audio/fold10/102857-5-0-11.wav,5,engine_idling,10,"[1, 2, 5]"
209672-3-0-0,/tmp\sound_datasets\urbansound8k\audio/fold10/209672-3-0-0.wav,3,dog_bark,10,"[0, 1, 3]"
174289-6-2-0,/tmp\sound_datasets\urbansound8k\audio/fold10/174289-6-2-0.wav,6,gun_shot,10,"[2, 6, 6]"
167464-0-0-5,/tmp\sound_datasets\urbansound8k\audio/fold10/167464-0-0-5.wav,0,air_conditioner,10,"[2, 5, 0]"
74364-8-1-17,/tmp\sound_datasets\urbansound8k\audio/fold10/74364-8-1-17.wav,8,siren,10,"[1, 3, 8]"
162134-7-3-0,/tmp\sound_datasets\urbansound8k\audio/fold10/162134-7-3-0.wav,7,jackhammer,10,"[2, 4, 7]"
187110-2-0-8,/tmp\sound_datasets\urbansound8k\audio/fold10/187110-2-0-8.wav,2,children_playing,10,"[0, 0, 2]"
207213-2-0-73,/tmp\sound_datasets\urbansound8k\audio/fold10/207213-2-0-73.wav,2,children_playing,10,"[0, 0, 2]"
129750-2-0-48,/tmp\sound_datasets\urbansound8k\audio/fold10/129750-2-0-48.wav,2,children_playing,10,"[0, 0, 2]"
27070-2-0-3,/tmp\sound_datasets\urbansound8k\audio/fold10/27070-2-0-3.wav,2,children_playing,10,"[0, 0, 2]"
15544-5-0-6,/tmp\sound_datasets\urbansound8k\audio/fold10/15544-5-0-6.wav,5,engine_idling,10,"[1, 2, 5]"
99192-4-0-24,/tmp\sound_datasets\urbansound8k\audio/fold10/99192-4-0-24.wav,4,drilling,10,"[2, 4, 4]"
155262-2-0-11,/tmp\sound_datasets\urbansound8k\audio/fold10/155262-2-0-11.wav,2,children_playing,10,"[0, 0, 2]"
15544-5-0-7,/tmp\sound_datasets\urbansound8k\audio/fold10/15544-5-0-7.wav,5,engine_idling,10,"[1, 2, 5]"
99192-4-0-30,/tmp\sound_datasets\urbansound8k\audio/fold10/99192-4-0-30.wav,4,drilling,10,"[2, 4, 4]"
99192-4-0-18,/tmp\sound_datasets\urbansound8k\audio/fold10/99192-4-0-18.wav,4,drilling,10,"[2, 4, 4]"
100648-1-0-0,/tmp\sound_datasets\urbansound8k\audio/fold10/100648-1-0-0.wav,1,car_horn,10,"[1, 2, 1]"
27070-2-0-2,/tmp\sound_datasets\urbansound8k\audio/fold10/27070-2-0-2.wav,2,children_playing,10,"[0, 0, 2]"
26173-8-0-0,/tmp\sound_datasets\urbansound8k\audio/fold10/26173-8-0-0.wav,8,siren,10,"[1, 3, 8]"
74364-8-1-16,/tmp\sound_datasets\urbansound8k\audio/fold10/74364-8-1-16.wav,8,siren,10,"[1, 3, 8]"
167464-0-0-4,/tmp\sound_datasets\urbansound8k\audio/fold10/167464-0-0-4.wav,0,air_conditioner,10,"[2, 5, 0]"
73524-0-0-52,/tmp\sound_datasets\urbansound8k\audio/fold10/73524-0-0-52.wav,0,air_conditioner,10,"[2, 5, 0]"
208652-8-2-0,/tmp\sound_datasets\urbansound8k\audio/fold10/208652-8-2-0.wav,8,siren,10,"[1, 3, 8]"
146244-4-0-0,/tmp\sound_datasets\urbansound8k\audio/fold10/146244-4-0-0.wav,4,drilling,10,"[2, 4, 4]"
102857-5-0-10,/tmp\sound_datasets\urbansound8k\audio/fold10/102857-5-0-10.wav,5,engine_idling,10,"[1, 2, 5]"
117889-9-0-30,/tmp\sound_datasets\urbansound8k\audio/fold10/117889-9-0-30.wav,9,street_music,10,"[3, 7, 9]"
187110-2-0-30,/tmp\sound_datasets\urbansound8k\audio/fold10/187110-2-0-30.wav,2,children_playing,10,"[0, 0, 2]"
83502-0-0-1,/tmp\sound_datasets\urbansound8k\audio/fold10/83502-0-0-1.wav,0,air_conditioner,10,"[2, 5, 0]"
202334-9-0-137,/tmp\sound_datasets\urbansound8k\audio/fold10/202334-9-0-137.wav,9,street_music,10,"[3, 7, 9]"
115418-9-0-20,/tmp\sound_datasets\urbansound8k\audio/fold10/115418-9-0-20.wav,9,street_music,10,"[3, 7, 9]"
200786-5-1-0,/tmp\sound_datasets\urbansound8k\audio/fold10/200786-5-1-0.wav,5,engine_idling,10,"[1, 2, 5]"
41306-3-0-10,/tmp\sound_datasets\urbansound8k\audio/fold10/41306-3-0-10.wav,3,dog_bark,10,"[0, 1, 3]"
189982-0-0-30,/tmp\sound_datasets\urbansound8k\audio/fold10/189982-0-0-30.wav,0,air_conditioner,10,"[2, 5, 0]"
189982-0-0-18,/tmp\sound_datasets\urbansound8k\audio/fold10/189982-0-0-18.wav,0,air_conditioner,10,"[2, 5, 0]"
83191-9-0-13,/tmp\sound_datasets\urbansound8k\audio/fold10/83191-9-0-13.wav,9,street_music,10,"[3, 7, 9]"
178261-7-3-5,/tmp\sound_datasets\urbansound8k\audio/fold10/178261-7-3-5.wav,7,jackhammer,10,"[2, 4, 7]"
138017-9-1-4,/tmp\sound_datasets\urbansound8k\audio/fold10/138017-9-1-4.wav,9,street_music,10,"[3, 7, 9]"
74922-4-0-5,/tmp\sound_datasets\urbansound8k\audio/fold10/74922-4-0-5.wav,4,drilling,10,"[2, 4, 4]"
74922-4-0-7,/tmp\sound_datasets\urbansound8k\audio/fold10/74922-4-0-7.wav,4,drilling,10,"[2, 4, 4]"
138017-9-1-6,/tmp\sound_datasets\urbansound8k\audio/fold10/138017-9-1-6.wav,9,street_music,10,"[3, 7, 9]"
22973-3-0-1,/tmp\sound_datasets\urbansound8k\audio/fold10/22973-3-0-1.wav,3,dog_bark,10,"[0, 1, 3]"
83191-9-0-11,/tmp\sound_datasets\urbansound8k\audio/fold10/83191-9-0-11.wav,9,street_music,10,"[3, 7, 9]"
164377-9-1-50,/tmp\sound_datasets\urbansound8k\audio/fold10/164377-9-1-50.wav,9,street_music,10,"[3, 7, 9]"
197554-2-0-28,/tmp\sound_datasets\urbansound8k\audio/fold10/197554-2-0-28.wav,2,children_playing,10,"[0, 0, 2]"
200786-5-1-2,/tmp\sound_datasets\urbansound8k\audio/fold10/200786-5-1-2.wav,5,engine_idling,10,"[1, 2, 5]"
83502-0-0-3,/tmp\sound_datasets\urbansound8k\audio/fold10/83502-0-0-3.wav,0,air_conditioner,10,"[2, 5, 0]"
14468-3-0-3,/tmp\sound_datasets\urbansound8k\audio/fold10/14468-3-0-3.wav,3,dog_bark,10,"[0, 1, 3]"
115241-9-0-1,/tmp\sound_datasets\urbansound8k\audio/fold10/115241-9-0-1.wav,9,street_music,10,"[3, 7, 9]"
100648-1-2-0,/tmp\sound_datasets\urbansound8k\audio/fold10/100648-1-2-0.wav,1,car_horn,10,"[1, 2, 1]"
102857-5-0-12,/tmp\sound_datasets\urbansound8k\audio/fold10/102857-5-0-12.wav,5,engine_idling,10,"[1, 2, 5]"
167464-0-0-6,/tmp\sound_datasets\urbansound8k\audio/fold10/167464-0-0-6.wav,0,air_conditioner,10,"[2, 5, 0]"
74364-8-1-14,/tmp\sound_datasets\urbansound8k\audio/fold10/74364-8-1-14.wav,8,siren,10,"[1, 3, 8]"
7965-3-22-0,/tmp\sound_datasets\urbansound8k\audio/fold10/7965-3-22-0.wav,3,dog_bark,10,"[0, 1, 3]"
208652-8-0-0,/tmp\sound_datasets\urbansound8k\audio/fold10/208652-8-0-0.wav,8,siren,10,"[1, 3, 8]"
27070-2-0-0,/tmp\sound_datasets\urbansound8k\audio/fold10/27070-2-0-0.wav,2,children_playing,10,"[0, 0, 2]"
167464-0-0-19,/tmp\sound_datasets\urbansound8k\audio/fold10/167464-0-0-19.wav,0,air_conditioner,10,"[2, 5, 0]"
99192-4-0-26,/tmp\sound_datasets\urbansound8k\audio/fold10/99192-4-0-26.wav,4,drilling,10,"[2, 4, 4]"
99192-4-0-32,/tmp\sound_datasets\urbansound8k\audio/fold10/99192-4-0-32.wav,4,drilling,10,"[2, 4, 4]"
15544-5-0-5,/tmp\sound_datasets\urbansound8k\audio/fold10/15544-5-0-5.wav,5,engine_idling,10,"[1, 2, 5]"
174289-6-0-0,/tmp\sound_datasets\urbansound8k\audio/fold10/174289-6-0-0.wav,6,gun_shot,10,"[2, 6, 6]"
15544-5-0-4,/tmp\sound_datasets\urbansound8k\audio/fold10/15544-5-0-4.wav,5,engine_idling,10,"[1, 2, 5]"
99192-4-0-33,/tmp\sound_datasets\urbansound8k\audio/fold10/99192-4-0-33.wav,4,drilling,10,"[2, 4, 4]"
167464-0-0-18,/tmp\sound_datasets\urbansound8k\audio/fold10/167464-0-0-18.wav,0,air_conditioner,10,"[2, 5, 0]"
99192-4-0-27,/tmp\sound_datasets\urbansound8k\audio/fold10/99192-4-0-27.wav,4,drilling,10,"[2, 4, 4]"
162134-7-1-0,/tmp\sound_datasets\urbansound8k\audio/fold10/162134-7-1-0.wav,7,jackhammer,10,"[2, 4, 7]"
167464-0-0-24,/tmp\sound_datasets\urbansound8k\audio/fold10/167464-0-0-24.wav,0,air_conditioner,10,"[2, 5, 0]"
14470-2-0-56,/tmp\sound_datasets\urbansound8k\audio/fold10/14470-2-0-56.wav,2,children_playing,10,"[0, 0, 2]"
74364-8-1-15,/tmp\sound_datasets\urbansound8k\audio/fold10/74364-8-1-15.wav,8,siren,10,"[1, 3, 8]"
167464-0-0-7,/tmp\sound_datasets\urbansound8k\audio/fold10/167464-0-0-7.wav,0,air_conditioner,10,"[2, 5, 0]"
196086-2-0-0,/tmp\sound_datasets\urbansound8k\audio/fold10/196086-2-0-0.wav,2,children_playing,10,"[0, 0, 2]"
102857-5-0-13,/tmp\sound_datasets\urbansound8k\audio/fold10/102857-5-0-13.wav,5,engine_idling,10,"[1, 2, 5]"
73524-0-0-92,/tmp\sound_datasets\urbansound8k\audio/fold10/73524-0-0-92.wav,0,air_conditioner,10,"[2, 5, 0]"
187110-2-0-27,/tmp\sound_datasets\urbansound8k\audio/fold10/187110-2-0-27.wav,2,children_playing,10,"[0, 0, 2]"
14468-3-0-2,/tmp\sound_datasets\urbansound8k\audio/fold10/14468-3-0-2.wav,3,dog_bark,10,"[0, 1, 3]"
7062-6-0-0,/tmp\sound_datasets\urbansound8k\audio/fold10/7062-6-0-0.wav,6,gun_shot,10,"[2, 6, 6]"
83502-0-0-2,/tmp\sound_datasets\urbansound8k\audio/fold10/83502-0-0-2.wav,0,air_conditioner,10,"[2, 5, 0]"
200786-5-1-3,/tmp\sound_datasets\urbansound8k\audio/fold10/200786-5-1-3.wav,5,engine_idling,10,"[1, 2, 5]"
189982-0-0-33,/tmp\sound_datasets\urbansound8k\audio/fold10/189982-0-0-33.wav,0,air_conditioner,10,"[2, 5, 0]"
41306-3-0-13,/tmp\sound_datasets\urbansound8k\audio/fold10/41306-3-0-13.wav,3,dog_bark,10,"[0, 1, 3]"
189982-0-0-27,/tmp\sound_datasets\urbansound8k\audio/fold10/189982-0-0-27.wav,0,air_conditioner,10,"[2, 5, 0]"
164377-9-1-92,/tmp\sound_datasets\urbansound8k\audio/fold10/164377-9-1-92.wav,9,street_music,10,"[3, 7, 9]"
188813-7-5-0,/tmp\sound_datasets\urbansound8k\audio/fold10/188813-7-5-0.wav,7,jackhammer,10,"[2, 4, 7]"
101382-2-0-42,/tmp\sound_datasets\urbansound8k\audio/fold10/101382-2-0-42.wav,2,children_playing,10,"[0, 0, 2]"
22973-3-0-0,/tmp\sound_datasets\urbansound8k\audio/fold10/22973-3-0-0.wav,3,dog_bark,10,"[0, 1, 3]"
178261-7-3-6,/tmp\sound_datasets\urbansound8k\audio/fold10/178261-7-3-6.wav,7,jackhammer,10,"[2, 4, 7]"
74922-4-0-6,/tmp\sound_datasets\urbansound8k\audio/fold10/74922-4-0-6.wav,4,drilling,10,"[2, 4, 4]"
178261-7-3-2,/tmp\sound_datasets\urbansound8k\audio/fold10/178261-7-3-2.wav,7,jackhammer,10,"[2, 4, 7]"
74922-4-0-2,/tmp\sound_datasets\urbansound8k\audio/fold10/74922-4-0-2.wav,4,drilling,10,"[2, 4, 4]"
118558-5-1-2,/tmp\sound_datasets\urbansound8k\audio/fold10/118558-5-1-2.wav,5,engine_idling,10,"[1, 2, 5]"
178261-7-1-0,/tmp\sound_datasets\urbansound8k\audio/fold10/178261-7-1-0.wav,7,jackhammer,10,"[2, 4, 7]"
189982-0-0-23,/tmp\sound_datasets\urbansound8k\audio/fold10/189982-0-0-23.wav,0,air_conditioner,10,"[2, 5, 0]"
15544-5-0-18,/tmp\sound_datasets\urbansound8k\audio/fold10/15544-5-0-18.wav,5,engine_idling,10,"[1, 2, 5]"
188497-2-0-1,/tmp\sound_datasets\urbansound8k\audio/fold10/188497-2-0-1.wav,2,children_playing,10,"[0, 0, 2]"
118278-4-0-9,/tmp\sound_datasets\urbansound8k\audio/fold10/118278-4-0-9.wav,4,drilling,10,"[2, 4, 4]"
162134-7-5-0,/tmp\sound_datasets\urbansound8k\audio/fold10/162134-7-5-0.wav,7,jackhammer,10,"[2, 4, 7]"
172519-9-0-67,/tmp\sound_datasets\urbansound8k\audio/fold10/172519-9-0-67.wav,9,street_music,10,"[3, 7, 9]"
209672-3-6-0,/tmp\sound_datasets\urbansound8k\audio/fold10/209672-3-6-0.wav,3,dog_bark,10,"[0, 1, 3]"
97756-3-0-0,/tmp\sound_datasets\urbansound8k\audio/fold10/97756-3-0-0.wav,3,dog_bark,10,"[0, 1, 3]"
83502-0-0-6,/tmp\sound_datasets\urbansound8k\audio/fold10/83502-0-0-6.wav,0,air_conditioner,10,"[2, 5, 0]"
11722-3-1-0,/tmp\sound_datasets\urbansound8k\audio/fold10/11722-3-1-0.wav,3,dog_bark,10,"[0, 1, 3]"
167464-0-0-3,/tmp\sound_datasets\urbansound8k\audio/fold10/167464-0-0-3.wav,0,air_conditioner,10,"[2, 5, 0]"
74364-8-1-11,/tmp\sound_datasets\urbansound8k\audio/fold10/74364-8-1-11.wav,8,siren,10,"[1, 3, 8]"
171478-9-0-57,/tmp\sound_datasets\urbansound8k\audio/fold10/171478-9-0-57.wav,9,street_music,10,"[3, 7, 9]"
102857-5-0-17,/tmp\sound_datasets\urbansound8k\audio/fold10/102857-5-0-17.wav,5,engine_idling,10,"[1, 2, 5]"
164194-2-0-24,/tmp\sound_datasets\urbansound8k\audio/fold10/164194-2-0-24.wav,2,children_playing,10,"[0, 0, 2]"
164194-2-0-18,/tmp\sound_datasets\urbansound8k\audio/fold10/164194-2-0-18.wav,2,children_playing,10,"[0, 0, 2]"
188813-7-1-0,/tmp\sound_datasets\urbansound8k\audio/fold10/188813-7-1-0.wav,7,jackhammer,10,"[2, 4, 7]"
180127-4-0-9,/tmp\sound_datasets\urbansound8k\audio/fold10/180127-4-0-9.wav,4,drilling,10,"[2, 4, 4]"
15544-5-0-0,/tmp\sound_datasets\urbansound8k\audio/fold10/15544-5-0-0.wav,5,engine_idling,10,"[1, 2, 5]"
167464-0-0-20,/tmp\sound_datasets\urbansound8k\audio/fold10/167464-0-0-20.wav,0,air_conditioner,10,"[2, 5, 0]"
27070-2-0-5,/tmp\sound_datasets\urbansound8k\audio/fold10/27070-2-0-5.wav,2,children_playing,10,"[0, 0, 2]"
27070-2-0-4,/tmp\sound_datasets\urbansound8k\audio/fold10/27070-2-0-4.wav,2,children_playing,10,"[0, 0, 2]"
167464-0-0-21,/tmp\sound_datasets\urbansound8k\audio/fold10/167464-0-0-21.wav,0,air_conditioner,10,"[2, 5, 0]"
15544-5-0-1,/tmp\sound_datasets\urbansound8k\audio/fold10/15544-5-0-1.wav,5,engine_idling,10,"[1, 2, 5]"
171478-9-0-4,/tmp\sound_datasets\urbansound8k\audio/fold10/171478-9-0-4.wav,9,street_music,10,"[3, 7, 9]"
180127-4-0-8,/tmp\sound_datasets\urbansound8k\audio/fold10/180127-4-0-8.wav,4,drilling,10,"[2, 4, 4]"
128240-3-0-20,/tmp\sound_datasets\urbansound8k\audio/fold10/128240-3-0-20.wav,3,dog_bark,10,"[0, 1, 3]"
102857-5-0-16,/tmp\sound_datasets\urbansound8k\audio/fold10/102857-5-0-16.wav,5,engine_idling,10,"[1, 2, 5]"
73524-0-0-54,/tmp\sound_datasets\urbansound8k\audio/fold10/73524-0-0-54.wav,0,air_conditioner,10,"[2, 5, 0]"
74364-8-1-10,/tmp\sound_datasets\urbansound8k\audio/fold10/74364-8-1-10.wav,8,siren,10,"[1, 3, 8]"
167464-0-0-2,/tmp\sound_datasets\urbansound8k\audio/fold10/167464-0-0-2.wav,0,air_conditioner,10,"[2, 5, 0]"
83502-0-0-7,/tmp\sound_datasets\urbansound8k\audio/fold10/83502-0-0-7.wav,0,air_conditioner,10,"[2, 5, 0]"
165640-4-0-2,/tmp\sound_datasets\urbansound8k\audio/fold10/165640-4-0-2.wav,4,drilling,10,"[2, 4, 4]"
117889-9-0-36,/tmp\sound_datasets\urbansound8k\audio/fold10/117889-9-0-36.wav,9,street_music,10,"[3, 7, 9]"
208652-8-4-0,/tmp\sound_datasets\urbansound8k\audio/fold10/208652-8-4-0.wav,8,siren,10,"[1, 3, 8]"
118278-4-0-8,/tmp\sound_datasets\urbansound8k\audio/fold10/118278-4-0-8.wav,4,drilling,10,"[2, 4, 4]"
179868-1-0-0,/tmp\sound_datasets\urbansound8k\audio/fold10/179868-1-0-0.wav,1,car_horn,10,"[1, 2, 1]"
188497-2-0-0,/tmp\sound_datasets\urbansound8k\audio/fold10/188497-2-0-0.wav,2,children_playing,10,"[0, 0, 2]"
15544-5-0-19,/tmp\sound_datasets\urbansound8k\audio/fold10/15544-5-0-19.wav,5,engine_idling,10,"[1, 2, 5]"
189982-0-0-36,/tmp\sound_datasets\urbansound8k\audio/fold10/189982-0-0-36.wav,0,air_conditioner,10,"[2, 5, 0]"
88121-8-1-0,/tmp\sound_datasets\urbansound8k\audio/fold10/88121-8-1-0.wav,8,siren,10,"[1, 3, 8]"
85574-3-0-0,/tmp\sound_datasets\urbansound8k\audio/fold10/85574-3-0-0.wav,3,dog_bark,10,"[0, 1, 3]"
74922-4-0-3,/tmp\sound_datasets\urbansound8k\audio/fold10/74922-4-0-3.wav,4,drilling,10,"[2, 4, 4]"
178261-7-3-3,/tmp\sound_datasets\urbansound8k\audio/fold10/178261-7-3-3.wav,7,jackhammer,10,"[2, 4, 7]"
178261-7-3-1,/tmp\sound_datasets\urbansound8k\audio/fold10/178261-7-3-1.wav,7,jackhammer,10,"[2, 4, 7]"
74922-4-0-1,/tmp\sound_datasets\urbansound8k\audio/fold10/74922-4-0-1.wav,4,drilling,10,"[2, 4, 4]"
118558-5-1-1,/tmp\sound_datasets\urbansound8k\audio/fold10/118558-5-1-1.wav,5,engine_idling,10,"[1, 2, 5]"
162134-7-7-1,/tmp\sound_datasets\urbansound8k\audio/fold10/162134-7-7-1.wav,7,jackhammer,10,"[2, 4, 7]"
157207-6-8-0,/tmp\sound_datasets\urbansound8k\audio/fold10/157207-6-8-0.wav,6,gun_shot,10,"[2, 6, 6]"
83191-9-0-17,/tmp\sound_datasets\urbansound8k\audio/fold10/83191-9-0-17.wav,9,street_music,10,"[3, 7, 9]"
101382-2-0-45,/tmp\sound_datasets\urbansound8k\audio/fold10/101382-2-0-45.wav,2,children_playing,10,"[0, 0, 2]"
69661-3-0-14,/tmp\sound_datasets\urbansound8k\audio/fold10/69661-3-0-14.wav,3,dog_bark,10,"[0, 1, 3]"
208652-8-6-0,/tmp\sound_datasets\urbansound8k\audio/fold10/208652-8-6-0.wav,8,siren,10,"[1, 3, 8]"
28808-1-0-8,/tmp\sound_datasets\urbansound8k\audio/fold10/28808-1-0-8.wav,1,car_horn,10,"[1, 2, 1]"
85574-3-0-2,/tmp\sound_datasets\urbansound8k\audio/fold10/85574-3-0-2.wav,3,dog_bark,10,"[0, 1, 3]"
189982-0-0-20,/tmp\sound_datasets\urbansound8k\audio/fold10/189982-0-0-20.wav,0,air_conditioner,10,"[2, 5, 0]"
93567-8-0-9,/tmp\sound_datasets\urbansound8k\audio/fold10/93567-8-0-9.wav,8,siren,10,"[1, 3, 8]"
188497-2-0-2,/tmp\sound_datasets\urbansound8k\audio/fold10/188497-2-0-2.wav,2,children_playing,10,"[0, 0, 2]"
172519-9-0-8,/tmp\sound_datasets\urbansound8k\audio/fold10/172519-9-0-8.wav,9,street_music,10,"[3, 7, 9]"
200786-5-1-4,/tmp\sound_datasets\urbansound8k\audio/fold10/200786-5-1-4.wav,5,engine_idling,10,"[1, 2, 5]"
164377-9-1-3,/tmp\sound_datasets\urbansound8k\audio/fold10/164377-9-1-3.wav,9,street_music,10,"[3, 7, 9]"
142641-3-0-0,/tmp\sound_datasets\urbansound8k\audio/fold10/142641-3-0-0.wav,3,dog_bark,10,"[0, 1, 3]"
100648-1-4-0,/tmp\sound_datasets\urbansound8k\audio/fold10/100648-1-4-0.wav,1,car_horn,10,"[1, 2, 1]"
195063-4-1-0,/tmp\sound_datasets\urbansound8k\audio/fold10/195063-4-1-0.wav,4,drilling,10,"[2, 4, 4]"
117889-9-0-20,/tmp\sound_datasets\urbansound8k\audio/fold10/117889-9-0-20.wav,9,street_music,10,"[3, 7, 9]"
165640-4-0-0,/tmp\sound_datasets\urbansound8k\audio/fold10/165640-4-0-0.wav,4,drilling,10,"[2, 4, 4]"
83502-0-0-5,/tmp\sound_datasets\urbansound8k\audio/fold10/83502-0-0-5.wav,0,air_conditioner,10,"[2, 5, 0]"
187110-2-0-34,/tmp\sound_datasets\urbansound8k\audio/fold10/187110-2-0-34.wav,2,children_playing,10,"[0, 0, 2]"
102857-5-0-28,/tmp\sound_datasets\urbansound8k\audio/fold10/102857-5-0-28.wav,5,engine_idling,10,"[1, 2, 5]"
167464-0-0-0,/tmp\sound_datasets\urbansound8k\audio/fold10/167464-0-0-0.wav,0,air_conditioner,10,"[2, 5, 0]"
74364-8-1-12,/tmp\sound_datasets\urbansound8k\audio/fold10/74364-8-1-12.wav,8,siren,10,"[1, 3, 8]"
102857-5-0-8,/tmp\sound_datasets\urbansound8k\audio/fold10/102857-5-0-8.wav,5,engine_idling,10,"[1, 2, 5]"
39847-5-0-8,/tmp\sound_datasets\urbansound8k\audio/fold10/39847-5-0-8.wav,5,engine_idling,10,"[1, 2, 5]"
102857-5-0-14,/tmp\sound_datasets\urbansound8k\audio/fold10/102857-5-0-14.wav,5,engine_idling,10,"[1, 2, 5]"
15544-5-0-3,/tmp\sound_datasets\urbansound8k\audio/fold10/15544-5-0-3.wav,5,engine_idling,10,"[1, 2, 5]"
155262-2-0-15,/tmp\sound_datasets\urbansound8k\audio/fold10/155262-2-0-15.wav,2,children_playing,10,"[0, 0, 2]"
164377-9-0-16,/tmp\sound_datasets\urbansound8k\audio/fold10/164377-9-0-16.wav,9,street_music,10,"[3, 7, 9]"
99192-4-0-20,/tmp\sound_datasets\urbansound8k\audio/fold10/99192-4-0-20.wav,4,drilling,10,"[2, 4, 4]"
181624-4-8-0,/tmp\sound_datasets\urbansound8k\audio/fold10/181624-4-8-0.wav,4,drilling,10,"[2, 4, 4]"
81791-3-0-1,/tmp\sound_datasets\urbansound8k\audio/fold10/81791-3-0-1.wav,3,dog_bark,10,"[0, 1, 3]"
167464-0-0-23,/tmp\sound_datasets\urbansound8k\audio/fold10/167464-0-0-23.wav,0,air_conditioner,10,"[2, 5, 0]"
73524-0-0-8,/tmp\sound_datasets\urbansound8k\audio/fold10/73524-0-0-8.wav,0,air_conditioner,10,"[2, 5, 0]"
167464-0-0-22,/tmp\sound_datasets\urbansound8k\audio/fold10/167464-0-0-22.wav,0,air_conditioner,10,"[2, 5, 0]"
27070-2-0-7,/tmp\sound_datasets\urbansound8k\audio/fold10/27070-2-0-7.wav,2,children_playing,10,"[0, 0, 2]"
81791-3-0-0,/tmp\sound_datasets\urbansound8k\audio/fold10/81791-3-0-0.wav,3,dog_bark,10,"[0, 1, 3]"
15544-5-0-2,/tmp\sound_datasets\urbansound8k\audio/fold10/15544-5-0-2.wav,5,engine_idling,10,"[1, 2, 5]"
164194-2-0-26,/tmp\sound_datasets\urbansound8k\audio/fold10/164194-2-0-26.wav,2,children_playing,10,"[0, 0, 2]"
102857-5-0-15,/tmp\sound_datasets\urbansound8k\audio/fold10/102857-5-0-15.wav,5,engine_idling,10,"[1, 2, 5]"
74364-8-1-13,/tmp\sound_datasets\urbansound8k\audio/fold10/74364-8-1-13.wav,8,siren,10,"[1, 3, 8]"
167464-0-0-1,/tmp\sound_datasets\urbansound8k\audio/fold10/167464-0-0-1.wav,0,air_conditioner,10,"[2, 5, 0]"
39847-5-0-9,/tmp\sound_datasets\urbansound8k\audio/fold10/39847-5-0-9.wav,5,engine_idling,10,"[1, 2, 5]"
102857-5-0-9,/tmp\sound_datasets\urbansound8k\audio/fold10/102857-5-0-9.wav,5,engine_idling,10,"[1, 2, 5]"
171478-9-0-55,/tmp\sound_datasets\urbansound8k\audio/fold10/171478-9-0-55.wav,9,street_music,10,"[3, 7, 9]"
102857-5-0-29,/tmp\sound_datasets\urbansound8k\audio/fold10/102857-5-0-29.wav,5,engine_idling,10,"[1, 2, 5]"
83502-0-0-4,/tmp\sound_datasets\urbansound8k\audio/fold10/83502-0-0-4.wav,0,air_conditioner,10,"[2, 5, 0]"
165640-4-0-1,/tmp\sound_datasets\urbansound8k\audio/fold10/165640-4-0-1.wav,4,drilling,10,"[2, 4, 4]"
188813-7-3-0,/tmp\sound_datasets\urbansound8k\audio/fold10/188813-7-3-0.wav,7,jackhammer,10,"[2, 4, 7]"
115241-9-0-6,/tmp\sound_datasets\urbansound8k\audio/fold10/115241-9-0-6.wav,9,street_music,10,"[3, 7, 9]"
164377-9-1-43,/tmp\sound_datasets\urbansound8k\audio/fold10/164377-9-1-43.wav,9,street_music,10,"[3, 7, 9]"
200786-5-1-5,/tmp\sound_datasets\urbansound8k\audio/fold10/200786-5-1-5.wav,5,engine_idling,10,"[1, 2, 5]"
93567-8-0-8,/tmp\sound_datasets\urbansound8k\audio/fold10/93567-8-0-8.wav,8,siren,10,"[1, 3, 8]"
189982-0-0-35,/tmp\sound_datasets\urbansound8k\audio/fold10/189982-0-0-35.wav,0,air_conditioner,10,"[2, 5, 0]"
28808-1-0-9,/tmp\sound_datasets\urbansound8k\audio/fold10/28808-1-0-9.wav,1,car_horn,10,"[1, 2, 1]"
69661-3-0-29,/tmp\sound_datasets\urbansound8k\audio/fold10/69661-3-0-29.wav,3,dog_bark,10,"[0, 1, 3]"
118558-5-1-0,/tmp\sound_datasets\urbansound8k\audio/fold10/118558-5-1-0.wav,5,engine_idling,10,"[1, 2, 5]"
162134-7-7-0,/tmp\sound_datasets\urbansound8k\audio/fold10/162134-7-7-0.wav,7,jackhammer,10,"[2, 4, 7]"
74922-4-0-0,/tmp\sound_datasets\urbansound8k\audio/fold10/74922-4-0-0.wav,4,drilling,10,"[2, 4, 4]"
178261-7-3-0,/tmp\sound_datasets\urbansound8k\audio/fold10/178261-7-3-0.wav,7,jackhammer,10,"[2, 4, 7]"
128470-3-0-8,/tmp\sound_datasets\urbansound8k\audio/fold10/128470-3-0-8.wav,3,dog_bark,10,"[0, 1, 3]"
74364-8-1-3,/tmp\sound_datasets\urbansound8k\audio/fold10/74364-8-1-3.wav,8,siren,10,"[1, 3, 8]"
162134-7-0-1,/tmp\sound_datasets\urbansound8k\audio/fold10/162134-7-0-1.wav,7,jackhammer,10,"[2, 4, 7]"
26255-3-6-0,/tmp\sound_datasets\urbansound8k\audio/fold10/26255-3-6-0.wav,3,dog_bark,10,"[0, 1, 3]"
99192-4-0-3,/tmp\sound_datasets\urbansound8k\audio/fold10/99192-4-0-3.wav,4,drilling,10,"[2, 4, 4]"
203424-9-0-15,/tmp\sound_datasets\urbansound8k\audio/fold10/203424-9-0-15.wav,9,street_music,10,"[3, 7, 9]"
100648-1-3-0,/tmp\sound_datasets\urbansound8k\audio/fold10/100648-1-3-0.wav,1,car_horn,10,"[1, 2, 1]"
197554-2-0-74,/tmp\sound_datasets\urbansound8k\audio/fold10/197554-2-0-74.wav,2,children_playing,10,"[0, 0, 2]"
197554-2-0-60,/tmp\sound_datasets\urbansound8k\audio/fold10/197554-2-0-60.wav,2,children_playing,10,"[0, 0, 2]"
93567-8-0-17,/tmp\sound_datasets\urbansound8k\audio/fold10/93567-8-0-17.wav,8,siren,10,"[1, 3, 8]"
73524-0-0-101,/tmp\sound_datasets\urbansound8k\audio/fold10/73524-0-0-101.wav,0,air_conditioner,10,"[2, 5, 0]"
155241-9-0-88,/tmp\sound_datasets\urbansound8k\audio/fold10/155241-9-0-88.wav,9,street_music,10,"[3, 7, 9]"
159742-8-0-8,/tmp\sound_datasets\urbansound8k\audio/fold10/159742-8-0-8.wav,8,siren,10,"[1, 3, 8]"
165166-8-0-1,/tmp\sound_datasets\urbansound8k\audio/fold10/165166-8-0-1.wav,8,siren,10,"[1, 3, 8]"
73524-0-0-30,/tmp\sound_datasets\urbansound8k\audio/fold10/73524-0-0-30.wav,0,air_conditioner,10,"[2, 5, 0]"
147491-9-0-0,/tmp\sound_datasets\urbansound8k\audio/fold10/147491-9-0-0.wav,9,street_music,10,"[3, 7, 9]"
171478-9-0-26,/tmp\sound_datasets\urbansound8k\audio/fold10/171478-9-0-26.wav,9,street_music,10,"[3, 7, 9]"
188497-2-0-17,/tmp\sound_datasets\urbansound8k\audio/fold10/188497-2-0-17.wav,2,children_playing,10,"[0, 0, 2]"
99192-4-0-52,/tmp\sound_datasets\urbansound8k\audio/fold10/99192-4-0-52.wav,4,drilling,10,"[2, 4, 4]"
99192-4-0-47,/tmp\sound_datasets\urbansound8k\audio/fold10/99192-4-0-47.wav,4,drilling,10,"[2, 4, 4]"
99192-4-0-53,/tmp\sound_datasets\urbansound8k\audio/fold10/99192-4-0-53.wav,4,drilling,10,"[2, 4, 4]"
175842-1-0-0,/tmp\sound_datasets\urbansound8k\audio/fold10/175842-1-0-0.wav,1,car_horn,10,"[1, 2, 1]"
73524-0-0-31,/tmp\sound_datasets\urbansound8k\audio/fold10/73524-0-0-31.wav,0,air_conditioner,10,"[2, 5, 0]"
178826-2-0-12,/tmp\sound_datasets\urbansound8k\audio/fold10/178826-2-0-12.wav,2,children_playing,10,"[0, 0, 2]"
72538-3-0-4,/tmp\sound_datasets\urbansound8k\audio/fold10/72538-3-0-4.wav,3,dog_bark,10,"[0, 1, 3]"
165166-8-0-0,/tmp\sound_datasets\urbansound8k\audio/fold10/165166-8-0-0.wav,8,siren,10,"[1, 3, 8]"
159742-8-0-9,/tmp\sound_datasets\urbansound8k\audio/fold10/159742-8-0-9.wav,8,siren,10,"[1, 3, 8]"
93567-8-0-16,/tmp\sound_datasets\urbansound8k\audio/fold10/93567-8-0-16.wav,8,siren,10,"[1, 3, 8]"
73524-0-0-114,/tmp\sound_datasets\urbansound8k\audio/fold10/73524-0-0-114.wav,0,air_conditioner,10,"[2, 5, 0]"
188813-7-4-0,/tmp\sound_datasets\urbansound8k\audio/fold10/188813-7-4-0.wav,7,jackhammer,10,"[2, 4, 7]"
73524-0-0-128,/tmp\sound_datasets\urbansound8k\audio/fold10/73524-0-0-128.wav,0,air_conditioner,10,"[2, 5, 0]"
174289-6-1-0,/tmp\sound_datasets\urbansound8k\audio/fold10/174289-6-1-0.wav,6,gun_shot,10,"[2, 6, 6]"
162134-7-0-0,/tmp\sound_datasets\urbansound8k\audio/fold10/162134-7-0-0.wav,7,jackhammer,10,"[2, 4, 7]"
209672-3-3-0,/tmp\sound_datasets\urbansound8k\audio/fold10/209672-3-3-0.wav,3,dog_bark,10,"[0, 1, 3]"
74364-8-1-2,/tmp\sound_datasets\urbansound8k\audio/fold10/74364-8-1-2.wav,8,siren,10,"[1, 3, 8]"
164646-6-0-0,/tmp\sound_datasets\urbansound8k\audio/fold10/164646-6-0-0.wav,6,gun_shot,10,"[2, 6, 6]"
74364-8-1-0,/tmp\sound_datasets\urbansound8k\audio/fold10/74364-8-1-0.wav,8,siren,10,"[1, 3, 8]"
163459-3-0-0,/tmp\sound_datasets\urbansound8k\audio/fold10/163459-3-0-0.wav,3,dog_bark,10,"[0, 1, 3]"
99192-4-0-0,/tmp\sound_datasets\urbansound8k\audio/fold10/99192-4-0-0.wav,4,drilling,10,"[2, 4, 4]"
101382-2-0-20,/tmp\sound_datasets\urbansound8k\audio/fold10/101382-2-0-20.wav,2,children_playing,10,"[0, 0, 2]"
162134-7-0-2,/tmp\sound_datasets\urbansound8k\audio/fold10/162134-7-0-2.wav,7,jackhammer,10,"[2, 4, 7]"
180127-4-0-18,/tmp\sound_datasets\urbansound8k\audio/fold10/180127-4-0-18.wav,4,drilling,10,"[2, 4, 4]"
14468-3-1-0,/tmp\sound_datasets\urbansound8k\audio/fold10/14468-3-1-0.wav,3,dog_bark,10,"[0, 1, 3]"
189982-0-0-45,/tmp\sound_datasets\urbansound8k\audio/fold10/189982-0-0-45.wav,0,air_conditioner,10,"[2, 5, 0]"
174289-6-3-0,/tmp\sound_datasets\urbansound8k\audio/fold10/174289-6-3-0.wav,6,gun_shot,10,"[2, 6, 6]"
162134-7-2-0,/tmp\sound_datasets\urbansound8k\audio/fold10/162134-7-2-0.wav,7,jackhammer,10,"[2, 4, 7]"
20571-3-0-0,/tmp\sound_datasets\urbansound8k\audio/fold10/20571-3-0-0.wav,3,dog_bark,10,"[0, 1, 3]"
136558-9-1-26,/tmp\sound_datasets\urbansound8k\audio/fold10/136558-9-1-26.wav,9,street_music,10,"[3, 7, 9]"
51024-3-0-16,/tmp\sound_datasets\urbansound8k\audio/fold10/51024-3-0-16.wav,3,dog_bark,10,"[0, 1, 3]"
93567-8-0-14,/tmp\sound_datasets\urbansound8k\audio/fold10/93567-8-0-14.wav,8,siren,10,"[1, 3, 8]"
165166-8-0-2,/tmp\sound_datasets\urbansound8k\audio/fold10/165166-8-0-2.wav,8,siren,10,"[1, 3, 8]"
178826-2-0-10,/tmp\sound_datasets\urbansound8k\audio/fold10/178826-2-0-10.wav,2,children_playing,10,"[0, 0, 2]"
83195-9-0-6,/tmp\sound_datasets\urbansound8k\audio/fold10/83195-9-0-6.wav,9,street_music,10,"[3, 7, 9]"
188813-7-6-0,/tmp\sound_datasets\urbansound8k\audio/fold10/188813-7-6-0.wav,7,jackhammer,10,"[2, 4, 7]"
84249-9-0-10,/tmp\sound_datasets\urbansound8k\audio/fold10/84249-9-0-10.wav,9,street_music,10,"[3, 7, 9]"
155262-2-0-58,/tmp\sound_datasets\urbansound8k\audio/fold10/155262-2-0-58.wav,2,children_playing,10,"[0, 0, 2]"
128240-3-0-1,/tmp\sound_datasets\urbansound8k\audio/fold10/128240-3-0-1.wav,3,dog_bark,10,"[0, 1, 3]"
84249-9-0-11,/tmp\sound_datasets\urbansound8k\audio/fold10/84249-9-0-11.wav,9,street_music,10,"[3, 7, 9]"
84249-9-0-3,/tmp\sound_datasets\urbansound8k\audio/fold10/84249-9-0-3.wav,9,street_music,10,"[3, 7, 9]"
14470-2-0-21,/tmp\sound_datasets\urbansound8k\audio/fold10/14470-2-0-21.wav,2,children_playing,10,"[0, 0, 2]"
73524-0-0-32,/tmp\sound_datasets\urbansound8k\audio/fold10/73524-0-0-32.wav,0,air_conditioner,10,"[2, 5, 0]"
83195-9-0-7,/tmp\sound_datasets\urbansound8k\audio/fold10/83195-9-0-7.wav,9,street_music,10,"[3, 7, 9]"
200786-5-0-0,/tmp\sound_datasets\urbansound8k\audio/fold10/200786-5-0-0.wav,5,engine_idling,10,"[1, 2, 5]"
202334-9-0-88,/tmp\sound_datasets\urbansound8k\audio/fold10/202334-9-0-88.wav,9,street_music,10,"[3, 7, 9]"
115241-9-0-14,/tmp\sound_datasets\urbansound8k\audio/fold10/115241-9-0-14.wav,9,street_music,10,"[3, 7, 9]"
165166-8-0-3,/tmp\sound_datasets\urbansound8k\audio/fold10/165166-8-0-3.wav,8,siren,10,"[1, 3, 8]"
178826-2-0-39,/tmp\sound_datasets\urbansound8k\audio/fold10/178826-2-0-39.wav,2,children_playing,10,"[0, 0, 2]"
93567-8-0-15,/tmp\sound_datasets\urbansound8k\audio/fold10/93567-8-0-15.wav,8,siren,10,"[1, 3, 8]"
14470-2-0-4,/tmp\sound_datasets\urbansound8k\audio/fold10/14470-2-0-4.wav,2,children_playing,10,"[0, 0, 2]"
202334-9-0-63,/tmp\sound_datasets\urbansound8k\audio/fold10/202334-9-0-63.wav,9,street_music,10,"[3, 7, 9]"
147491-9-2-10,/tmp\sound_datasets\urbansound8k\audio/fold10/147491-9-2-10.wav,9,street_music,10,"[3, 7, 9]"
189982-0-0-44,/tmp\sound_datasets\urbansound8k\audio/fold10/189982-0-0-44.wav,0,air_conditioner,10,"[2, 5, 0]"
180127-4-0-19,/tmp\sound_datasets\urbansound8k\audio/fold10/180127-4-0-19.wav,4,drilling,10,"[2, 4, 4]"
17124-1-0-0,/tmp\sound_datasets\urbansound8k\audio/fold10/17124-1-0-0.wav,1,car_horn,10,"[1, 2, 1]"
99192-4-0-1,/tmp\sound_datasets\urbansound8k\audio/fold10/99192-4-0-1.wav,4,drilling,10,"[2, 4, 4]"
101382-2-0-21,/tmp\sound_datasets\urbansound8k\audio/fold10/101382-2-0-21.wav,2,children_playing,10,"[0, 0, 2]"
74364-8-1-1,/tmp\sound_datasets\urbansound8k\audio/fold10/74364-8-1-1.wav,8,siren,10,"[1, 3, 8]"
100648-1-1-0,/tmp\sound_datasets\urbansound8k\audio/fold10/100648-1-1-0.wav,1,car_horn,10,"[1, 2, 1]"
74364-8-1-5,/tmp\sound_datasets\urbansound8k\audio/fold10/74364-8-1-5.wav,8,siren,10,"[1, 3, 8]"
181624-4-9-0,/tmp\sound_datasets\urbansound8k\audio/fold10/181624-4-9-0.wav,4,drilling,10,"[2, 4, 4]"
180127-4-0-21,/tmp\sound_datasets\urbansound8k\audio/fold10/180127-4-0-21.wav,4,drilling,10,"[2, 4, 4]"
172519-9-0-10,/tmp\sound_datasets\urbansound8k\audio/fold10/172519-9-0-10.wav,9,street_music,10,"[3, 7, 9]"
164377-9-1-36,/tmp\sound_datasets\urbansound8k\audio/fold10/164377-9-1-36.wav,9,street_music,10,"[3, 7, 9]"
117889-9-0-40,/tmp\sound_datasets\urbansound8k\audio/fold10/117889-9-0-40.wav,9,street_music,10,"[3, 7, 9]"
88121-8-0-2,/tmp\sound_datasets\urbansound8k\audio/fold10/88121-8-0-2.wav,8,siren,10,"[1, 3, 8]"
93567-8-0-11,/tmp\sound_datasets\urbansound8k\audio/fold10/93567-8-0-11.wav,8,siren,10,"[1, 3, 8]"
73524-0-0-113,/tmp\sound_datasets\urbansound8k\audio/fold10/73524-0-0-113.wav,0,air_conditioner,10,"[2, 5, 0]"
118558-5-2-3,/tmp\sound_datasets\urbansound8k\audio/fold10/118558-5-2-3.wav,5,engine_idling,10,"[1, 2, 5]"
188497-2-0-11,/tmp\sound_datasets\urbansound8k\audio/fold10/188497-2-0-11.wav,2,children_playing,10,"[0, 0, 2]"
83195-9-0-3,/tmp\sound_datasets\urbansound8k\audio/fold10/83195-9-0-3.wav,9,street_music,10,"[3, 7, 9]"
165166-8-0-7,/tmp\sound_datasets\urbansound8k\audio/fold10/165166-8-0-7.wav,8,siren,10,"[1, 3, 8]"
195063-4-0-0,/tmp\sound_datasets\urbansound8k\audio/fold10/195063-4-0-0.wav,4,drilling,10,"[2, 4, 4]"
175850-1-0-0,/tmp\sound_datasets\urbansound8k\audio/fold10/175850-1-0-0.wav,1,car_horn,10,"[1, 2, 1]"
72538-3-0-3,/tmp\sound_datasets\urbansound8k\audio/fold10/72538-3-0-3.wav,3,dog_bark,10,"[0, 1, 3]"
128240-3-0-42,/tmp\sound_datasets\urbansound8k\audio/fold10/128240-3-0-42.wav,3,dog_bark,10,"[0, 1, 3]"
88121-8-2-0,/tmp\sound_datasets\urbansound8k\audio/fold10/88121-8-2-0.wav,8,siren,10,"[1, 3, 8]"
84249-9-0-7,/tmp\sound_datasets\urbansound8k\audio/fold10/84249-9-0-7.wav,9,street_music,10,"[3, 7, 9]"
118558-5-0-1,/tmp\sound_datasets\urbansound8k\audio/fold10/118558-5-0-1.wav,5,engine_idling,10,"[1, 2, 5]"
99192-4-0-40,/tmp\sound_datasets\urbansound8k\audio/fold10/99192-4-0-40.wav,4,drilling,10,"[2, 4, 4]"
26255-3-0-0,/tmp\sound_datasets\urbansound8k\audio/fold10/26255-3-0-0.wav,3,dog_bark,10,"[0, 1, 3]"
99192-4-0-54,/tmp\sound_datasets\urbansound8k\audio/fold10/99192-4-0-54.wav,4,drilling,10,"[2, 4, 4]"
157207-6-9-0,/tmp\sound_datasets\urbansound8k\audio/fold10/157207-6-9-0.wav,6,gun_shot,10,"[2, 6, 6]"
155262-2-0-48,/tmp\sound_datasets\urbansound8k\audio/fold10/155262-2-0-48.wav,2,children_playing,10,"[0, 0, 2]"
99192-4-0-55,/tmp\sound_datasets\urbansound8k\audio/fold10/99192-4-0-55.wav,4,drilling,10,"[2, 4, 4]"
162134-7-6-0,/tmp\sound_datasets\urbansound8k\audio/fold10/162134-7-6-0.wav,7,jackhammer,10,"[2, 4, 7]"
99192-4-0-41,/tmp\sound_datasets\urbansound8k\audio/fold10/99192-4-0-41.wav,4,drilling,10,"[2, 4, 4]"
118558-5-0-0,/tmp\sound_datasets\urbansound8k\audio/fold10/118558-5-0-0.wav,5,engine_idling,10,"[1, 2, 5]"
14468-3-5-0,/tmp\sound_datasets\urbansound8k\audio/fold10/14468-3-5-0.wav,3,dog_bark,10,"[0, 1, 3]"
84249-9-0-6,/tmp\sound_datasets\urbansound8k\audio/fold10/84249-9-0-6.wav,9,street_music,10,"[3, 7, 9]"
178261-7-2-0,/tmp\sound_datasets\urbansound8k\audio/fold10/178261-7-2-0.wav,7,jackhammer,10,"[2, 4, 7]"
165166-8-0-6,/tmp\sound_datasets\urbansound8k\audio/fold10/165166-8-0-6.wav,8,siren,10,"[1, 3, 8]"
178826-2-0-28,/tmp\sound_datasets\urbansound8k\audio/fold10/178826-2-0-28.wav,2,children_playing,10,"[0, 0, 2]"
83195-9-0-2,/tmp\sound_datasets\urbansound8k\audio/fold10/83195-9-0-2.wav,9,street_music,10,"[3, 7, 9]"
178826-2-0-14,/tmp\sound_datasets\urbansound8k\audio/fold10/178826-2-0-14.wav,2,children_playing,10,"[0, 0, 2]"
118558-5-2-2,/tmp\sound_datasets\urbansound8k\audio/fold10/118558-5-2-2.wav,5,engine_idling,10,"[1, 2, 5]"
73524-0-0-23,/tmp\sound_datasets\urbansound8k\audio/fold10/73524-0-0-23.wav,0,air_conditioner,10,"[2, 5, 0]"
93567-8-0-10,/tmp\sound_datasets\urbansound8k\audio/fold10/93567-8-0-10.wav,8,siren,10,"[1, 3, 8]"
88121-8-0-3,/tmp\sound_datasets\urbansound8k\audio/fold10/88121-8-0-3.wav,8,siren,10,"[1, 3, 8]"
188813-7-2-0,/tmp\sound_datasets\urbansound8k\audio/fold10/188813-7-2-0.wav,7,jackhammer,10,"[2, 4, 7]"
180127-4-0-20,/tmp\sound_datasets\urbansound8k\audio/fold10/180127-4-0-20.wav,4,drilling,10,"[2, 4, 4]"
81791-3-1-0,/tmp\sound_datasets\urbansound8k\audio/fold10/81791-3-1-0.wav,3,dog_bark,10,"[0, 1, 3]"
74364-8-1-4,/tmp\sound_datasets\urbansound8k\audio/fold10/74364-8-1-4.wav,8,siren,10,"[1, 3, 8]"
188813-7-0-0,/tmp\sound_datasets\urbansound8k\audio/fold10/188813-7-0-0.wav,7,jackhammer,10,"[2, 4, 7]"
74364-8-1-6,/tmp\sound_datasets\urbansound8k\audio/fold10/74364-8-1-6.wav,8,siren,10,"[1, 3, 8]"
189982-0-0-43,/tmp\sound_datasets\urbansound8k\audio/fold10/189982-0-0-43.wav,0,air_conditioner,10,"[2, 5, 0]"
11722-3-0-0,/tmp\sound_datasets\urbansound8k\audio/fold10/11722-3-0-0.wav,3,dog_bark,10,"[0, 1, 3]"
172519-9-0-13,/tmp\sound_datasets\urbansound8k\audio/fold10/172519-9-0-13.wav,9,street_music,10,"[3, 7, 9]"
88121-8-0-1,/tmp\sound_datasets\urbansound8k\audio/fold10/88121-8-0-1.wav,8,siren,10,"[1, 3, 8]"
178261-7-0-0,/tmp\sound_datasets\urbansound8k\audio/fold10/178261-7-0-0.wav,7,jackhammer,10,"[2, 4, 7]"
93567-8-0-12,/tmp\sound_datasets\urbansound8k\audio/fold10/93567-8-0-12.wav,8,siren,10,"[1, 3, 8]"
178826-2-0-16,/tmp\sound_datasets\urbansound8k\audio/fold10/178826-2-0-16.wav,2,children_playing,10,"[0, 0, 2]"
162134-7-4-0,/tmp\sound_datasets\urbansound8k\audio/fold10/162134-7-4-0.wav,7,jackhammer,10,"[2, 4, 7]"
147491-9-0-5,/tmp\sound_datasets\urbansound8k\audio/fold10/147491-9-0-5.wav,9,street_music,10,"[3, 7, 9]"
118558-5-2-0,/tmp\sound_datasets\urbansound8k\audio/fold10/118558-5-2-0.wav,5,engine_idling,10,"[1, 2, 5]"
165166-8-0-4,/tmp\sound_datasets\urbansound8k\audio/fold10/165166-8-0-4.wav,8,siren,10,"[1, 3, 8]"
72538-3-0-0,/tmp\sound_datasets\urbansound8k\audio/fold10/72538-3-0-0.wav,3,dog_bark,10,"[0, 1, 3]"
157207-6-10-0,/tmp\sound_datasets\urbansound8k\audio/fold10/157207-6-10-0.wav,6,gun_shot,10,"[2, 6, 6]"
28808-1-0-10,/tmp\sound_datasets\urbansound8k\audio/fold10/28808-1-0-10.wav,1,car_horn,10,"[1, 2, 1]"
118558-5-0-2,/tmp\sound_datasets\urbansound8k\audio/fold10/118558-5-0-2.wav,5,engine_idling,10,"[1, 2, 5]"
99192-4-0-43,/tmp\sound_datasets\urbansound8k\audio/fold10/99192-4-0-43.wav,4,drilling,10,"[2, 4, 4]"
196069-2-0-0,/tmp\sound_datasets\urbansound8k\audio/fold10/196069-2-0-0.wav,2,children_playing,10,"[0, 0, 2]"
147491-9-2-6,/tmp\sound_datasets\urbansound8k\audio/fold10/147491-9-2-6.wav,9,street_music,10,"[3, 7, 9]"
155262-2-0-63,/tmp\sound_datasets\urbansound8k\audio/fold10/155262-2-0-63.wav,2,children_playing,10,"[0, 0, 2]"
138017-9-0-2,/tmp\sound_datasets\urbansound8k\audio/fold10/138017-9-0-2.wav,9,street_music,10,"[3, 7, 9]"
28808-1-0-11,/tmp\sound_datasets\urbansound8k\audio/fold10/28808-1-0-11.wav,1,car_horn,10,"[1, 2, 1]"
205013-6-0-0,/tmp\sound_datasets\urbansound8k\audio/fold10/205013-6-0-0.wav,6,gun_shot,10,"[2, 6, 6]"
72538-3-0-1,/tmp\sound_datasets\urbansound8k\audio/fold10/72538-3-0-1.wav,3,dog_bark,10,"[0, 1, 3]"
165166-8-0-5,/tmp\sound_datasets\urbansound8k\audio/fold10/165166-8-0-5.wav,8,siren,10,"[1, 3, 8]"
118558-5-2-1,/tmp\sound_datasets\urbansound8k\audio/fold10/118558-5-2-1.wav,5,engine_idling,10,"[1, 2, 5]"
178826-2-0-17,/tmp\sound_datasets\urbansound8k\audio/fold10/178826-2-0-17.wav,2,children_playing,10,"[0, 0, 2]"
73524-0-0-105,/tmp\sound_datasets\urbansound8k\audio/fold10/73524-0-0-105.wav,0,air_conditioner,10,"[2, 5, 0]"
136558-9-1-21,/tmp\sound_datasets\urbansound8k\audio/fold10/136558-9-1-21.wav,9,street_music,10,"[3, 7, 9]"
93567-8-0-13,/tmp\sound_datasets\urbansound8k\audio/fold10/93567-8-0-13.wav,8,siren,10,"[1, 3, 8]"
88121-8-0-0,/tmp\sound_datasets\urbansound8k\audio/fold10/88121-8-0-0.wav,8,siren,10,"[1, 3, 8]"
189982-0-0-42,/tmp\sound_datasets\urbansound8k\audio/fold10/189982-0-0-42.wav,0,air_conditioner,10,"[2, 5, 0]"
74364-8-1-7,/tmp\sound_datasets\urbansound8k\audio/fold10/74364-8-1-7.wav,8,siren,10,"[1, 3, 8]"
99192-4-0-7,/tmp\sound_datasets\urbansound8k\audio/fold10/99192-4-0-7.wav,4,drilling,10,"[2, 4, 4]"
101382-2-0-33,/tmp\sound_datasets\urbansound8k\audio/fold10/101382-2-0-33.wav,2,children_playing,10,"[0, 0, 2]"
